Joined server Killing Fever Online hosted on address 135.148.43.158:50000 on Thu Dec 18 11:52:09 2025 GMT
[OOC][Thu Dec 18 11:52:13 2025 GMT] $: 📟MOTD📟
📟MOTD📟 👋Welcome to Killing Fever Online, KFO for short. 💪This server responsible for Attorney Online 2.8.X, 2.9.X and 2.10.0 updates! 📀It's also responsible for the KFO-Server codebase, currently used by Vanilla!
🌐Our website: https://crystalwarrior.github.io/KFO-website 🤖Our discord: http://discord.gg/6jk3bWS 🐙Our github: https://github.com/Crystalwarrior/KFO-Server 

[OOC][Thu Dec 18 11:52:13 2025 GMT] $: 🌍HUB [0] Main INFO🌍
Welcome! This hub is suited for Casing and other familiar activities. If you want to enjoy the hub system, please use /hub to see available hubs.

[OOC][Thu Dec 18 11:52:38 2025 GMT] $: Changed to hub [2] Roleplay 2.
[OOC][Thu Dec 18 11:52:38 2025 GMT] $: Position set to overlook.
[OOC][Thu Dec 18 11:52:38 2025 GMT] $: 🚶Changed to area: [0] Lobby
📃Description: [Horde level: 1. 4 HP. 2 actions.] [You are at Long distance from the door. The zombies are at Medium distance from the survivor... Use /desc to read the rest.
Clients in area:
  ◽ [2] DR2/Sonia Nevermind <overlook>
[OOC][Thu Dec 18 11:52:38 2025 GMT] $: [2] DR2/Sonia Nevermind enters from Hub [0] Main.
[OOC][Thu Dec 18 11:52:43 2025 GMT] $: Ema changed the background to DeadPanicR3.
[Thu Dec 18 11:53:03 2025 GMT] Ike (Ema): SMILES HIIIII
[Thu Dec 18 11:53:05 2025 GMT] Ike (Ema): I am
[Thu Dec 18 11:53:11 2025 GMT] Ike (Ema): Suffering how do you change bgs
[Thu Dec 18 11:53:18 2025 GMT] Smiles (Sonia): i battled the eepy for this
[Thu Dec 18 11:53:23 2025 GMT] Ike (Ema): I am so glad hi
[Thu Dec 18 11:53:44 2025 GMT] Ike (Ema): We might only have two players I'm ngl if RJ manages to make it
[Thu Dec 18 11:54:06 2025 GMT] Smiles (Sonia): did we need a new content download
[Thu Dec 18 11:54:30 2025 GMT] Smiles (Sonia): because the one on there is no longer available
[Thu Dec 18 11:54:48 2025 GMT] Ike (Ema): ah wait
[Thu Dec 18 11:54:50 2025 GMT] Ike (Ema): here
[Thu Dec 18 11:54:56 2025 GMT] Ike (Ema): I'm not sure if I put it together right tho
[Thu Dec 18 11:56:28 2025 GMT] Smiles (Sonia): i think it's /bg DeadPanicR3 then /pos_lock the actual background name
[OOC][Thu Dec 18 11:56:51 2025 GMT] $: Ike changed the background to DeadPanicR3.
[OOC][Thu Dec 18 11:56:59 2025 GMT] $: Locked pos into resortint.
[Thu Dec 18 11:57:15 2025 GMT] Ike (Ema): it's not showing the image for me
[Thu Dec 18 11:57:17 2025 GMT] Ike (Ema): OH
[Thu Dec 18 11:57:22 2025 GMT] Ike (Ema): THERE WE GO WOAH
[OOC][Thu Dec 18 11:57:36 2025 GMT] $: [1] Pierce enters from Hub [0] Main.
[Thu Dec 18 11:57:38 2025 GMT] Smiles (Sonia): just gotta redownload...
[Thu Dec 18 11:58:14 2025 GMT] Ike (Ema): I can't use the zombie sprites for some reason in Dead Panic's og content pack
[Thu Dec 18 11:58:17 2025 GMT] Smiles (Sonia): dang i'm gonna need the emote preview window to read this girl's sprites
[Thu Dec 18 11:59:11 2025 GMT] Redfield (Nichody): Hello hello
[Thu Dec 18 11:59:32 2025 GMT] Ike (Ema): yo!!
[Thu Dec 18 11:59:57 2025 GMT] Ike (Ema): Are you joining the oneoff?? Haven't seen your name in the kfo server pop up so 
[Thu Dec 18 12:00:16 2025 GMT] Redfield (Nichody): I haven't been active there in a while,yeah.
[Thu Dec 18 12:00:28 2025 GMT] Ike (Ema): I'm a first time gm that just found out about client rp'ing this latter half of the year so I'm just gonna have to ask for your patience with me while I gm
[Thu Dec 18 12:00:34 2025 GMT] Smiles (Sonia): they on the doc that least
[Thu Dec 18 12:00:46 2025 GMT] Redfield (Nichody): Of course,my sign up sheet is almost done.
[Thu Dec 18 12:00:48 2025 GMT] Smiles (Sonia): at least you're trying to gm
[Thu Dec 18 12:01:11 2025 GMT] Redfield (Nichody): Just need to run my perk and trauma through you.
[Thu Dec 18 12:01:14 2025 GMT] Smiles (Sonia): i don't trust myself to even make the map physically possible
[Thu Dec 18 12:01:31 2025 GMT] Ike (Ema): Yeah just start typing in any of the blank character sheets and I'll help out
[Thu Dec 18 12:01:54 2025 GMT] Smiles (Sonia): knowing me i'd be way too nice about everything and make the round piss easy
[OOC][Thu Dec 18 12:03:20 2025 GMT] $: [3] Guy enters from Hub [0] Main.
[Thu Dec 18 12:03:38 2025 GMT] Smiles (Sonia): i suspect this will be the first round without a danger sense perk character
[Thu Dec 18 12:03:41 2025 GMT] Ike (Guy): testing (this is ike)
[Thu Dec 18 12:03:51 2025 GMT] Smiles (Sonia): so we may be minorly cooked
[Thu Dec 18 12:04:42 2025 GMT] Ike (Ema): nah trust you got this
[Thu Dec 18 12:05:12 2025 GMT] Redfield (Nichody): Who needs a danger sense when you can run away?
[Thu Dec 18 12:05:22 2025 GMT] Kap Taine (Guy): true
[Thu Dec 18 12:05:49 2025 GMT] Kap Taine (Guy): I cannot think of a better shitpost name for this guy
[Thu Dec 18 12:06:38 2025 GMT] Smiles (Sonia): ace attorney ahh naming
[Thu Dec 18 12:06:44 2025 GMT] Ike (Ema): wait @smiles, does grabbing still use form as the stat to roll?
[Thu Dec 18 12:06:47 2025 GMT] Smiles (Sonia): this sprite so goofy
[Thu Dec 18 12:06:59 2025 GMT] Smiles (Sonia): pretty sure yeah
[Thu Dec 18 12:07:07 2025 GMT] Smiles (Sonia): endurance is avoiding the grab at all
[Thu Dec 18 12:07:09 2025 GMT] Ike (Ema): alrighty we rollin with that
[Thu Dec 18 12:07:11 2025 GMT] Smiles (Sonia): form is getting out of it
[Thu Dec 18 12:07:16 2025 GMT] Ike (Ema): gotcha
[Thu Dec 18 12:07:46 2025 GMT] Ike (Ema): also are you guys familiar with the music playlist?? you guys will be able to change it anytime since I'm not familiar with it at all
[Thu Dec 18 12:08:09 2025 GMT] Smiles (Sonia): are these like ex sprites so many of these are just minor variations of the previous expressions
[Thu Dec 18 12:08:36 2025 GMT] Redfield (Nichody): What do you mean by 'changing it'?
[Thu Dec 18 12:08:50 2025 GMT] Smiles (Sonia): picking the song to play
[Thu Dec 18 12:08:57 2025 GMT] Guy has stopped the music: 
[Thu Dec 18 12:09:01 2025 GMT] Redfield (Nichody): Ah,i'm perfectly capable of that.
[Thu Dec 18 12:09:09 2025 GMT] Guy has played a song: upbeat and weird/[AAI] Noisy People.ogg
[Thu Dec 18 12:09:24 2025 GMT] Smiles (Sonia): i constantly forget to until cw starts yelling in the globat chat to CHANGE THE MUSIIIIIIIC
[Thu Dec 18 12:09:29 2025 GMT] Ike (Ema): we ball then!
[Thu Dec 18 12:09:41 2025 GMT] Ike (Ema): For some odd reason I cannot hear the music playing at all which is weird
[Thu Dec 18 12:09:56 2025 GMT] Ike (Ema): but that's fine so uhhhh just leaving you guys the aux cord
[Thu Dec 18 12:10:17 2025 GMT] Ike (Ema): anyways redfield you can have one more perk
[Thu Dec 18 12:10:27 2025 GMT] Ike (Ema): since you added a trauma
[Thu Dec 18 12:10:45 2025 GMT] Redfield (Yew): Alright uuhhhh
[Thu Dec 18 12:11:29 2025 GMT] Smiles (Sonia): every trauma added gets you either two extra attribute points or another perk
[Thu Dec 18 12:11:53 2025 GMT] Smiles (Sonia): i usually take an extra perk but i ended up desciding i needed to compensate my endurance and scavenging this time
[Thu Dec 18 12:12:21 2025 GMT] Ike (Ema): damn we really out here minmaxxing
[Thu Dec 18 12:12:43 2025 GMT] Ike (Ema): ~TESTING~
[Thu Dec 18 12:12:48 2025 GMT] Ike (Ema): #TESTING#
[Thu Dec 18 12:12:54 2025 GMT] Ike (Ema): okay I hope that red markdown shows
[Thu Dec 18 12:13:01 2025 GMT] Redfield (Yew): The first one did.
[Thu Dec 18 12:13:02 2025 GMT] Smiles (Sonia): endurance just sucked on me for being the dodging stat and scavenging makes lore sense to be higher given the character background
[Thu Dec 18 12:13:05 2025 GMT] Smiles (Sonia): first one yeah
[Thu Dec 18 12:13:11 2025 GMT] Smiles (Sonia): second one exploded
[Thu Dec 18 12:13:19 2025 GMT] Ike (Ema): right ok
[Thu Dec 18 12:13:29 2025 GMT] Ike (Ema): I'm using the dro client to play so 
[Thu Dec 18 12:13:35 2025 GMT] Ike (Ema): I'll keep it in mind
[Thu Dec 18 12:13:58 2025 GMT] Redfield (Yew): Alright,i've done another perk.
[Thu Dec 18 12:14:03 2025 GMT] Ike (Ema): lemme see
[Thu Dec 18 12:14:08 2025 GMT] Smiles (Sonia): we have short rests???
[Thu Dec 18 12:14:16 2025 GMT] Redfield (Yew): We have long rests,soooo
[Thu Dec 18 12:14:16 2025 GMT] Ike (Ema): Nope at least not now
[Thu Dec 18 12:14:25 2025 GMT] Ike (Ema): Long Rest I just bullshitted it in the archive
[Thu Dec 18 12:14:25 2025 GMT] Redfield (Yew): Okay,let me change it up then
[Thu Dec 18 12:14:31 2025 GMT] Smiles (Sonia): there's resting at all damn
[Thu Dec 18 12:14:44 2025 GMT] Redfield (Yew): How about,3 rerolls per sessions?
[Thu Dec 18 12:14:47 2025 GMT] Ike (Ema): Since the barista's character kit would be kinda busted if I didn't balance it properly
[Thu Dec 18 12:14:53 2025 GMT] Ike (Ema): yeah sure that works for me
[Thu Dec 18 12:15:09 2025 GMT] Smiles (Sonia): is scruffy even still here
[Thu Dec 18 12:15:15 2025 GMT] Ike (Ema): nah they had to dip
[Thu Dec 18 12:15:21 2025 GMT] Ike (Ema): session time too early kekw
[Thu Dec 18 12:15:28 2025 GMT] Smiles (Sonia): are they going to like that potential rerun session
[Thu Dec 18 12:15:42 2025 GMT] Ike (Ema): probably???
[Thu Dec 18 12:16:07 2025 GMT] Ike (Ema): I hope they can make it if I rerun this because I tried to balance it out as best as I could lmfao
[Thu Dec 18 12:16:19 2025 GMT] Smiles (Sonia): at least now i can learn whether or not it's fun to be the kickass girl
[Thu Dec 18 12:16:19 2025 GMT] Ike (Ema): anyways five minutes if nobody else turns up we can start with just two
[Thu Dec 18 12:16:45 2025 GMT] Smiles (Sonia): i've been tech boy, zombie detector girl, and now kickass girl
[Thu Dec 18 12:17:03 2025 GMT] Ike (Ema): I already planned utilizing NPCs and such this session so you guys won't be the only two interacting with each other at least
[Thu Dec 18 12:17:21 2025 GMT] Smiles (Sonia): use the npc as a human shield
[Thu Dec 18 12:17:40 2025 GMT] Ike (Ema): sure if you want too LOL
[Thu Dec 18 12:17:47 2025 GMT] Ike (Ema): you can definitely do that
[Thu Dec 18 12:17:54 2025 GMT] Ike (Ema): just that there is uhh, consequences
[Thu Dec 18 12:18:04 2025 GMT] Smiles (Sonia): watch as bro has to make all the encounters easier to compensate for there only being two players
[Thu Dec 18 12:18:23 2025 GMT] Ike (Ema): ahahahaha yeah
[OOC][Thu Dec 18 12:18:32 2025 GMT] Detectv: How it's going here?
[Thu Dec 18 12:18:45 2025 GMT] Redfield (Yew): You can come on in
[OOC][Thu Dec 18 12:19:03 2025 GMT] Redfield: We're good,going to start soon-ish.
[Thu Dec 18 12:19:05 2025 GMT] Smiles (Sonia): at least i took some tech in case nobody wants to be the obligatory tech guy this run
[Thu Dec 18 12:19:12 2025 GMT] Ike (Ema): also smiles do you mind streaming the session in vc so I could hear the music or is that maybe a bit too much
[OOC][Thu Dec 18 12:19:18 2025 GMT] Smiles: you can throw together a character and join
[Thu Dec 18 12:19:28 2025 GMT] Smiles (Sonia): never did that but i can try
[Thu Dec 18 12:19:34 2025 GMT] Redfield (Yew): I do wonder how you have that problem.
[Thu Dec 18 12:19:38 2025 GMT] Redfield (Yew): Are you on webao?
[Thu Dec 18 12:19:54 2025 GMT] Ike (Ema): nah I'm on DRO but a beta version of it that includes evidence that CW added
[Thu Dec 18 12:19:58 2025 GMT] Smiles (Sonia): i know i was almost asked to do it for a player in iron order but player ended up making it anyway
[Thu Dec 18 12:20:22 2025 GMT] Smiles (Sonia): which vc
[Thu Dec 18 12:20:47 2025 GMT] Smiles (Sonia): for whenever this starts
[Thu Dec 18 12:20:55 2025 GMT] Ike (Ema): just join me in general
[Thu Dec 18 12:20:57 2025 GMT] Smiles (Sonia): after detectiv gets their char together
[Thu Dec 18 12:21:19 2025 GMT] Smiles (Sonia): okay audio is being weird in vc
[Thu Dec 18 12:21:31 2025 GMT] Smiles (Sonia): i can't adjust it with my computer volume anymore
[Thu Dec 18 12:21:39 2025 GMT] Ike (Ema): goddamn that's weird
[Thu Dec 18 12:21:41 2025 GMT] Smiles (Sonia): guess it's just gonna be loud
[OOC][Thu Dec 18 12:22:17 2025 GMT] Detectv: Ok.
[Thu Dec 18 12:23:04 2025 GMT] Smiles (Sonia): is music coming through
[Thu Dec 18 12:23:06 2025 GMT] Ike (Ema): alright music is good on my end
[Thu Dec 18 12:23:19 2025 GMT] Ike (Ema): I assume this is Detectiv?? hello
[Thu Dec 18 12:23:41 2025 GMT] Smiles (Sonia): it shall be loud af unless i figure out how to adjust it on my end without messing up your end
[Thu Dec 18 12:23:47 2025 GMT] Ike (Ema): Also redfield is your character in the base files?? Can't see your sprites for some reason
[Thu Dec 18 12:23:59 2025 GMT] Redfield (Yew): It is,in KFO's base files.
[Thu Dec 18 12:24:09 2025 GMT] Redfield (Yew): You did download KFO's files,right?
[Thu Dec 18 12:24:16 2025 GMT] Ike (Ema): Huh, I've downloaded the kfo character files
[Thu Dec 18 12:24:27 2025 GMT] Smiles (Sonia): i can see them???
[Thu Dec 18 12:24:38 2025 GMT] Ike (Ema): I legit need to clean my pc at this point I cannot live like this
[Thu Dec 18 12:25:16 2025 GMT] Ike (Ema): also smiles how do you hide the name of a player in the playerlist
[Thu Dec 18 12:25:24 2025 GMT] Ike (Ema): once again I ask for patience I am very new
[Thu Dec 18 12:25:29 2025 GMT] Smiles (Sonia): time for bro to just be seeing missingnos until i record the demo
[Thu Dec 18 12:25:40 2025 GMT] Smiles (Sonia): the wha
[Thu Dec 18 12:25:54 2025 GMT] Redfield (Yew): It's an DRO feature
[Thu Dec 18 12:26:00 2025 GMT] Ike (Ema): oh nevermind I just
[Thu Dec 18 12:26:03 2025 GMT] Ike (Ema): YEAH THAT
[Thu Dec 18 12:26:06 2025 GMT] Ike (Ema): okay ballin
[Thu Dec 18 12:26:26 2025 GMT] Smiles (Sonia): lol oops i never heard of that feature (kfo client user)
[Thu Dec 18 12:26:32 2025 GMT] Ike (Ema): @Detectiv lmk if you need help creating your perks and stuff
[Thu Dec 18 12:26:55 2025 GMT] Redfield (Yew): I understand,it's also a feature on webao
[Thu Dec 18 12:27:03 2025 GMT] Redfield (Yew): But only WTP uses it as far as i'm aware.
[Thu Dec 18 12:27:08 2025 GMT] Ike (Ema): Oh damn 
[Thu Dec 18 12:27:20 2025 GMT] Ike (Ema): When I tried webao it was kinda janky
[Thu Dec 18 12:27:37 2025 GMT] Angela: Yeah, I probably will need help, considering it's my first time.
[Thu Dec 18 12:28:05 2025 GMT] Ike (Ema): That's fine! Have you read through the game rules and figured out how to sort stats and all that?
[Thu Dec 18 12:28:35 2025 GMT] Angela: 15 points on 5 Attributes, right?
[Thu Dec 18 12:28:40 2025 GMT] Ike (Ema): yup
[Thu Dec 18 12:29:02 2025 GMT] Ike (Ema): one stat = +1 additional modifier on your rolls that require that certain stat
[Thu Dec 18 12:29:34 2025 GMT] Smiles (Sonia): imagine someone spamming trauma just to get a bunch of attribute points
[Thu Dec 18 12:29:51 2025 GMT] Ike (Ema): you can make up any perk you want, like having extra inventory, starting with a certain item at the start of the session like a camera or a weapon, detecting if there is danger in the area, and so on
[Thu Dec 18 12:30:10 2025 GMT] Smiles (Sonia): like i think it's a max of four traumas so someone could theoretically have like 23 points to spend
[Thu Dec 18 12:30:20 2025 GMT] Ike (Ema): jfc
[Thu Dec 18 12:31:25 2025 GMT] Smiles (Sonia): i think if i took like three traumas and made them all attribute point additions i'd be able to get a four minimum in everything
[Thu Dec 18 12:32:13 2025 GMT] Redfield (Yew): Or 4 maxed out attributes if you don't touch awareness
[Thu Dec 18 12:32:17 2025 GMT] Smiles (Sonia): just by spreading the points between endurance and awareness
[Thu Dec 18 12:32:34 2025 GMT] Ike (Ema): I'd also like it if we can start in about 10 or 15 mins soon so @Detectiv let me know if you need help in making up perks and traumas (that is, IF you want a Trauma)
[Thu Dec 18 12:32:57 2025 GMT] Smiles (Sonia): girl gets so good she stops having to think
[Thu Dec 18 12:33:04 2025 GMT] Angela: We can start without one?
[Thu Dec 18 12:33:16 2025 GMT] Smiles (Sonia): yeah they're optional
[Thu Dec 18 12:33:19 2025 GMT] Ike (Ema): yeah you don't necessarily need a trauma
[Thu Dec 18 12:33:24 2025 GMT] Ike (Ema): they're just there if you want more perks
[Thu Dec 18 12:33:27 2025 GMT] Ike (Ema): or more stats
[Thu Dec 18 12:33:30 2025 GMT] Smiles (Sonia): they're just to get other bonuses
[Thu Dec 18 12:34:08 2025 GMT] Redfield (Yew): Would be great if that was mentionned in the rules.
[Thu Dec 18 12:34:23 2025 GMT] Angela: Agreed.
[Thu Dec 18 12:34:32 2025 GMT] Ike (Ema): oh it isn't?
[Thu Dec 18 12:34:41 2025 GMT] Smiles (Sonia): huh i thought it was
[Thu Dec 18 12:34:43 2025 GMT] Ike (Ema): alrighty I'll get that noted down then
[Thu Dec 18 12:34:46 2025 GMT] Redfield (Yew): The fact that they are optional
[Thu Dec 18 12:34:50 2025 GMT] Smiles (Sonia): maybe we gotta fix the rules again
[Thu Dec 18 12:34:57 2025 GMT] Smiles (Sonia): they are kinda like extremely new
[Thu Dec 18 12:35:00 2025 GMT] Ike (Ema): yeah the rules are still definitely still a work in progress
[Thu Dec 18 12:35:11 2025 GMT] Redfield (Yew): Baby steps
[Thu Dec 18 12:35:17 2025 GMT] Smiles (Sonia): this game mode started getting serious development literally this week lol
[Thu Dec 18 12:35:21 2025 GMT] Ike (Ema): we just got the foundations out rn so
[Thu Dec 18 12:36:13 2025 GMT] Smiles (Sonia): proud member of the "joined a random one off cw called out of nowhere and ended up having such a peak experience she decided to help there be more" gang
[Thu Dec 18 12:37:39 2025 GMT] Angela: Ok, I really don't know what perk to  make.
[Thu Dec 18 12:37:46 2025 GMT] Ike (Ema): okay so
[Thu Dec 18 12:37:51 2025 GMT] Ike (Ema): which stat do you want to specialize in
[Thu Dec 18 12:38:02 2025 GMT] Smiles (Sonia): you can always just steal one of the perks from a previous session
[Thu Dec 18 12:38:07 2025 GMT] Ike (Ema): all of your stats add up to 25 btw
[Thu Dec 18 12:38:16 2025 GMT] Redfield (Yew): Like danger sense?
[Thu Dec 18 12:38:21 2025 GMT] Smiles (Sonia): stats seem to be a wip for them
[Thu Dec 18 12:38:27 2025 GMT] Smiles (Sonia): like if you specialize awareness you can try danger sense
[Thu Dec 18 12:38:32 2025 GMT] Ike (Ema): yeah you can reuse perks from other characters if you want
[Thu Dec 18 12:38:39 2025 GMT] Smiles (Sonia): and force the gm to tell you when there's nearby danger
[Thu Dec 18 12:38:50 2025 GMT] Smiles (Sonia): and block all the ambushes
[Thu Dec 18 12:38:53 2025 GMT] Ike (Ema): you only have 15 points in total to spend for all your stats
[Thu Dec 18 12:39:16 2025 GMT] Ike (Ema): it seems angela is going to be the danger sense girl then
[Thu Dec 18 12:39:34 2025 GMT] Angela: Yes, this is intention.
[Thu Dec 18 12:39:47 2025 GMT] Ike (Ema): alright we can just use danger sense for you
[Thu Dec 18 12:40:04 2025 GMT] Smiles (Sonia): wow we ARE getting a danger sense user
[Thu Dec 18 12:40:15 2025 GMT] Smiles (Sonia): the dead panic meta is active
[Thu Dec 18 12:40:42 2025 GMT] Smiles (Sonia): not that i'm complaining ambushes are like bad and things
[Thu Dec 18 12:41:06 2025 GMT] Ike (Ema): ALRIGHT
[Thu Dec 18 12:41:12 2025 GMT] Ike (Ema): we've got it together
[Thu Dec 18 12:41:21 2025 GMT] Smiles (Sonia): last run i just sat there passively pissing off cw by blocking 80% of the ambushes
[Thu Dec 18 12:41:37 2025 GMT] Ike (Ema): we can start, is everybody good to go?
[Thu Dec 18 12:41:42 2025 GMT] Smiles (Sonia): he only got one in because the player opened the door before i could listen to it
[Thu Dec 18 12:42:12 2025 GMT] Smiles (Sonia): time to try not to die for being the one who attacks everything
[OOC][Thu Dec 18 12:42:35 2025 GMT] $: Position set to resortint.
[OOC][Thu Dec 18 12:42:35 2025 GMT] $: Ike changed the background to DeadPanicR3.
[OOC][Thu Dec 18 12:42:41 2025 GMT] $: Ike changed the background to Black.
[Thu Dec 18 12:42:48 2025 GMT] Ema has stopped the music: 
[OOC][Thu Dec 18 12:42:50 2025 GMT] Redfield: Good to go
[OOC][Thu Dec 18 12:43:05 2025 GMT] Smiles: background isn't backgrounding
[OOC][Thu Dec 18 12:43:11 2025 GMT] [GM]Ike: I switched it to black
[OOC][Thu Dec 18 12:43:15 2025 GMT] Smiles: it's gray
[OOC][Thu Dec 18 12:43:19 2025 GMT] [GM]Ike: or that yes
[OOC][Thu Dec 18 12:43:34 2025 GMT] Smiles: ig that's how it looks on my end now lol
[Thu Dec 18 12:43:47 2025 GMT] Narrator (Ema): detectiv, you good to go?
[Thu Dec 18 12:43:53 2025 GMT] Narrator (Ema): just waiting for your reply
[OOC][Thu Dec 18 12:44:06 2025 GMT] Detectv: Yeah, good.
[OOC][Thu Dec 18 12:44:43 2025 GMT] Smiles: okay let's try not to like explode
[OOC][Thu Dec 18 12:44:52 2025 GMT] [GM]Ike: okay
[Thu Dec 18 12:44:56 2025 GMT] Ema has stopped the music: 
[Thu Dec 18 12:44:58 2025 GMT] Ema has played a song: investigation/[AAI2] Investigation ~ Core 2011.ogg
[Thu Dec 18 12:45:05 2025 GMT] Ema has stopped the music: 
[Thu Dec 18 12:45:10 2025 GMT] Ema has played a song: room escape and gameplay/[999] Binary Game.ogg
[Thu Dec 18 12:45:30 2025 GMT] Narrator (Ema): ~Please keep in mind that this session will only last for two hours.~
[OOC][Thu Dec 18 12:45:59 2025 GMT] Detectv: *Speedrun music*
[OOC][Thu Dec 18 12:46:02 2025 GMT] Smiles: we gotta make sure we hit whatever the objective is in two hours or we explode
[OOC][Thu Dec 18 12:46:15 2025 GMT] Smiles: idk if it'll be escaping or surviving
[Thu Dec 18 12:46:16 2025 GMT] Narrator (Ema): ~Once the session has started, the clock will start ticking. If you fail to complete the session's objective in which you'll discover as you play, then the entire party will fail to escape.~
[OOC][Thu Dec 18 12:46:29 2025 GMT] Smiles: okay it's escaping
[Thu Dec 18 12:46:43 2025 GMT] Narrator (Ema): ~And so, we begin...~
[OOC][Thu Dec 18 12:47:08 2025 GMT] $: Narrator changed the background to resortint.
[OOC][Thu Dec 18 12:47:24 2025 GMT] Smiles: use /pos_lock for the bg
[Thu Dec 18 12:47:31 2025 GMT] Narrator (Ema): Three young women find themselves in a room near the lobby of the resort.
[OOC][Thu Dec 18 12:47:35 2025 GMT] [GM]Ike: FUUUCK
[OOC][Thu Dec 18 12:47:46 2025 GMT] $: Narrator changed the background to DeadPanicR3.
[OOC][Thu Dec 18 12:47:49 2025 GMT] Smiles: ./bg DeadPanicR3 then /pos_lock for the actual bg
[OOC][Thu Dec 18 12:48:10 2025 GMT] Smiles: also do we know names already or are we using descriptors first
[Thu Dec 18 12:48:20 2025 GMT] Narrator (Ema): As they go on about their day and lounge on the chairs, cater to the needs of their patrons, and whatever they may find themselves spending time with...
[Thu Dec 18 12:48:34 2025 GMT] Narrator (Ema): ~You hear screams rip through out the air.~
[OOC][Thu Dec 18 12:48:50 2025 GMT] $: [❗] [0] Narrator action:
[RP Start!]
[Thu Dec 18 12:48:50 2025 GMT] Narrator (Ema): [RP Start!]
[OOC][Thu Dec 18 12:48:59 2025 GMT] [GM]Ike: you may do the latter
[OOC][Thu Dec 18 12:49:30 2025 GMT] $: Your IC showname is way too long!
[OOC][Thu Dec 18 12:49:36 2025 GMT] $: Your IC showname is way too long!
[Thu Dec 18 12:49:45 2025 GMT] Disney Princess ahh (Sonia): . . .
[Thu Dec 18 12:49:57 2025 GMT] Disney Princess ahh (Sonia): One vacation. I just wanted ONE. VACATION.
[Thu Dec 18 12:50:07 2025 GMT] Disney Princess ahh (Sonia): WITHOUT WHATEVER THIS SHIT IS.
[Thu Dec 18 12:50:31 2025 GMT] Monotone girl (Yew): . . .So much for keeping a routine.
[Thu Dec 18 12:51:36 2025 GMT] Manager of hotel (Angela): This doesn't usually happens around our resort, miss.
[Thu Dec 18 12:51:54 2025 GMT] Narrator (Ema): The screams never do stop, as you hear a crowd all make a mess. You can piece out the words 'zombie' and 'RUNNNNN!' amidst the noise.
[OOC][Thu Dec 18 12:52:06 2025 GMT] [GM]Ike: aw fuck forgot to use markdown for that
[Thu Dec 18 12:52:11 2025 GMT] Disney Princess ahh (Sonia): Is a girl allowed to have ONE DAY where she can RELAX without someone screaming at her?! First in the damn shop, and now this-
[OOC][Thu Dec 18 12:52:15 2025 GMT] [GM]Ike: can someone remind me what markdown to use for actions
[Thu Dec 18 12:52:19 2025 GMT] Monotone girl (Yew): I thought drugs were banned on the premises.
[OOC][Thu Dec 18 12:52:25 2025 GMT] [GM]Ike: LMFAO
[Thu Dec 18 12:52:26 2025 GMT] Manager of hotel (Angela): ...Zombie?
[OOC][Thu Dec 18 12:52:46 2025 GMT] Smiles: try just using [brackets] ig
[Thu Dec 18 12:53:01 2025 GMT] Disney Princess ahh (Sonia): Well, that sounds absolutely ridiculous. Zombies? Those literally don't exist.
[OOC][Thu Dec 18 12:53:09 2025 GMT] $: [❗] [0] Narrator action:
[And as you speak, through one of the windows a frightened man tries to clamber in, trying to escape inside.]
[Thu Dec 18 12:53:09 2025 GMT] Narrator (Ema): [And as you speak, through one of the windows a frightened man tries to clamber in, trying to escape inside.]
[Thu Dec 18 12:53:20 2025 GMT] Manager of hotel (Angela): We didn't any events planned of this kind for today.
[Thu Dec 18 12:53:32 2025 GMT] Disney Princess ahh (Sonia): You can use the door, you know. It should be unlocked.
[Thu Dec 18 12:53:38 2025 GMT] Frightened Man (Lance): HEEEEEEEEEEEELP! HEEEEELP! SOMEBODY, PLEASE OPEN THE WINDO---
[Thu Dec 18 12:53:53 2025 GMT] Monotone girl (Yew): Alright alright,just hold o-
[OOC][Thu Dec 18 12:54:38 2025 GMT] $: [❗] [0] Narrator action:
[The window can be unlocked... however, behind the man, is a ~zombie~ rushing for him.]
[Thu Dec 18 12:54:38 2025 GMT] Narrator (Ema): [The window can be unlocked... however, behind the man, is a ~zombie~ rushing for him.]
[OOC][Thu Dec 18 12:54:47 2025 GMT] Smiles: if this one is an escape objective maybe the timer would be useful
[OOC][Thu Dec 18 12:54:57 2025 GMT] Smiles: so we know how quickly we gotta move
[OOC][Thu Dec 18 12:55:23 2025 GMT] $: [❗] [2] Disney Princess ahh action:
...What the fuck. Fine... *She goes to open it and slam it shut as soon as he gets through.*
[Thu Dec 18 12:55:23 2025 GMT] Disney Princess ahh (Sonia): ...What the fuck. Fine... *She goes to open it and slam it shut as soon as he gets through.*
[OOC][Thu Dec 18 12:55:50 2025 GMT] $: [❗] [0] Narrator action:
[You sends there's an approaching danger, as a horde of zombie is stumbling in through your area the longer you linger.]
[Thu Dec 18 12:55:50 2025 GMT] Narrator (Ema): [You sends there's an approaching danger, as a horde of zombie is stumbling in through your area the longer you linger.]
[OOC][Thu Dec 18 12:55:56 2025 GMT] [GM]Ike: **sense
[OOC][Thu Dec 18 12:56:17 2025 GMT] Smiles: is this the danger sense going off for angela
[OOC][Thu Dec 18 12:56:21 2025 GMT] $: [❗] [0] Narrator action:
[A reminder, you may narrate your character's actions on what they wish to do.]
[Thu Dec 18 12:56:21 2025 GMT] Narrator (Ema): [A reminder, you may narrate your character's actions on what they wish to do.]
[OOC][Thu Dec 18 12:56:50 2025 GMT] $: [❗] [0] Narrator action:
[As the Disney Princess shuts the window to a close, preventing the man to escape inside...]
[Thu Dec 18 12:56:50 2025 GMT] Narrator (Ema): [As the Disney Princess shuts the window to a close, preventing the man to escape inside...]
[OOC][Thu Dec 18 12:57:07 2025 GMT] Smiles: wait how did that action process
[OOC][Thu Dec 18 12:57:09 2025 GMT] $: [❗] [0] Narrator action:
[You see ~blood~ splatter onto the glass panes, as the zombie CRUNCHES down on his neck.]
[Thu Dec 18 12:57:09 2025 GMT] Narrator (Ema): [You see ~blood~ splatter onto the glass panes, as the zombie CRUNCHES down on his neck.]
[Thu Dec 18 12:57:13 2025 GMT] Monotone girl (Yew) has stopped the music: 
[OOC][Thu Dec 18 12:57:17 2025 GMT] Smiles: what no i was letting him in
[OOC][Thu Dec 18 12:57:20 2025 GMT] Ike: OHHHH
[OOC][Thu Dec 18 12:57:23 2025 GMT] $: [❗] [4] Manager of hotel action:
[Sence of manager]...We should leave, now...This is not usual jokes of customers.
[Thu Dec 18 12:57:23 2025 GMT] Manager of hotel (Angela): [Sence of manager]...We should leave, now...This is not usual jokes of customers.
[OOC][Thu Dec 18 12:57:24 2025 GMT] Ike: fuck misread
[OOC][Thu Dec 18 12:57:35 2025 GMT] Smiles: i was closing it as soon as he got through lol
[OOC][Thu Dec 18 12:57:57 2025 GMT] $: [❗] [0] Narrator action:
[Before you manage to open the window, you were too late in time.]
[Thu Dec 18 12:57:57 2025 GMT] Narrator (Ema): [Before you manage to open the window, you were too late in time.]
[OOC][Thu Dec 18 12:58:14 2025 GMT] $: [❗] [0] Narrator action:
[The horde of zombies claw through the windows, staring at your group.]
[Thu Dec 18 12:58:14 2025 GMT] Narrator (Ema): [The horde of zombies claw through the windows, staring at your group.]
[Thu Dec 18 12:58:25 2025 GMT] Monotone girl (Yew) has played a song: crisis and action/[999] Tinderbox.ogg
[OOC][Thu Dec 18 12:58:29 2025 GMT] $: [❗] [0] Narrator action:
[You only have a few minutes before they come inside.]
[Thu Dec 18 12:58:29 2025 GMT] Narrator (Ema): [You only have a few minutes before they come inside.]
[Thu Dec 18 12:58:33 2025 GMT] Disney Princess ahh (Sonia): Well, damn. That's, um, a problem.
[OOC][Thu Dec 18 12:58:38 2025 GMT] $: [❗] [0] Narrator action:
[You may move through areas, or scavenge.]
[Thu Dec 18 12:58:38 2025 GMT] Narrator (Ema): [You may move through areas, or scavenge.]
[Thu Dec 18 12:58:42 2025 GMT] Monotone girl (Yew): This doesn't...doesn't look like people.
[OOC][Thu Dec 18 12:58:52 2025 GMT] $: [❗] [2] Disney Princess ahh action:
*Scavenging time! We need a weapon NOW.*
[Thu Dec 18 12:58:52 2025 GMT] Disney Princess ahh (Sonia): *Scavenging time! We need a weapon NOW.*
[OOC][Thu Dec 18 12:58:55 2025 GMT] $: [❗] [4] Manager of hotel action:
[She already starts her retreat of of the room.]
[Thu Dec 18 12:58:55 2025 GMT] Manager of hotel (Angela): [She already starts her retreat of of the room.]
[OOC][Thu Dec 18 12:59:07 2025 GMT] $: Disney Princess ahh rolled 6:6+4=10 out of 6.
[OOC][Thu Dec 18 12:59:19 2025 GMT] Smiles: nat 6's the first roll
[OOC][Thu Dec 18 12:59:21 2025 GMT] $: [❗] [0] Narrator action:
[The only other exit leads to the main gate of the resort.]
[Thu Dec 18 12:59:21 2025 GMT] Narrator (Ema): [The only other exit leads to the main gate of the resort.]
[OOC][Thu Dec 18 12:59:42 2025 GMT] $: [❗] [4] Manager of hotel action:
[Checks if there is zombies also.]
[Thu Dec 18 12:59:42 2025 GMT] Manager of hotel (Angela): [Checks if there is zombies also.]
[OOC][Thu Dec 18 13:00:00 2025 GMT] $: [❗] [1] Monotone girl action:
[She looks around the tables for any disgarded items]
[Thu Dec 18 13:00:00 2025 GMT] Monotone girl (Yew): [She looks around the tables for any disgarded items]
[OOC][Thu Dec 18 13:00:20 2025 GMT] Smiles: confirming that scavenge attempt went through because i know actions get missed a lot in this game
[OOC][Thu Dec 18 13:00:30 2025 GMT] $: [❗] [0] Narrator action:
[As you peer outside, you see that there is still no zombies yet, and a ton of civilians coming in.]
[Thu Dec 18 13:00:30 2025 GMT] Narrator (Ema): [As you peer outside, you see that there is still no zombies yet, and a ton of civilians coming in.]
[OOC][Thu Dec 18 13:00:50 2025 GMT] Smiles: me after telling cw i put a vent grate on twice and him still going "you did not yet"
[OOC][Thu Dec 18 13:01:01 2025 GMT] $: [❗] [0] Narrator action:
[However, that will not last long, as you see in the distance that there's a horde starting to form...]
[Thu Dec 18 13:01:01 2025 GMT] Narrator (Ema): [However, that will not last long, as you see in the distance that there's a horde starting to form...]
[OOC][Thu Dec 18 13:01:17 2025 GMT] $: [❗] [2] Disney Princess ahh action:
*Weapon. Weapon. Rolled to find a weapon...*
[Thu Dec 18 13:01:17 2025 GMT] Disney Princess ahh (Sonia): *Weapon. Weapon. Rolled to find a weapon...*
[OOC][Thu Dec 18 13:01:26 2025 GMT] $: [❗] [4] Manager of hotel action:
[As the manager...We know how to close the gate?]
[Thu Dec 18 13:01:26 2025 GMT] Manager of hotel (Angela): [As the manager...We know how to close the gate?]
[OOC][Thu Dec 18 13:01:38 2025 GMT] $: [❗] [1] Monotone girl action:
*Scavenging around the tables,has yet to roll*
[Thu Dec 18 13:01:38 2025 GMT] Monotone girl (Yew): *Scavenging around the tables,has yet to roll*
[OOC][Thu Dec 18 13:02:11 2025 GMT] Smiles: ike probably scrambling to come up with a scavenge result
[OOC][Thu Dec 18 13:02:13 2025 GMT] $: [❗] [0] Narrator action:
[Disney Princess: Roll a DC 5 to pass your scavenge roll.]
[Thu Dec 18 13:02:13 2025 GMT] Narrator (Ema): [Disney Princess: Roll a DC 5 to pass your scavenge roll.]
[OOC][Thu Dec 18 13:02:24 2025 GMT] $: [❗] [2] Disney Princess ahh action:
*Already rolled. Got a 10 lol*
[Thu Dec 18 13:02:24 2025 GMT] Disney Princess ahh (Sonia): *Already rolled. Got a 10 lol*
[OOC][Thu Dec 18 13:02:42 2025 GMT] Smiles: nearly unreadable ooc chat
[OOC][Thu Dec 18 13:02:48 2025 GMT] $: [❗] [0] Narrator action:
[Manager, you know that you do not have access to close the gate of the resort.]
[Thu Dec 18 13:02:48 2025 GMT] Narrator (Ema): [Manager, you know that you do not have access to close the gate of the resort.]
[OOC][Thu Dec 18 13:03:03 2025 GMT] $: [❗] [0] Narrator action:
[At least, not in this room, and not with your current items.]
[Thu Dec 18 13:03:03 2025 GMT] Narrator (Ema): [At least, not in this room, and not with your current items.]
[OOC][Thu Dec 18 13:03:43 2025 GMT] $: [❗] [4] Manager of hotel action:
[Grabs things nearby of her, for self defence. Scavenging.]
[Thu Dec 18 13:03:43 2025 GMT] Manager of hotel (Angela): [Grabs things nearby of her, for self defence. Scavenging.]
[OOC][Thu Dec 18 13:04:01 2025 GMT] $: [❗] [0] Narrator action:
[Disney Princess: You find a sushi knife after ruffling through some visitor's suitcases!]
[Thu Dec 18 13:04:01 2025 GMT] Narrator (Ema): [Disney Princess: You find a sushi knife after ruffling through some visitor's suitcases!]
[Thu Dec 18 13:04:27 2025 GMT] Monotone girl (Yew): /Still scavenging around the tables,may i roll?/
[OOC][Thu Dec 18 13:04:42 2025 GMT] $: [❗] [0] Narrator action:
[Manager, roll scavenge. It's a DC 6 to clear.]
[Thu Dec 18 13:04:42 2025 GMT] Narrator (Ema): [Manager, roll scavenge. It's a DC 6 to clear.]
[OOC][Thu Dec 18 13:04:46 2025 GMT] $: Manager of hotel rolled 6:6+3=9 out of 6.
[Thu Dec 18 13:04:51 2025 GMT] Disney Princess ahh (Sonia): Okay, NOW these zombies are getting SHANKED.
[OOC][Thu Dec 18 13:05:22 2025 GMT] $: [❗] [0] Narrator action:
[You find a gold club in one of the suitcases.]
[Thu Dec 18 13:05:22 2025 GMT] Narrator (Ema): [You find a gold club in one of the suitcases.]
[OOC][Thu Dec 18 13:06:06 2025 GMT] $: [❗] [4] Manager of hotel action:
Staying as we can is better for safety of customers and employes aslike. [Takes a golf club.]
[Thu Dec 18 13:06:06 2025 GMT] Manager of hotel (Angela): Staying as we can is better for safety of customers and employes aslike. [Takes a golf club.]
[OOC][Thu Dec 18 13:06:19 2025 GMT] $: [❗] [0] Narrator action:
[These zombies... you see them gather up more through the window, clawing at the glass panes.]
[Thu Dec 18 13:06:19 2025 GMT] Narrator (Ema): [These zombies... you see them gather up more through the window, clawing at the glass panes.]
[OOC][Thu Dec 18 13:06:33 2025 GMT] $: [❗] [2] Disney Princess ahh action:
*Current horde size?*
[Thu Dec 18 13:06:33 2025 GMT] Disney Princess ahh (Sonia): *Current horde size?*
[OOC][Thu Dec 18 13:06:42 2025 GMT] $: [❗] [0] Narrator action:
[Level 1 outside the window.]
[Thu Dec 18 13:06:42 2025 GMT] Narrator (Ema): [Level 1 outside the window.]
[OOC][Thu Dec 18 13:07:35 2025 GMT] $: [❗] [1] Monotone girl action:
[Still waiting to scavenge whatever's on and near the tables]
[Thu Dec 18 13:07:35 2025 GMT] Monotone girl (Yew): [Still waiting to scavenge whatever's on and near the tables]
[OOC][Thu Dec 18 13:07:44 2025 GMT] $: [❗] [0] Narrator action:
[Have you rolled for scavenge?]
[Thu Dec 18 13:07:44 2025 GMT] Narrator (Ema): [Have you rolled for scavenge?]
[Thu Dec 18 13:07:59 2025 GMT] Monotone girl (Yew): /Nope,wanted to wait for you to give me the go ahead/
[OOC][Thu Dec 18 13:08:01 2025 GMT] $: Monotone girl rolled 5:5+2=7 out of 6.
[Thu Dec 18 13:08:05 2025 GMT] Monotone girl (Yew): /Done/
[Thu Dec 18 13:08:14 2025 GMT] Disney Princess ahh (Sonia): Huh, this could be a manageable fight. At least if we kill them now, they won't harass us later.
[OOC][Thu Dec 18 13:08:27 2025 GMT] $: [❗] [0] Narrator action:
[You find another sushi knife through the same suitcase that the woman in the bow finds.]
[Thu Dec 18 13:08:27 2025 GMT] Narrator (Ema): [You find another sushi knife through the same suitcase that the woman in the bow finds.]
[Thu Dec 18 13:08:46 2025 GMT] Monotone girl (Yew): Or we will get overwhelmed and die,\svery painfully.
[Thu Dec 18 13:09:06 2025 GMT] Monotone girl (Yew): Huh,who needs that many sushi knifes?
[Thu Dec 18 13:09:24 2025 GMT] Manager of hotel (Angela): Miss, did you fight zombies before?...Because I don't remember something like that happening in real world before.
[Thu Dec 18 13:09:33 2025 GMT] Disney Princess ahh (Sonia): Glad the security measures on this resort are weak, I guess?
[Thu Dec 18 13:09:44 2025 GMT] Disney Princess ahh (Sonia): Lots of weapons.
[OOC][Thu Dec 18 13:09:54 2025 GMT] $: [❗] [0] Narrator action:
[The zombies start banging on the windows.]
[Thu Dec 18 13:09:54 2025 GMT] Narrator (Ema): [The zombies start banging on the windows.]
[OOC][Thu Dec 18 13:10:13 2025 GMT] $: [❗] [0] Narrator action:
[Only a little more, and...]
[Thu Dec 18 13:10:13 2025 GMT] Narrator (Ema): [Only a little more, and...]
[OOC][Thu Dec 18 13:10:25 2025 GMT] $: [❗] [4] Manager of hotel action:
Technically this all doesn't count as weapons by usual standarts. [She starts leaving the room.]
[Thu Dec 18 13:10:25 2025 GMT] Manager of hotel (Angela): Technically this all doesn't count as weapons by usual standarts. [She starts leaving the room.]
[Thu Dec 18 13:10:49 2025 GMT] Disney Princess ahh (Sonia): Didn't exactly fight zombies before, but this LOOKS manageable. But if you want to leave, we can do that too and hope we don't end up with a bigger and more annoying fight later.
[OOC][Thu Dec 18 13:11:05 2025 GMT] $: [❗] [1] Monotone girl action:
You heard the manager,let's choose life. [starts to leave]
[Thu Dec 18 13:11:05 2025 GMT] Monotone girl (Yew): You heard the manager,let's choose life. [starts to leave]
[OOC][Thu Dec 18 13:11:22 2025 GMT] $: [❗] [2] Disney Princess ahh action:
Well damn, okay. *Following.*
[Thu Dec 18 13:11:22 2025 GMT] Disney Princess ahh (Sonia): Well damn, okay. *Following.*
[OOC][Thu Dec 18 13:11:26 2025 GMT] $: Locked pos into resortgate.
[OOC][Thu Dec 18 13:11:43 2025 GMT] $: [❗] [0] Narrator action:
[You move towards the gate of the resort, where it leads out onto the beach.]
[Thu Dec 18 13:11:43 2025 GMT] Narrator (Ema): [You move towards the gate of the resort, where it leads out onto the beach.]
[OOC][Thu Dec 18 13:11:57 2025 GMT] $: [❗] [0] Narrator action:
[There is ~danger~ here.]
[Thu Dec 18 13:11:57 2025 GMT] Narrator (Ema): [There is ~danger~ here.]
[OOC][Thu Dec 18 13:12:14 2025 GMT] $: [❗] [4] Manager of hotel action:
[Time to roll for what it's.]
[Thu Dec 18 13:12:14 2025 GMT] Manager of hotel (Angela): [Time to roll for what it's.]
[OOC][Thu Dec 18 13:12:38 2025 GMT] $: Manager of hotel rolled 3:3+5=8 out of 6.
[OOC][Thu Dec 18 13:12:40 2025 GMT] $: [❗] [0] Narrator action:
[Two stragglers block your path from the outside, as other zombies are preoccupied in the sidelines and having a feast with fallen tourists.]
[Thu Dec 18 13:12:40 2025 GMT] Narrator (Ema): [Two stragglers block your path from the outside, as other zombies are preoccupied in the sidelines and having a feast with fallen tourists.]
[OOC][Thu Dec 18 13:12:56 2025 GMT] Smiles: did we pass through a door to get to here
[OOC][Thu Dec 18 13:13:02 2025 GMT] [GM]Ike: yup you passed through a door
[OOC][Thu Dec 18 13:13:22 2025 GMT] $: [❗] [2] Disney Princess ahh action:
*Quick room check for anything that will block the door they just went through.*
[Thu Dec 18 13:13:22 2025 GMT] Disney Princess ahh (Sonia): *Quick room check for anything that will block the door they just went through.*
[OOC][Thu Dec 18 13:13:23 2025 GMT] $: [❗] [4] Manager of hotel action:
[Relies information to customers.]
[Thu Dec 18 13:13:23 2025 GMT] Manager of hotel (Angela): [Relies information to customers.]
[Thu Dec 18 13:13:42 2025 GMT] Monotone girl (Yew): Blocked from leaving on both sides,huh.
[OOC][Thu Dec 18 13:14:10 2025 GMT] $: [❗] [0] Narrator action:
"AAAAAAAAAAAAAAAAAAAH--! HELP ME, HEEEELP ME!" [You hear one of the tourists scream, as the sound of flesh tearing apart is heard.]
[Thu Dec 18 13:14:10 2025 GMT] Narrator (Ema): "AAAAAAAAAAAAAAAAAAAH--! HELP ME, HEEEELP ME!" [You hear one of the tourists scream, as the sound of flesh tearing apart is heard.]
[Thu Dec 18 13:14:24 2025 GMT] Disney Princess ahh (Sonia): Well, this fight looks even easier to deal with, so long as we don't draw all the busier zombies to us.
[OOC][Thu Dec 18 13:14:29 2025 GMT] $: [❗] [0] Narrator action:
[The door is too big to be blocked up with any of the furniture here.]
[Thu Dec 18 13:14:29 2025 GMT] Narrator (Ema): [The door is too big to be blocked up with any of the furniture here.]
[Thu Dec 18 13:15:08 2025 GMT] Disney Princess ahh (Sonia): It's not like they'll listen if we ask nicely.
[OOC][Thu Dec 18 13:15:23 2025 GMT] $: [❗] [0] Narrator action:
[A reminder, players may choose to act whenever they wish!]
[Thu Dec 18 13:15:23 2025 GMT] Narrator (Ema): [A reminder, players may choose to act whenever they wish!]
[OOC][Thu Dec 18 13:15:53 2025 GMT] $: [❗] [0] Narrator action:
[You're still not engaged in direct combat yet, so no turn order... yet.]
[Thu Dec 18 13:15:53 2025 GMT] Narrator (Ema): [You're still not engaged in direct combat yet, so no turn order... yet.]
[OOC][Thu Dec 18 13:16:07 2025 GMT] $: [❗] [4] Manager of hotel action:
[Looks for other path or things to do besides fighting.]
[Thu Dec 18 13:16:07 2025 GMT] Manager of hotel (Angela): [Looks for other path or things to do besides fighting.]
[OOC][Thu Dec 18 13:16:29 2025 GMT] $: [❗] [0] Narrator action:
[Roll an awareness, DC 5 to clear.]
[Thu Dec 18 13:16:29 2025 GMT] Narrator (Ema): [Roll an awareness, DC 5 to clear.]
[OOC][Thu Dec 18 13:16:32 2025 GMT] Smiles: i love trying to play the fighter character then being encouraged to not fight
[OOC][Thu Dec 18 13:16:41 2025 GMT] Redfield: Truly
[OOC][Thu Dec 18 13:16:43 2025 GMT] $: [❗] [0] Narrator action:
[Wait no you automatically pass]
[Thu Dec 18 13:16:43 2025 GMT] Narrator (Ema): [Wait no you automatically pass]
[OOC][Thu Dec 18 13:16:45 2025 GMT] Smiles: like makes sense but the girl craves the violence
[OOC][Thu Dec 18 13:17:17 2025 GMT] Smiles: last two characters preferred avoiding combat and kaela just goes "father i crave violence"
[OOC][Thu Dec 18 13:17:31 2025 GMT] Detectv: True
[OOC][Thu Dec 18 13:17:39 2025 GMT] $: [❗] [0] Narrator action:
[The manager senses that the path leading in deeper to the resort is... a poor choice. There seems to be even more shouting and a horde of unknown level inside.]
[Thu Dec 18 13:17:39 2025 GMT] Narrator (Ema): [The manager senses that the path leading in deeper to the resort is... a poor choice. There seems to be even more shouting and a horde of unknown level inside.]
[OOC][Thu Dec 18 13:18:04 2025 GMT] $: [❗] [0] Narrator action:
[The exit towards the beach outside contains a level one horde, with two stragglers blocking your way.]
[Thu Dec 18 13:18:04 2025 GMT] Narrator (Ema): [The exit towards the beach outside contains a level one horde, with two stragglers blocking your way.]
[OOC][Thu Dec 18 13:18:29 2025 GMT] $: [❗] [1] Monotone girl action:
[Takes out her sushi knife] A quick stab should end those two,right? Let's make it quick.
[Thu Dec 18 13:18:29 2025 GMT] Monotone girl (Yew): [Takes out her sushi knife] A quick stab should end those two,right? Let's make it quick.
[OOC][Thu Dec 18 13:18:34 2025 GMT] $: [❗] [0] Narrator action:
[If you do not act now, this horde will close in on you and enter the room, turning it into a Level 2 horde.]
[Thu Dec 18 13:18:34 2025 GMT] Narrator (Ema): [If you do not act now, this horde will close in on you and enter the room, turning it into a Level 2 horde.]
[OOC][Thu Dec 18 13:18:45 2025 GMT] $: [❗] [0] Narrator action:
[Roll form to attack. DC 5 to clear.]
[Thu Dec 18 13:18:45 2025 GMT] Narrator (Ema): [Roll form to attack. DC 5 to clear.]
[Thu Dec 18 13:18:48 2025 GMT] Disney Princess ahh (Sonia): Let's sneak attack these guys before they notice us.
[OOC][Thu Dec 18 13:19:01 2025 GMT] $: Monotone girl rolled 1:1+2=3 out of 6.
[Thu Dec 18 13:19:06 2025 GMT] Monotone girl (Yew) has stopped the music: 
[OOC][Thu Dec 18 13:19:07 2025 GMT] $: [❗] [2] Disney Princess ahh action:
*She waltzes right on up to start stabbing.*
[Thu Dec 18 13:19:07 2025 GMT] Disney Princess ahh (Sonia): *She waltzes right on up to start stabbing.*
[OOC][Thu Dec 18 13:19:14 2025 GMT] $: [❗] [2] Disney Princess ahh action:
*Should be autopass.*
[Thu Dec 18 13:19:14 2025 GMT] Disney Princess ahh (Sonia): *Should be autopass.*
[OOC][Thu Dec 18 13:19:18 2025 GMT] $: [❗] [0] Narrator action:
[The manager attempts to stab the straggler!]
[Thu Dec 18 13:19:18 2025 GMT] Narrator (Ema): [The manager attempts to stab the straggler!]
[OOC][Thu Dec 18 13:19:29 2025 GMT] $: [❗] [0] Narrator action:
[As the other zombie besides them falls down easily, this one...]
[Thu Dec 18 13:19:29 2025 GMT] Narrator (Ema): [As the other zombie besides them falls down easily, this one...]
[OOC][Thu Dec 18 13:19:39 2025 GMT] $: [❗] [0] Narrator action:
[~This one retaliates.~]
[Thu Dec 18 13:19:39 2025 GMT] Narrator (Ema): [~This one retaliates.~]
[OOC][Thu Dec 18 13:19:49 2025 GMT] Redfield: The manager didn't attack,i did.
[OOC][Thu Dec 18 13:19:53 2025 GMT] $: [❗] [4] Manager of hotel action:
[Manager? We have a golf club.]
[Thu Dec 18 13:19:53 2025 GMT] Manager of hotel (Angela): [Manager? We have a golf club.]
[Thu Dec 18 13:20:03 2025 GMT] Ema has played a song: tension/[999] Foreboding.ogg
[Thu Dec 18 13:20:08 2025 GMT] Monotone girl (Yew): /And i'm the one that attacked,not her./
[Thu Dec 18 13:20:11 2025 GMT] Ema has played a song: crisis and action/[999] Tinderbox.ogg
[OOC][Thu Dec 18 13:20:12 2025 GMT] $: [❗] [2] Disney Princess ahh action:
*Office worker attacked lol*
[Thu Dec 18 13:20:12 2025 GMT] Disney Princess ahh (Sonia): *Office worker attacked lol*
[OOC][Thu Dec 18 13:20:29 2025 GMT] $: [❗] [0] Narrator action:
[OKAY UM, gm fail hold on]
[Thu Dec 18 13:20:29 2025 GMT] Narrator (Ema): [OKAY UM, gm fail hold on]
[OOC][Thu Dec 18 13:20:47 2025 GMT] $: [❗] [0] Narrator action:
[Can you guys switch your shownames to your character names now]
[Thu Dec 18 13:20:47 2025 GMT] Narrator (Ema): [Can you guys switch your shownames to your character names now]
[Thu Dec 18 13:21:21 2025 GMT] Kaela Aeona (Sonia): By the way, I'm Kaela Aeona. Should probably know that in case I, like, die or something.
[Thu Dec 18 13:21:38 2025 GMT] Angela Wolf (Angela): ...Angela Wolf.
[OOC][Thu Dec 18 13:21:44 2025 GMT] $: [❗] [1] Camille O'Neil action:
[Mid attack,a card falls from her purse: it says 'Camille O'Neil]
[Thu Dec 18 13:21:44 2025 GMT] Camille O'Neil (Yew): [Mid attack,a card falls from her purse: it says 'Camille O'Neil]
[OOC][Thu Dec 18 13:21:50 2025 GMT] $: [❗] [0] Narrator action:
[The zombie retaliates against Camille.]
[Thu Dec 18 13:21:50 2025 GMT] Narrator (Ema): [The zombie retaliates against Camille.]
[Thu Dec 18 13:21:59 2025 GMT] Kaela Aeona (Sonia): Family's got too much crap to deal with to be having my death announcement delayed.
[OOC][Thu Dec 18 13:22:13 2025 GMT] $: [❗] [4] Angela Wolf action:
...I didn't play golf for long time. [She also goes to attack.]
[Thu Dec 18 13:22:13 2025 GMT] Angela Wolf (Angela): ...I didn't play golf for long time. [She also goes to attack.]
[OOC][Thu Dec 18 13:22:18 2025 GMT] $: [❗] [0] Narrator action:
[It scratches you on the shoulder! Roll endurance to dodge.]
[Thu Dec 18 13:22:18 2025 GMT] Narrator (Ema): [It scratches you on the shoulder! Roll endurance to dodge.]
[OOC][Thu Dec 18 13:22:31 2025 GMT] $: [❗] [0] Narrator action:
[Angela, roll form. DC 5 to clear for both attack and dodge.]
[Thu Dec 18 13:22:31 2025 GMT] Narrator (Ema): [Angela, roll form. DC 5 to clear for both attack and dodge.]
[OOC][Thu Dec 18 13:22:36 2025 GMT] $: Camille O'Neil rolled 5:5+5=10 out of 6.
[OOC][Thu Dec 18 13:22:50 2025 GMT] $: Angela Wolf rolled 3:3+2=5 out of 6.
[OOC][Thu Dec 18 13:23:02 2025 GMT] $: [❗] [0] Narrator action:
[**DC 4 for attack]
[Thu Dec 18 13:23:02 2025 GMT] Narrator (Ema): [**DC 4 for attack]
[OOC][Thu Dec 18 13:23:21 2025 GMT] $: [❗] [0] Narrator action:
[The other straggler is taken out, finally clearing the way.]
[Thu Dec 18 13:23:21 2025 GMT] Narrator (Ema): [The other straggler is taken out, finally clearing the way.]
[OOC][Thu Dec 18 13:23:52 2025 GMT] $: [❗] [0] Narrator action:
[The zombie grazes past Camille as it's knocked out, preventing further damage.]
[Thu Dec 18 13:23:52 2025 GMT] Narrator (Ema): [The zombie grazes past Camille as it's knocked out, preventing further damage.]
[OOC][Thu Dec 18 13:24:08 2025 GMT] [GM]Ike: totally did not forget about the turn order
[Thu Dec 18 13:24:22 2025 GMT] Camille O'Neil (Yew): Phew,that was...a fail.
[OOC][Thu Dec 18 13:24:36 2025 GMT] Smiles: camille and angela would have to decide between each other anyway they tied on form
[OOC][Thu Dec 18 13:24:49 2025 GMT] $: [❗] [0] Narrator action:
[Camille, your health status is now 'Worried'.]
[Thu Dec 18 13:24:49 2025 GMT] Narrator (Ema): [Camille, your health status is now 'Worried'.]
[Thu Dec 18 13:24:55 2025 GMT] Kaela Aeona (Sonia): At least it's deader than it was before.
[OOC][Thu Dec 18 13:25:03 2025 GMT] Smiles: wait did she not dodge
[OOC][Thu Dec 18 13:25:05 2025 GMT] Redfield: Didn't i avoid the attack though?
[Thu Dec 18 13:25:05 2025 GMT] Angela Wolf (Angela): ...As long as you stay alive and not infected, it's a win.
[OOC][Thu Dec 18 13:25:30 2025 GMT] Smiles: i'm pretty sure passing the endurance roll to dodge negates the damage
[OOC][Thu Dec 18 13:25:57 2025 GMT] $: [❗] [0] Narrator action:
[You see that the horde outside lurks closer, however it still has not formed yet.]
[Thu Dec 18 13:25:57 2025 GMT] Narrator (Ema): [You see that the horde outside lurks closer, however it still has not formed yet.]
[OOC][Thu Dec 18 13:26:12 2025 GMT] [GM]Ike: I made you roll endurance to see if I'll give you further damage
[Thu Dec 18 13:26:17 2025 GMT] Angela Wolf (Angela): But we shouldn't waste time for talk right now. We still far from being safe.
[OOC][Thu Dec 18 13:26:25 2025 GMT] [GM]Ike: Since you failed the initial attack the scatch is just minor damage
[OOC][Thu Dec 18 13:26:38 2025 GMT] Redfield: I see
[OOC][Thu Dec 18 13:26:39 2025 GMT] Smiles: damn the enemy team has its own kaela
[OOC][Thu Dec 18 13:26:52 2025 GMT] Smiles: another retaliation character
[OOC][Thu Dec 18 13:26:57 2025 GMT] $: [❗] [1] Camille O'Neil action:
[She walks further away from the hotel]
[Thu Dec 18 13:26:57 2025 GMT] Camille O'Neil (Yew): [She walks further away from the hotel]
[OOC][Thu Dec 18 13:27:17 2025 GMT] $: [❗] [2] Kaela Aeona action:
*Waltzing on by before this horde actually turns into a problem.*
[Thu Dec 18 13:27:17 2025 GMT] Kaela Aeona (Sonia): *Waltzing on by before this horde actually turns into a problem.*
[OOC][Thu Dec 18 13:27:32 2025 GMT] $: [❗] [4] Angela Wolf action:
[Continue on her way.]
[Thu Dec 18 13:27:32 2025 GMT] Angela Wolf (Angela): [Continue on her way.]
[OOC][Thu Dec 18 13:27:43 2025 GMT] $: [❗] [0] Narrator action:
[You all exit onto the resort's outside.]
[Thu Dec 18 13:27:43 2025 GMT] Narrator (Ema): [You all exit onto the resort's outside.]
[OOC][Thu Dec 18 13:27:50 2025 GMT] $: Locked pos into resortext.
[Thu Dec 18 13:28:29 2025 GMT] Camille O'Neil (Yew) has stopped the music: 
[OOC][Thu Dec 18 13:28:40 2025 GMT] $: [❗] [0] Narrator action:
[As you go out, there is a Level 2 horde chasing the crowd of civilians.]
[Thu Dec 18 13:28:40 2025 GMT] Narrator (Ema): [As you go out, there is a Level 2 horde chasing the crowd of civilians.]
[OOC][Thu Dec 18 13:28:56 2025 GMT] $: [❗] [0] Narrator action:
[It still has not noticed you yet.]
[Thu Dec 18 13:28:56 2025 GMT] Narrator (Ema): [It still has not noticed you yet.]
[Thu Dec 18 13:29:12 2025 GMT] Ema has played a song: suspense/[AA] Suspense.ogg
[Thu Dec 18 13:29:53 2025 GMT] Camille O'Neil (Yew): This is worst than i'd ever imagined.
[Thu Dec 18 13:29:57 2025 GMT] Kaela Aeona (Sonia): Well, that's a concerning number of not-alive people.
[OOC][Thu Dec 18 13:30:12 2025 GMT] $: [❗] [4] Angela Wolf action:
[Looking for safe ways.] Agreed.
[Thu Dec 18 13:30:12 2025 GMT] Angela Wolf (Angela): [Looking for safe ways.] Agreed.
[Thu Dec 18 13:30:15 2025 GMT] Camille O'Neil (Yew): Not alive yet out of their graves,it's a christmas nightmare.
[Thu Dec 18 13:30:29 2025 GMT] Kaela Aeona (Sonia): This hotel is going to get SUCH shitty Yelp reviews at this rate.
[OOC][Thu Dec 18 13:30:45 2025 GMT] $: [❗] [3] Panicked Worker action:
HEEEELP! HEEEELP MEEE! [A man with a bandana notices your weapons, and goes to trip himself up on the floor, landing at the feet of your group.]
[Thu Dec 18 13:30:45 2025 GMT] Panicked Worker (Guy): HEEEELP! HEEEELP MEEE! [A man with a bandana notices your weapons, and goes to trip himself up on the floor, landing at the feet of your group.]
[Thu Dec 18 13:30:55 2025 GMT] Camille O'Neil (Yew): Forget the hotel,rate the city-
[OOC][Thu Dec 18 13:31:22 2025 GMT] $: [❗] [4] Angela Wolf action:
[Did he bring hord with him?]
[Thu Dec 18 13:31:22 2025 GMT] Angela Wolf (Angela): [Did he bring hord with him?]
[Thu Dec 18 13:31:22 2025 GMT] Kaela Aeona (Sonia): Oh, so we ARE kicking more ass today.
[OOC][Thu Dec 18 13:32:12 2025 GMT] $: [❗] [0] Narrator action:
[He's brought another singular zombie with him.]
[Thu Dec 18 13:32:13 2025 GMT] Narrator (Ema): [He's brought another singular zombie with him.]
[OOC][Thu Dec 18 13:32:26 2025 GMT] [GM]Ike: apologies if my replies are delayed
[OOC][Thu Dec 18 13:32:28 2025 GMT] $: [❗] [2] Kaela Aeona action:
*Let's shank this zombie before it causes a problem.*
[Thu Dec 18 13:32:28 2025 GMT] Kaela Aeona (Sonia): *Let's shank this zombie before it causes a problem.*
[OOC][Thu Dec 18 13:32:35 2025 GMT] $: [❗] [1] Camille O'Neil action:
[She lends him a hand] Get up if you want to live
[Thu Dec 18 13:32:35 2025 GMT] Camille O'Neil (Yew): [She lends him a hand] Get up if you want to live
[OOC][Thu Dec 18 13:33:08 2025 GMT] $: [❗] [3] Panicked Worker action:
[He takes the offered hand.] OHHH, THANK YOU! THANK YOU, I JUST CAN'T--- AAAAAH! 
[Thu Dec 18 13:33:08 2025 GMT] Panicked Worker (Guy): [He takes the offered hand.] OHHH, THANK YOU! THANK YOU, I JUST CAN'T--- AAAAAH! 
[OOC][Thu Dec 18 13:33:19 2025 GMT] $: [❗] [4] Angela Wolf action:
Miss, can you take care of this? [Says, as she saw how good heir in fighting.]
[Thu Dec 18 13:33:19 2025 GMT] Angela Wolf (Angela): Miss, can you take care of this? [Says, as she saw how good heir in fighting.]
[OOC][Thu Dec 18 13:33:28 2025 GMT] $: [❗] [3] Panicked Worker action:
[The zombie behind him lunges for the man.]
[Thu Dec 18 13:33:28 2025 GMT] Panicked Worker (Guy): [The zombie behind him lunges for the man.]
[OOC][Thu Dec 18 13:33:38 2025 GMT] $: [❗] [2] Kaela Aeona action:
*Actively in the middle of turning that zombie into sushi.*
[Thu Dec 18 13:33:38 2025 GMT] Kaela Aeona (Sonia): *Actively in the middle of turning that zombie into sushi.*
[OOC][Thu Dec 18 13:33:45 2025 GMT] $: [❗] [1] Camille O'Neil action:
[Can i roll endurance to drag him out of the way?]
[Thu Dec 18 13:33:45 2025 GMT] Camille O'Neil (Yew): [Can i roll endurance to drag him out of the way?]
[OOC][Thu Dec 18 13:33:55 2025 GMT] $: [❗] [0] Narrator action:
[You'd roll on Form!]
[Thu Dec 18 13:33:55 2025 GMT] Narrator (Ema): [You'd roll on Form!]
[OOC][Thu Dec 18 13:34:07 2025 GMT] Redfield: Well shit
[OOC][Thu Dec 18 13:34:21 2025 GMT] $: [❗] [0] Narrator action:
[Kaela dispatches the straggler easily.]
[Thu Dec 18 13:34:21 2025 GMT] Narrator (Ema): [Kaela dispatches the straggler easily.]
[Thu Dec 18 13:34:36 2025 GMT] Camille O'Neil (Yew) has played a song: Tension/[P3] Fearful Experience.ogg
[OOC][Thu Dec 18 13:34:58 2025 GMT] $: [❗] [0] Narrator action:
[In the distance, you see a horde grow in size near the docks.]
[Thu Dec 18 13:34:58 2025 GMT] Narrator (Ema): [In the distance, you see a horde grow in size near the docks.]
[Thu Dec 18 13:35:03 2025 GMT] Kaela Aeona (Sonia): These things die a lot more easily than I'd expect.
[Thu Dec 18 13:35:08 2025 GMT] Camille O'Neil (Yew): Cool,let's get AWAY from those docks.
[Thu Dec 18 13:35:19 2025 GMT] Panicked Worker (Guy): W-WAIT, NO!
[Thu Dec 18 13:35:24 2025 GMT] Panicked Worker (Guy): My boat!
[OOC][Thu Dec 18 13:35:31 2025 GMT] Smiles: is this resort on an island or is there a land entry
[Thu Dec 18 13:35:34 2025 GMT] Panicked Worker (Guy): I can't leave my ol' trustee behind!
[OOC][Thu Dec 18 13:35:42 2025 GMT] Ike: you're on an island
[OOC][Thu Dec 18 13:35:47 2025 GMT] Ike: the resort is on the island
[OOC][Thu Dec 18 13:35:52 2025 GMT] Ike: so like....
[OOC][Thu Dec 18 13:36:02 2025 GMT] Ike: a boat is your only ticked out of here!
[OOC][Thu Dec 18 13:36:12 2025 GMT] Redfield: I see a helicopter is out of the question
[Thu Dec 18 13:36:25 2025 GMT] Kaela Aeona (Sonia): My brother in Christ, does it look like that boat has a chance? Unless you want us to destroy that ENTIRE swarm.
[OOC][Thu Dec 18 13:36:41 2025 GMT] Smiles: i was picturing it as like a coast in Florida or something lol
[Thu Dec 18 13:36:48 2025 GMT] Panicked Worker (Guy): WELL, HOW DO YOU THINK WE'RE GOING TO GET OUT OF HERE?!
[Thu Dec 18 13:36:52 2025 GMT] Camille O'Neil (Yew): Miss Angela,how big do you think that horde is?
[OOC][Thu Dec 18 13:36:55 2025 GMT] $: [❗] [4] Angela Wolf action:
[Let's see, is this a best ticket to get away from the island?]
[Thu Dec 18 13:36:55 2025 GMT] Angela Wolf (Angela): [Let's see, is this a best ticket to get away from the island?]
[OOC][Thu Dec 18 13:37:11 2025 GMT] RJ: Yo
[Thu Dec 18 13:37:15 2025 GMT] Panicked Worker (Guy): Unless there's a chopper already on here, it's the best way out!
[Thu Dec 18 13:37:21 2025 GMT] Narrator (Ema): . . .
[OOC][Thu Dec 18 13:37:30 2025 GMT] $: [❗] [0] Narrator action:
~[OBJECTIVE: REACH A BOAT TO ESCAPE.]~
[Thu Dec 18 13:37:30 2025 GMT] Narrator (Ema): ~[OBJECTIVE: REACH A BOAT TO ESCAPE.]~
[Thu Dec 18 13:37:42 2025 GMT] Kaela Aeona (Sonia): Ehh... True, I guess. Unless we just want to turn this into a battle royale and kill ALL of them.
[OOC][Thu Dec 18 13:37:52 2025 GMT] $: [❗] [1] Camille O'Neil action:
[She looks at the horde from afar to gauge their level]
[Thu Dec 18 13:37:52 2025 GMT] Camille O'Neil (Yew): [She looks at the horde from afar to gauge their level]
[OOC][Thu Dec 18 13:38:01 2025 GMT] $: [❗] [4] Angela Wolf action:
[And hord size, time to FEEl how big it's.]
[Thu Dec 18 13:38:01 2025 GMT] Angela Wolf (Angela): [And hord size, time to FEEl how big it's.]
[Thu Dec 18 13:38:10 2025 GMT] Camille O'Neil (Yew): If this will become a battle royal,i want a gun.
[OOC][Thu Dec 18 13:38:28 2025 GMT] $: [❗] [0] Narrator action:
[Pass a DC 4 to check for horde size.]
[Thu Dec 18 13:38:28 2025 GMT] Narrator (Ema): [Pass a DC 4 to check for horde size.]
[Thu Dec 18 13:38:35 2025 GMT] Kaela Aeona (Sonia): Does your boat at least still have its function? Are we going to get on that thing and find it having no fuel or something?
[OOC][Thu Dec 18 13:38:38 2025 GMT] $: Camille O'Neil rolled 6:6+3=9 out of 6.
[OOC][Thu Dec 18 13:38:41 2025 GMT] $: [❗] [4] Angela Wolf action:
[Awareness?]
[Thu Dec 18 13:38:41 2025 GMT] Angela Wolf (Angela): [Awareness?]
[OOC][Thu Dec 18 13:38:51 2025 GMT] $: [❗] [0] Narrator action:
[Angela checks! The horde is currently at Level 3.]
[Thu Dec 18 13:38:51 2025 GMT] Narrator (Ema): [Angela checks! The horde is currently at Level 3.]
[OOC][Thu Dec 18 13:39:10 2025 GMT] $: [❗] [0] Narrator action:
[However, it is possible to use the open space around the beach...]
[Thu Dec 18 13:39:10 2025 GMT] Narrator (Ema): [However, it is possible to use the open space around the beach...]
[Thu Dec 18 13:39:25 2025 GMT] Angela Wolf (Angela): There are more zombies then any hord we see before.
[OOC][Thu Dec 18 13:39:46 2025 GMT] $: [❗] [0] Narrator action:
[You hear the growls of zombies coming from inside.]
[Thu Dec 18 13:39:46 2025 GMT] Narrator (Ema): [You hear the growls of zombies coming from inside.]
[OOC][Thu Dec 18 13:39:54 2025 GMT] $: [❗] [4] Angela Wolf action:
[Is there any usuful buildings around?]
[Thu Dec 18 13:39:54 2025 GMT] Angela Wolf (Angela): [Is there any usuful buildings around?]
[OOC][Thu Dec 18 13:39:59 2025 GMT] $: Narrator rolled 3 out of 3.
[OOC][Thu Dec 18 13:40:03 2025 GMT] $: [❗] [2] Kaela Aeona action:
*Oh yeah, any furniture that will barricade THIS door?*
[Thu Dec 18 13:40:03 2025 GMT] Kaela Aeona (Sonia): *Oh yeah, any furniture that will barricade THIS door?*
[OOC][Thu Dec 18 13:40:08 2025 GMT] RJ: Yo RQ when do I join? Just wanna know 
[OOC][Thu Dec 18 13:40:25 2025 GMT] $: [❗] [0] Narrator action:
[Angela, roll a DC 7 on Awareness.]
[Thu Dec 18 13:40:25 2025 GMT] Narrator (Ema): [Angela, roll a DC 7 on Awareness.]
[OOC][Thu Dec 18 13:40:38 2025 GMT] $: [❗] [0] Narrator action:
[You have been ambushed!]
[Thu Dec 18 13:40:38 2025 GMT] Narrator (Ema): [You have been ambushed!]
[OOC][Thu Dec 18 13:40:40 2025 GMT] $: Angela Wolf rolled 5:5+5=10 out of 6.
[Thu Dec 18 13:40:46 2025 GMT] Ema has played a song: crisis and action/[AAI2] Trifle of Fate.ogg
[OOC][Thu Dec 18 13:41:16 2025 GMT] $: [❗] [0] Narrator action:
[You spot the zombie before it manages to grip onto your body in time.]
[Thu Dec 18 13:41:16 2025 GMT] Narrator (Ema): [You spot the zombie before it manages to grip onto your body in time.]
[OOC][Thu Dec 18 13:41:21 2025 GMT] $: [❗] [0] Narrator action:
[However, it does not relent.]
[Thu Dec 18 13:41:21 2025 GMT] Narrator (Ema): [However, it does not relent.]
[Thu Dec 18 13:41:29 2025 GMT] Camille O'Neil (Yew): Is it me or is it getting windy in here- OH COME ON!
[Thu Dec 18 13:41:51 2025 GMT] Camille O'Neil (Yew): Kaela help!
[OOC][Thu Dec 18 13:41:51 2025 GMT] $: [❗] [0] Narrator action:
[Roll for Endurance, DC 5 to pass.]
[Thu Dec 18 13:41:51 2025 GMT] Narrator (Ema): [Roll for Endurance, DC 5 to pass.]
[OOC][Thu Dec 18 13:41:57 2025 GMT] $: [❗] [2] Kaela Aeona action:
*That zombrero can meet the end of this knife. This is why we have Danger Sense!*
[Thu Dec 18 13:41:57 2025 GMT] Kaela Aeona (Sonia): *That zombrero can meet the end of this knife. This is why we have Danger Sense!*
[OOC][Thu Dec 18 13:42:09 2025 GMT] [GM]Ike: I'm definitely getting the system for ambush mixed up here somehow
[OOC][Thu Dec 18 13:42:14 2025 GMT] [GM]Ike: Okay
[OOC][Thu Dec 18 13:42:19 2025 GMT] [GM]Ike: Kaela I'll let you move first
[OOC][Thu Dec 18 13:42:33 2025 GMT] $: [❗] [0] Narrator action:
[You stab the zombie before it manages to land another hit.]
[Thu Dec 18 13:42:33 2025 GMT] Narrator (Ema): [You stab the zombie before it manages to land another hit.]
[OOC][Thu Dec 18 13:42:39 2025 GMT] Smiles: Camille would autopass endurance anyway lol
[OOC][Thu Dec 18 13:42:40 2025 GMT] $: [❗] [0] Narrator action:
[There is more coming.]
[Thu Dec 18 13:42:40 2025 GMT] Narrator (Ema): [There is more coming.]
[OOC][Thu Dec 18 13:42:47 2025 GMT] $: [❗] [0] Narrator action:
[You may navigate to another place.]
[Thu Dec 18 13:42:47 2025 GMT] Narrator (Ema): [You may navigate to another place.]
[OOC][Thu Dec 18 13:42:58 2025 GMT] $: [❗] [0] Narrator action:
[Where do you choose to go? The beachouses, or the poolside?]
[Thu Dec 18 13:42:58 2025 GMT] Narrator (Ema): [Where do you choose to go? The beachouses, or the poolside?]
[OOC][Thu Dec 18 13:43:08 2025 GMT] $: [❗] [0] Narrator action:
[You may also go towards the docks near the shore, however...]
[Thu Dec 18 13:43:08 2025 GMT] Narrator (Ema): [You may also go towards the docks near the shore, however...]
[OOC][Thu Dec 18 13:43:17 2025 GMT] $: [❗] [0] Narrator action:
[The level 3 horde still blocks the way.]
[Thu Dec 18 13:43:17 2025 GMT] Narrator (Ema): [The level 3 horde still blocks the way.]
[OOC][Thu Dec 18 13:43:21 2025 GMT] $: [❗] [4] Angela Wolf action:
[So, what we find? Which is more safe way?]
[Thu Dec 18 13:43:21 2025 GMT] Angela Wolf (Angela): [So, what we find? Which is more safe way?]
[OOC][Thu Dec 18 13:43:39 2025 GMT] Redfield: I'd vote for the beachhouses
[Thu Dec 18 13:43:45 2025 GMT] Kaela Aeona (Sonia): You fancy someone snuck a gun in around here? Doubt it, but it'd be incredibly helpful.
[OOC][Thu Dec 18 13:43:57 2025 GMT] $: [❗] [0] Narrator action:
[Roll awareness, Angela.]
[Thu Dec 18 13:43:57 2025 GMT] Narrator (Ema): [Roll awareness, Angela.]
[Thu Dec 18 13:44:01 2025 GMT] Camille O'Neil (Yew): Of course,it's the 'muricain way.
[OOC][Thu Dec 18 13:44:02 2025 GMT] $: Angela Wolf rolled 3:3+5=8 out of 6.
[OOC][Thu Dec 18 13:44:23 2025 GMT] $: [❗] [0] Narrator action:
[I'll only allow this last roll to be made before you guys need to make a decision because I'm highkey fumbling right now]
[Thu Dec 18 13:44:23 2025 GMT] Narrator (Ema): [I'll only allow this last roll to be made before you guys need to make a decision because I'm highkey fumbling right now]
[OOC][Thu Dec 18 13:44:42 2025 GMT] Smiles: hugging ike rn
[OOC][Thu Dec 18 13:44:48 2025 GMT] Smiles: this is going fairly smoothly
[OOC][Thu Dec 18 13:44:59 2025 GMT] Detectv: Yeah, agreed.
[OOC][Thu Dec 18 13:45:01 2025 GMT] [GM]Ike: THIS WAS HARDER THAN I EXPECTED
[OOC][Thu Dec 18 13:45:01 2025 GMT] RJ: Jinx right here
[OOC][Thu Dec 18 13:45:05 2025 GMT] [GM]Ike: HI RJJ
[OOC][Thu Dec 18 13:45:09 2025 GMT] [GM]Ike: YOU CAN ENTER
[OOC][Thu Dec 18 13:45:09 2025 GMT] RJ: Howdy
[OOC][Thu Dec 18 13:45:15 2025 GMT] Redfield: Btw
[OOC][Thu Dec 18 13:45:16 2025 GMT] Smiles: ooh are we getting another mid game player???
[OOC][Thu Dec 18 13:45:18 2025 GMT] Redfield: one hour has passed
[OOC][Thu Dec 18 13:45:31 2025 GMT] [GM]Ike: Right now, the three women players and a middle aged guy are being closed in by zom,bies from inside the resort
[OOC][Thu Dec 18 13:45:36 2025 GMT] Smiles: okay slap a character in the doc
[OOC][Thu Dec 18 13:45:40 2025 GMT] [GM]Ike: One hour left until mission fail
[OOC][Thu Dec 18 13:45:55 2025 GMT] Smiles: we currently have fighter, awareness, and the zombie avoider
[OOC][Thu Dec 18 13:45:56 2025 GMT] [GM]Ike: Current objective is to reach the dock and escape through the boat
[OOC][Thu Dec 18 13:46:04 2025 GMT] [GM]Ike: also has angela rolled
[OOC][Thu Dec 18 13:46:09 2025 GMT] Smiles: yes
[OOC][Thu Dec 18 13:46:10 2025 GMT] Redfield: Yes,success
[OOC][Thu Dec 18 13:46:12 2025 GMT] [GM]Ike: fuck
[OOC][Thu Dec 18 13:46:14 2025 GMT] [GM]Ike: I missed it
[OOC][Thu Dec 18 13:46:14 2025 GMT] Smiles: she passed
[OOC][Thu Dec 18 13:46:17 2025 GMT] Redfield: She got 8
[OOC][Thu Dec 18 13:46:17 2025 GMT] Smiles: and then it got buried
[OOC][Thu Dec 18 13:46:55 2025 GMT] $: [❗] [0] Narrator action:
[With your senses, you see past through the poolside and figure out that the poolside poses a far larger threat in view.]
[Thu Dec 18 13:46:55 2025 GMT] Narrator (Ema): [With your senses, you see past through the poolside and figure out that the poolside poses a far larger threat in view.]
[Thu Dec 18 13:47:04 2025 GMT] Kaela Aeona (Sonia): Sir, asking again. Your boat WILL work if we get on it, right? I can't exactly tell from here if it's fuel powered or a sailboat.
[Thu Dec 18 13:47:24 2025 GMT] Panicked Worker (Guy): IT IS! A HUNK OF A YACHT, MINE IS.
[OOC][Thu Dec 18 13:47:34 2025 GMT] RJ: Is Angie base content?
[OOC][Thu Dec 18 13:47:44 2025 GMT] $: [❗] [2] Kaela Aeona action:
This thing better have fuel. *Beachhouses it is.*
[Thu Dec 18 13:47:44 2025 GMT] Kaela Aeona (Sonia): This thing better have fuel. *Beachhouses it is.*
[Thu Dec 18 13:47:46 2025 GMT] Angela Wolf (Angela): Beachouses, lesser level of danger. We should go through there.
[OOC][Thu Dec 18 13:48:04 2025 GMT] Smiles: i hope she is
[OOC][Thu Dec 18 13:48:07 2025 GMT] Ike: rj
[OOC][Thu Dec 18 13:48:09 2025 GMT] $: [❗] [4] Angela Wolf action:
[Moving out.]
[Thu Dec 18 13:48:09 2025 GMT] Angela Wolf (Angela): [Moving out.]
[Thu Dec 18 13:48:11 2025 GMT] Camille O'Neil (Yew): I've always wanted to scavenge through people's houses,i'm game!
[OOC][Thu Dec 18 13:48:14 2025 GMT] Ike: you can appear when they enter the beachhouse
[OOC][Thu Dec 18 13:48:16 2025 GMT] Smiles: i know dr1 and 2 should be
[OOC][Thu Dec 18 13:48:18 2025 GMT] $: [❗] [1] Camille O'Neil action:
[Moves out to the beahchouses]
[Thu Dec 18 13:48:18 2025 GMT] Camille O'Neil (Yew): [Moves out to the beahchouses]
[OOC][Thu Dec 18 13:48:31 2025 GMT] $: Locked pos into beachouseext.
[Thu Dec 18 13:48:35 2025 GMT] Kaela Aeona (Sonia): Videogame antics much?
[OOC][Thu Dec 18 13:48:39 2025 GMT] [GM]Ike: BWAHS
[OOC][Thu Dec 18 13:48:53 2025 GMT] RJ: Nah I tried looking. I’ll stick to my original then
[OOC][Thu Dec 18 13:48:57 2025 GMT] Smiles: bg death
[Thu Dec 18 13:49:00 2025 GMT] Camille O'Neil (Yew): I played a lot of 'em as a kid,alongside gymnastics.
[Thu Dec 18 13:49:17 2025 GMT] Camille O'Neil (Yew): Then the paperwork hit.
[Thu Dec 18 13:49:21 2025 GMT] Angela Wolf (Angela): I would say much about those actions in normal times, but sadly we are not during them.
[OOC][Thu Dec 18 13:49:36 2025 GMT] $: [7] YTTD/Nao Egokoro enters from Hub [0] Main.
[OOC][Thu Dec 18 13:49:47 2025 GMT] $: Locked pos into beachhouseext.
[OOC][Thu Dec 18 13:49:51 2025 GMT] Smiles: we can always slap on like ten minutes to account for the gm struggle
[OOC][Thu Dec 18 13:49:52 2025 GMT] $: [❗] [0] Narrator action:
[You move to the beach house.]
[Thu Dec 18 13:49:52 2025 GMT] Narrator (Ema): [You move to the beach house.]
[OOC][Thu Dec 18 13:49:54 2025 GMT] R: Oh I thought I Dced on my other one
[OOC][Thu Dec 18 13:49:57 2025 GMT] [GM]Ike: THERE WE GO
[OOC][Thu Dec 18 13:49:59 2025 GMT] R: Can I spawn here?
[OOC][Thu Dec 18 13:50:00 2025 GMT] [GM]Ike: RJ, you may enter
[OOC][Thu Dec 18 13:50:01 2025 GMT] [GM]Ike: yes
[OOC][Thu Dec 18 13:50:09 2025 GMT] [GM]Ike: You can say you own this beachhouse room
[OOC][Thu Dec 18 13:50:26 2025 GMT] [GM]Ike: I'll give you guys extra time on the clock by the way if it runs out
[OOC][Thu Dec 18 13:50:29 2025 GMT] Smiles: rj put yo char in the doc
[OOC][Thu Dec 18 13:50:32 2025 GMT] $: [❗] [7] YTTD/Nao Egokoro action:
[A Smiling women with pink hair is here] Ah, hello there! Visitors
[Thu Dec 18 13:50:32 2025 GMT] Nao: [A Smiling women with pink hair is here] Ah, hello there! Visitors
[OOC][Thu Dec 18 13:50:36 2025 GMT] [GM]Ike: Because I've jumbled stuff around on my end
[OOC][Thu Dec 18 13:50:45 2025 GMT] [GM]Ike: Wait is yttd in the base
[Thu Dec 18 13:50:53 2025 GMT] Kaela Aeona (Sonia): Hey, zombie apocalypse started. We need in here now.
[Thu Dec 18 13:50:56 2025 GMT] Camille O'Neil (Yew): Drop the customer rep talk girl,society is dying.
[Thu Dec 18 13:51:04 2025 GMT] Angela Wolf (Angela): Greetings, miss.
[Thu Dec 18 13:51:04 2025 GMT] Nao: Oh I
[OOC][Thu Dec 18 13:51:15 2025 GMT] Redfield: I'm seeing it sooo
[Thu Dec 18 13:51:17 2025 GMT] Pink haired Women (Nao): i'm aware
[OOC][Thu Dec 18 13:51:20 2025 GMT] $: [❗] [0] Narrator action:
[In the open view, there are zombies feasting on the corpses of other people's bodies in view.]
[Thu Dec 18 13:51:20 2025 GMT] Narrator (Ema): [In the open view, there are zombies feasting on the corpses of other people's bodies in view.]
[OOC][Thu Dec 18 13:51:30 2025 GMT] $: [❗] [0] Narrator action:
[...Wow, okay, girl.]
[Thu Dec 18 13:51:30 2025 GMT] Narrator (Ema): [...Wow, okay, girl.]
[OOC][Thu Dec 18 13:51:48 2025 GMT] Redfield: Which one? We are all girls here
[OOC][Thu Dec 18 13:51:54 2025 GMT] Smiles: girl power
[OOC][Thu Dec 18 13:51:58 2025 GMT] Smiles: the collective girl
[Thu Dec 18 13:52:02 2025 GMT] Angela Wolf (Angela): We should get everything useful we can here and go towards the boat.
[Thu Dec 18 13:52:03 2025 GMT] Pink haired Women (Nao): Why don't you come inside and rest for a moment to prepare for whatever you're trying
[OOC][Thu Dec 18 13:52:10 2025 GMT] $: [❗] [0] Narrator action:
[From behind where you have came from, you see in the distance come out into the exit of the resort!]
[Thu Dec 18 13:52:10 2025 GMT] Narrator (Ema): [From behind where you have came from, you see in the distance come out into the exit of the resort!]
[OOC][Thu Dec 18 13:52:25 2025 GMT] Smiles: a what came out
[OOC][Thu Dec 18 13:52:25 2025 GMT] Redfield: I'm guessing that's the horde we ignored
[Thu Dec 18 13:52:33 2025 GMT] Angela Wolf (Angela): Unless you would like to get eaten by zombies, miss.
[OOC][Thu Dec 18 13:52:33 2025 GMT] Redfield: Truly smiles,you are an oracle.
[OOC][Thu Dec 18 13:52:34 2025 GMT] [GM]Ike: yup
[Thu Dec 18 13:52:34 2025 GMT] Kaela Aeona (Sonia): Yeah, we're trying to not die today. We're about to fight a big ass horde.
[OOC][Thu Dec 18 13:52:41 2025 GMT] $: [❗] [1] Camille O'Neil action:
[Is it possible to sneak to one of the houses?]
[Thu Dec 18 13:52:41 2025 GMT] Camille O'Neil (Yew): [Is it possible to sneak to one of the houses?]
[OOC][Thu Dec 18 13:52:58 2025 GMT] $: [❗] [0] Narrator action:
[You may.]
[Thu Dec 18 13:52:58 2025 GMT] Narrator (Ema): [You may.]
[Thu Dec 18 13:52:58 2025 GMT] Pink haired Women (Nao): Oh don't worry. I shall not be forsaken by these currupt believers
[OOC][Thu Dec 18 13:53:15 2025 GMT] $: [❗] [1] Camille O'Neil action:
[She goes to one of the houses]
[Thu Dec 18 13:53:15 2025 GMT] Camille O'Neil (Yew): [She goes to one of the houses]
[Thu Dec 18 13:53:29 2025 GMT] Kaela Aeona (Sonia): So anything shooty in here? Some of us are bad at stabbing.
[OOC][Thu Dec 18 13:53:32 2025 GMT] $: [❗] [0] Narrator action:
[Do you enter?]
[Thu Dec 18 13:53:32 2025 GMT] Narrator (Ema): [Do you enter?]
[OOC][Thu Dec 18 13:53:38 2025 GMT] $: [❗] [0] Narrator action:
[You may check if there's anything inside
[Thu Dec 18 13:53:38 2025 GMT] Narrator (Ema): [You may check if there's anything inside
[Thu Dec 18 13:53:45 2025 GMT] Kaela Aeona (Sonia): I don't count for that, though. I'm INCREDIBLE at stabbing.
[OOC][Thu Dec 18 13:54:01 2025 GMT] $: [❗] [1] Camille O'Neil action:
[Do i have to enter to check if there's anything inside?]
[Thu Dec 18 13:54:01 2025 GMT] Camille O'Neil (Yew): [Do i have to enter to check if there's anything inside?]
[OOC][Thu Dec 18 13:54:07 2025 GMT] $: [❗] [0] Narrator action:
[A reminder, you're all free to do actions whenever!]
[Thu Dec 18 13:54:07 2025 GMT] Narrator (Ema): [A reminder, you're all free to do actions whenever!]
[OOC][Thu Dec 18 13:54:12 2025 GMT] $: [❗] [4] Angela Wolf action:
[Comes with office worker as a danger sence.]
[Thu Dec 18 13:54:12 2025 GMT] Angela Wolf (Angela): [Comes with office worker as a danger sence.]
[OOC][Thu Dec 18 13:54:14 2025 GMT] $: [❗] [0] Narrator action:
[Yup, you need to enter to scavenge.]
[Thu Dec 18 13:54:14 2025 GMT] Narrator (Ema): [Yup, you need to enter to scavenge.]
[OOC][Thu Dec 18 13:54:21 2025 GMT] $: [❗] [0] Narrator action:
[Ah right, Angela.]
[Thu Dec 18 13:54:21 2025 GMT] Narrator (Ema): [Ah right, Angela.]
[OOC][Thu Dec 18 13:54:33 2025 GMT] $: [❗] [0] Narrator action:
[You see there's a lone straggler inside the house you're checking.]
[Thu Dec 18 13:54:33 2025 GMT] Narrator (Ema): [You see there's a lone straggler inside the house you're checking.]
[Thu Dec 18 13:54:44 2025 GMT] Kaela Aeona (Sonia): Anything I gotta stab in there?
[Thu Dec 18 13:54:56 2025 GMT] Camille O'Neil (Yew): Yup,can you deal with it?
[OOC][Thu Dec 18 13:55:04 2025 GMT] $: [❗] [2] Kaela Aeona action:
*Stab stab stabby stab stab!*
[Thu Dec 18 13:55:05 2025 GMT] Kaela Aeona (Sonia): *Stab stab stabby stab stab!*
[Thu Dec 18 13:55:13 2025 GMT] Pink haired Women (Nao): Oh right, I forgot to introduce myself. I am Tru Stem. Who are you three?
[OOC][Thu Dec 18 13:55:14 2025 GMT] Redfield: You should enter the house first
[OOC][Thu Dec 18 13:55:18 2025 GMT] $: [❗] [0] Narrator action:
[The straggler goes down!]
[Thu Dec 18 13:55:18 2025 GMT] Narrator (Ema): [The straggler goes down!]
[Thu Dec 18 13:55:23 2025 GMT] Camille O'Neil (Yew): Camille O'Neil.
[OOC][Thu Dec 18 13:55:26 2025 GMT] $: [❗] [0] Narrator action:
[You may enter the beach house.]
[Thu Dec 18 13:55:26 2025 GMT] Narrator (Ema): [You may enter the beach house.]
[Thu Dec 18 13:55:32 2025 GMT] Camille O'Neil (Yew): We're trying to escape,wanna come with?
[OOC][Thu Dec 18 13:55:39 2025 GMT] $: [❗] [1] Camille O'Neil action:
[She enters the house and starts scavenging]
[Thu Dec 18 13:55:39 2025 GMT] Camille O'Neil (Yew): [She enters the house and starts scavenging]
[Thu Dec 18 13:55:40 2025 GMT] Panicked Worker (Guy): Come on, let's get movin' already!
[Thu Dec 18 13:55:48 2025 GMT] Tru Stem (Nao): I would be delighted. For now, please come in. It's safer inside
[OOC][Thu Dec 18 13:55:53 2025 GMT] $: [❗] [4] Angela Wolf action:
Angela Wolf.[Scavege.]
[Thu Dec 18 13:55:53 2025 GMT] Angela Wolf (Angela): Angela Wolf.[Scavege.]
[Thu Dec 18 13:56:09 2025 GMT] Tru Stem (Nao): My lord may protect me, but I'm unsure of you all
[Thu Dec 18 13:56:10 2025 GMT] Kaela Aeona (Sonia): Good sir, we are trying to get ourselves a means to not die.
[OOC][Thu Dec 18 13:56:13 2025 GMT] $: Angela Wolf rolled 6:6+3=9 out of 6.
[OOC][Thu Dec 18 13:56:15 2025 GMT] $: Camille O'Neil rolled 4:4+2=6 out of 6.
[OOC][Thu Dec 18 13:56:26 2025 GMT] $: [❗] [0] Narrator action:
[Roll a five to clear DC, oh okay nice]
[Thu Dec 18 13:56:26 2025 GMT] Narrator (Ema): [Roll a five to clear DC, oh okay nice]
[OOC][Thu Dec 18 13:56:51 2025 GMT] $: [❗] [0] Narrator action:
[In the bags of the house, you find fireworks.]
[Thu Dec 18 13:56:51 2025 GMT] Narrator (Ema): [In the bags of the house, you find fireworks.]
[Thu Dec 18 13:57:02 2025 GMT] Angela Wolf (Angela): Trying to fight hord with just a knifes and golf clubs is on the scale of suiside.
[OOC][Thu Dec 18 13:57:10 2025 GMT] $: [❗] [2] Kaela Aeona action:
*Whatever house she just nuked that zuhmbre in, she also starts like scavenging and things.*
[Thu Dec 18 13:57:10 2025 GMT] Kaela Aeona (Sonia): *Whatever house she just nuked that zuhmbre in, she also starts like scavenging and things.*
[Thu Dec 18 13:57:17 2025 GMT] Camille O'Neil (Yew): Fireworks,not bad.
[OOC][Thu Dec 18 13:57:25 2025 GMT] $: Kaela Aeona rolled 2:2+4=6 out of 6.
[OOC][Thu Dec 18 13:57:27 2025 GMT] $: [❗] [0] Narrator action:
[It can be ignited in a direction you choose! Careful with the launch though, you'll need to roll for Technology to prevent misfires.]
[Thu Dec 18 13:57:27 2025 GMT] Narrator (Ema): [It can be ignited in a direction you choose! Careful with the launch though, you'll need to roll for Technology to prevent misfires.]
[Thu Dec 18 13:57:36 2025 GMT] Tru Stem (Nao): Oh, I was planning on using those, but if they'll serve a purpose, I shall allow you to use them
[OOC][Thu Dec 18 13:57:45 2025 GMT] $: [❗] [0] Narrator action:
[Angela, you notice an ambush creeping onto your way.]
[Thu Dec 18 13:57:45 2025 GMT] Narrator (Ema): [Angela, you notice an ambush creeping onto your way.]
[OOC][Thu Dec 18 13:57:49 2025 GMT] $: [❗] [7] Tru Stem action:
In exchange, do you happen to have anything |sharp| I can borrow?
[Thu Dec 18 13:57:49 2025 GMT] Tru Stem (Nao): In exchange, do you happen to have anything |sharp| I can borrow?
[Thu Dec 18 13:57:58 2025 GMT] Angela Wolf (Angela): Look out!
[Thu Dec 18 13:58:01 2025 GMT] Camille O'Neil (Yew): Yah,do you want a Sushi knife?
[OOC][Thu Dec 18 13:58:05 2025 GMT] $: Narrator rolled 2 out of 5.
[Thu Dec 18 13:58:08 2025 GMT] Tru Stem (Nao): Yes that would be perfect
[Thu Dec 18 13:58:09 2025 GMT] Kaela Aeona (Sonia): I've got the feeling we should hand that to miss Tru over here. She seems like she knows how to use them-
[OOC][Thu Dec 18 13:58:15 2025 GMT] $: [❗] [1] Camille O'Neil action:
[She quickly gives her Sushi Knife to Stem]
[Thu Dec 18 13:58:15 2025 GMT] Camille O'Neil (Yew): [She quickly gives her Sushi Knife to Stem]
[Thu Dec 18 13:58:23 2025 GMT] Tru Stem (Nao): 
[OOC][Thu Dec 18 13:58:35 2025 GMT] R: Now to stab my own heart
[OOC][Thu Dec 18 13:58:38 2025 GMT] Smiles: confirming the scavenge roll went through
[OOC][Thu Dec 18 13:58:39 2025 GMT] $: [❗] [4] Angela Wolf action:
[She points golf club in direction.]
[Thu Dec 18 13:58:39 2025 GMT] Angela Wolf (Angela): [She points golf club in direction.]
[OOC][Thu Dec 18 13:58:43 2025 GMT] $: [❗] [0] Narrator action:
[Update your inventories!]
[Thu Dec 18 13:58:43 2025 GMT] Narrator (Ema): [Update your inventories!]
[OOC][Thu Dec 18 13:58:49 2025 GMT] Redfield: Wtf is Tru's sheet-
[OOC][Thu Dec 18 13:59:00 2025 GMT] Smiles: google docs weirdness
[OOC][Thu Dec 18 13:59:08 2025 GMT] $: [❗] [0] Narrator action:
[The zombie brings a Level 1 horde, clambering onto the stairs!]
[Thu Dec 18 13:59:08 2025 GMT] Narrator (Ema): [The zombie brings a Level 1 horde, clambering onto the stairs!]
[OOC][Thu Dec 18 13:59:14 2025 GMT] R: it's a large weapon slot?
[OOC][Thu Dec 18 13:59:22 2025 GMT] $: [❗] [0] Narrator action:
[Well, is ABOUT to bring, a Level 1 horde, specifically.]
[Thu Dec 18 13:59:22 2025 GMT] Narrator (Ema): [Well, is ABOUT to bring, a Level 1 horde, specifically.]
[OOC][Thu Dec 18 13:59:27 2025 GMT] Smiles: i moved it to small
[OOC][Thu Dec 18 13:59:36 2025 GMT] R: alr
[OOC][Thu Dec 18 13:59:37 2025 GMT] Smiles: realized it makes more sense as a small weapon
[OOC][Thu Dec 18 13:59:43 2025 GMT] Redfield: Okay
[Thu Dec 18 14:00:02 2025 GMT] Camille O'Neil (Yew): Well isn't that great?
[OOC][Thu Dec 18 14:00:04 2025 GMT] $: [❗] [2] Kaela Aeona action:
*I'll guess that scavenge roll I did is on the backburner and come out to deal with this little itty bitty problem.*
[Thu Dec 18 14:00:04 2025 GMT] Kaela Aeona (Sonia): *I'll guess that scavenge roll I did is on the backburner and come out to deal with this little itty bitty problem.*
[OOC][Thu Dec 18 14:00:10 2025 GMT] $: [❗] [0] Narrator action:
[You all have one turn left to make your move.]
[Thu Dec 18 14:00:10 2025 GMT] Narrator (Ema): [You all have one turn left to make your move.]
[OOC][Thu Dec 18 14:00:19 2025 GMT] $: [❗] [0] Narrator action:
[Oh shit when did you scavenege]
[Thu Dec 18 14:00:19 2025 GMT] Narrator (Ema): [Oh shit when did you scavenege]
[OOC][Thu Dec 18 14:00:24 2025 GMT] $: [❗] [0] Narrator action:
[I'll let that roll go through]
[Thu Dec 18 14:00:24 2025 GMT] Narrator (Ema): [I'll let that roll go through]
[OOC][Thu Dec 18 14:00:34 2025 GMT] Smiles: scavenged the house i murked the zombie in, got a six
[OOC][Thu Dec 18 14:00:35 2025 GMT] $: [❗] [4] Angela Wolf action:
[Everyone did it, if that matter.]
[Thu Dec 18 14:00:35 2025 GMT] Angela Wolf (Angela): [Everyone did it, if that matter.]
[OOC][Thu Dec 18 14:00:42 2025 GMT] $: [❗] [0] Narrator action:
[Did you succeed? DC 5 toc lear.]
[Thu Dec 18 14:00:42 2025 GMT] Narrator (Ema): [Did you succeed? DC 5 toc lear.]
[OOC][Thu Dec 18 14:00:51 2025 GMT] $: [❗] [2] Kaela Aeona action:
*Got a 6 lol*
[Thu Dec 18 14:00:51 2025 GMT] Kaela Aeona (Sonia): *Got a 6 lol*
[OOC][Thu Dec 18 14:01:10 2025 GMT] $: [❗] [4] Angela Wolf action:
[9]
[Thu Dec 18 14:01:10 2025 GMT] Angela Wolf (Angela): [9]
[OOC][Thu Dec 18 14:01:11 2025 GMT] $: [❗] [0] Narrator action:
[You find a lighter on the counter tops near an ash tray!]
[Thu Dec 18 14:01:11 2025 GMT] Narrator (Ema): [You find a lighter on the counter tops near an ash tray!]
[Thu Dec 18 14:01:34 2025 GMT] Kaela Aeona (Sonia): Well, there's a way for Miss Tru over here to set off those fireworks!
[Thu Dec 18 14:01:51 2025 GMT] Camille O'Neil (Yew): Huh? But i'm holding them.
[OOC][Thu Dec 18 14:01:54 2025 GMT] $: [❗] [0] Narrator action:
[Wait, who has the fireworks?]
[Thu Dec 18 14:01:54 2025 GMT] Narrator (Ema): [Wait, who has the fireworks?]
[OOC][Thu Dec 18 14:02:04 2025 GMT] $: [❗] [0] Narrator action:
[Ah okay, Camille holds the fireworks.]
[Thu Dec 18 14:02:04 2025 GMT] Narrator (Ema): [Ah okay, Camille holds the fireworks.]
[Thu Dec 18 14:02:06 2025 GMT] Tru Stem (Nao): Oh, I just owned them. I have no idea how to use them
[Thu Dec 18 14:02:13 2025 GMT] Kaela Aeona (Sonia): She would probably be better suited for them. Just a feeling. (She has 5 tech lol she should probably use them)
[OOC][Thu Dec 18 14:02:18 2025 GMT] $: [❗] [0] Narrator action:
[Angela, you also have one too from your roll.]
[Thu Dec 18 14:02:18 2025 GMT] Narrator (Ema): [Angela, you also have one too from your roll.]
[OOC][Thu Dec 18 14:02:19 2025 GMT] $: [❗] [4] Angela Wolf action:
[Office woman? I didn't got anything with 9?]
[Thu Dec 18 14:02:19 2025 GMT] Angela Wolf (Angela): [Office woman? I didn't got anything with 9?]
[Thu Dec 18 14:02:23 2025 GMT] Tru Stem (Nao): I'm an expert in all things tech and can learn fast though
[Thu Dec 18 14:02:32 2025 GMT] Camille O'Neil (Yew): /Figured Angela also got fireworks/
[OOC][Thu Dec 18 14:02:40 2025 GMT] $: [❗] [0] Narrator action:
[I am so sorry guys I really need to find a better way to keep track of rolls.]
[Thu Dec 18 14:02:40 2025 GMT] Narrator (Ema): [I am so sorry guys I really need to find a better way to keep track of rolls.]
[OOC][Thu Dec 18 14:02:56 2025 GMT] $: [❗] [2] Kaela Aeona action:
*Lmao you're doing better than I probably would running this*
[Thu Dec 18 14:02:56 2025 GMT] Kaela Aeona (Sonia): *Lmao you're doing better than I probably would running this*
[OOC][Thu Dec 18 14:03:03 2025 GMT] $: [❗] [1] Camille O'Neil action:
[She takes a few steps back away from the horde as her action]
[Thu Dec 18 14:03:03 2025 GMT] Camille O'Neil (Yew): [She takes a few steps back away from the horde as her action]
[OOC][Thu Dec 18 14:03:19 2025 GMT] $: [❗] [4] Angela Wolf action:
[SO, two packs of fireworks for the group, time to leave.]
[Thu Dec 18 14:03:19 2025 GMT] Angela Wolf (Angela): [SO, two packs of fireworks for the group, time to leave.]
[OOC][Thu Dec 18 14:03:23 2025 GMT] $: [❗] [0] Narrator action:
[I think we've got everybody's actions out, and so, the Level 1 horde creeps up onto the stairs!]
[Thu Dec 18 14:03:23 2025 GMT] Narrator (Ema): [I think we've got everybody's actions out, and so, the Level 1 horde creeps up onto the stairs!]
[Thu Dec 18 14:03:46 2025 GMT] Kaela Aeona (Sonia): Okay, STAY NEAR ME. I WILL kill these things if they hurt you.
[OOC][Thu Dec 18 14:04:08 2025 GMT] $: [❗] [0] Narrator action:
[You are now engaged in combat... again/]
[Thu Dec 18 14:04:08 2025 GMT] Narrator (Ema): [You are now engaged in combat... again/]
[Thu Dec 18 14:04:11 2025 GMT] Camille O'Neil (Yew): I'd prefer if you'd kill them BEFORE they hurt us.
[Thu Dec 18 14:04:14 2025 GMT] Tru Stem (Nao): Do not worry for me. I have faith in my lord.
[Thu Dec 18 14:04:22 2025 GMT] Narrator (Ema): ~~KAELA'S TURN~~
[Thu Dec 18 14:04:27 2025 GMT] Kaela Aeona (Sonia): I can do that too. Just also like doing it again when they do.
[OOC][Thu Dec 18 14:04:36 2025 GMT] [GM]Ike: OKAY
[OOC][Thu Dec 18 14:04:37 2025 GMT] [GM]Ike: WE
[OOC][Thu Dec 18 14:04:41 2025 GMT] $: [❗] [2] Kaela Aeona action:
*I love spamming my knife on everything ever!*
[Thu Dec 18 14:04:41 2025 GMT] Kaela Aeona (Sonia): *I love spamming my knife on everything ever!*
[OOC][Thu Dec 18 14:04:44 2025 GMT] [GM]Ike: ARE OFFICIALLY IN TURN ORDER MODE 
[OOC][Thu Dec 18 14:04:49 2025 GMT] [GM]Ike: I AM SO SORRY IT TOOK THIS LONG
[OOC][Thu Dec 18 14:05:14 2025 GMT] R: Wait can I use divine intervention on myself XD. It's an insane gamble tho and if I fail once I skip my turn.
[OOC][Thu Dec 18 14:05:14 2025 GMT] Smiles: more competent of a gm than me who straight up spaces out while running and then gets confused why i'm being called to do something
[Thu Dec 18 14:05:24 2025 GMT] Camille O'Neil (Yew): //Okay weak gals,who wants to start first?
[OOC][Thu Dec 18 14:05:32 2025 GMT] $: [❗] [0] Narrator action:
[You deal two damage to the level one horde!]
[Thu Dec 18 14:05:32 2025 GMT] Narrator (Ema): [You deal two damage to the level one horde!]
[OOC][Thu Dec 18 14:05:39 2025 GMT] $: [❗] [0] Narrator action:
[2/4 HP left.]
[Thu Dec 18 14:05:39 2025 GMT] Narrator (Ema): [2/4 HP left.]
[Thu Dec 18 14:05:43 2025 GMT] Camille O'Neil (Yew): //Between us three who have like,barely any forms.
[OOC][Thu Dec 18 14:05:52 2025 GMT] $: [❗] [0] Narrator action:
[You have one last fast action to perform.]
[Thu Dec 18 14:05:52 2025 GMT] Narrator (Ema): [You have one last fast action to perform.]
[Thu Dec 18 14:06:03 2025 GMT] Tru Stem (Nao): You all will not need my support for this will not be a challenge
[OOC][Thu Dec 18 14:06:08 2025 GMT] $: [❗] [2] Kaela Aeona action:
*Oh shit I didn't think this far*
[Thu Dec 18 14:06:09 2025 GMT] Kaela Aeona (Sonia): *Oh shit I didn't think this far*
[OOC][Thu Dec 18 14:06:18 2025 GMT] $: [❗] [4] Angela Wolf action:
[All 3 have same form.]
[Thu Dec 18 14:06:18 2025 GMT] Angela Wolf (Angela): [All 3 have same form.]
[OOC][Thu Dec 18 14:06:21 2025 GMT] Redfield: So Nao will go last?
[OOC][Thu Dec 18 14:06:41 2025 GMT] R: I have a weapon so sure
[OOC][Thu Dec 18 14:06:47 2025 GMT] $: [❗] [0] Narrator action:
[Fuuu wait okay]
[Thu Dec 18 14:06:47 2025 GMT] Narrator (Ema): [Fuuu wait okay]
[Thu Dec 18 14:06:49 2025 GMT] Camille O'Neil (Yew): Hey Angela,you should deal with the hord too.
[OOC][Thu Dec 18 14:06:55 2025 GMT] $: [❗] [2] Kaela Aeona action:
*Let's stand in front of Camille real quick to try to keep the attacks off of her.*
[Thu Dec 18 14:06:55 2025 GMT] Kaela Aeona (Sonia): *Let's stand in front of Camille real quick to try to keep the attacks off of her.*
[OOC][Thu Dec 18 14:07:02 2025 GMT] $: [❗] [0] Narrator action:
[SMILES WHAT'S THE RULING ON THE TURN ORDER IF EVERYONE ELSE HAS THE SAME FORM]
[Thu Dec 18 14:07:02 2025 GMT] Narrator (Ema): [SMILES WHAT'S THE RULING ON THE TURN ORDER IF EVERYONE ELSE HAS THE SAME FORM]
[Thu Dec 18 14:07:09 2025 GMT] Camille O'Neil (Yew): //I can answer that
[OOC][Thu Dec 18 14:07:11 2025 GMT] $: [❗] [2] Kaela Aeona action:
*They decide who goes*
[Thu Dec 18 14:07:11 2025 GMT] Kaela Aeona (Sonia): *They decide who goes*
[Thu Dec 18 14:07:14 2025 GMT] Camille O'Neil (Yew): //That
[Thu Dec 18 14:07:20 2025 GMT] Tru Stem (Nao): Do not waste the fireworks now. That's a suprised tool that will be useful later
[OOC][Thu Dec 18 14:07:20 2025 GMT] Redfield: I propose Angela>Camille>Tsu
[OOC][Thu Dec 18 14:07:24 2025 GMT] $: [❗] [0] Narrator action:
[Okay! Between you three, you all can decide who goes next.]
[Thu Dec 18 14:07:24 2025 GMT] Narrator (Ema): [Okay! Between you three, you all can decide who goes next.]
[OOC][Thu Dec 18 14:07:43 2025 GMT] $: [❗] [0] Narrator action:
[So... whoever wants next dibs, claim it now,]
[Thu Dec 18 14:07:43 2025 GMT] Narrator (Ema): [So... whoever wants next dibs, claim it now,]
[OOC][Thu Dec 18 14:07:47 2025 GMT] Smiles: i remember pepper and calem deciding once in first run and cw just treating that as the turn order for the rest of the game
[OOC][Thu Dec 18 14:07:58 2025 GMT] $: [❗] [4] Angela Wolf action:
Affirmative. [Knife has more damage.]
[Thu Dec 18 14:07:58 2025 GMT] Angela Wolf (Angela): Affirmative. [Knife has more damage.]
[OOC][Thu Dec 18 14:08:08 2025 GMT] Smiles: and it resulting in pepper constantly having to pass turn to calem to let him do his tech boy thing
[Thu Dec 18 14:08:09 2025 GMT] Narrator (Ema): ~~ANGELA'S TURN.~~
[OOC][Thu Dec 18 14:08:24 2025 GMT] $: [❗] [4] Angela Wolf action:
[Anyway, attack.]
[Thu Dec 18 14:08:24 2025 GMT] Angela Wolf (Angela): [Anyway, attack.]
[OOC][Thu Dec 18 14:08:37 2025 GMT] $: Angela Wolf rolled 6:6+2=8 out of 6.
[OOC][Thu Dec 18 14:08:39 2025 GMT] $: [❗] [0] Narrator action:
[Roll on Form, DC 4 to beat.]
[Thu Dec 18 14:08:39 2025 GMT] Narrator (Ema): [Roll on Form, DC 4 to beat.]
[OOC][Thu Dec 18 14:08:47 2025 GMT] $: [❗] [0] Narrator action:
[JFCCC OKAY.]
[Thu Dec 18 14:08:47 2025 GMT] Narrator (Ema): [JFCCC OKAY.]
[OOC][Thu Dec 18 14:09:10 2025 GMT] $: [❗] [0] Narrator action:
[WAIT ANGELA HAS A KNIFE?]
[Thu Dec 18 14:09:10 2025 GMT] Narrator (Ema): [WAIT ANGELA HAS A KNIFE?]
[OOC][Thu Dec 18 14:09:21 2025 GMT] $: [❗] [4] Angela Wolf action:
[No, golf club.]
[Thu Dec 18 14:09:21 2025 GMT] Angela Wolf (Angela): [No, golf club.]
[OOC][Thu Dec 18 14:09:39 2025 GMT] $: [❗] [0] Narrator action:
[Ah, okay. Saw the word knife.]
[Thu Dec 18 14:09:39 2025 GMT] Narrator (Ema): [Ah, okay. Saw the word knife.]
[OOC][Thu Dec 18 14:09:47 2025 GMT] $: [❗] [2] Kaela Aeona action:
*Girl got a hole in one on that damn enemy*
[Thu Dec 18 14:09:47 2025 GMT] Kaela Aeona (Sonia): *Girl got a hole in one on that damn enemy*
[Thu Dec 18 14:09:47 2025 GMT] Camille O'Neil (Yew): //Yeah,a happy accident
[OOC][Thu Dec 18 14:10:07 2025 GMT] $: [❗] [0] Narrator action:
[Your hit lands sucesfully! There is one lone straggler left clambering through the stairs, as you pummel your way through.]
[Thu Dec 18 14:10:07 2025 GMT] Narrator (Ema): [Your hit lands sucesfully! There is one lone straggler left clambering through the stairs, as you pummel your way through.]
[OOC][Thu Dec 18 14:10:16 2025 GMT] $: [❗] [0] Narrator action:
[You have one last fast action left.]
[Thu Dec 18 14:10:16 2025 GMT] Narrator (Ema): [You have one last fast action left.]
[OOC][Thu Dec 18 14:10:28 2025 GMT] $: [❗] [7] Tru Stem action:
[Nao just smiles and stands back] I trust you all can handle such an easy challenge
[Thu Dec 18 14:10:28 2025 GMT] Tru Stem (Nao): [Nao just smiles and stands back] I trust you all can handle such an easy challenge
[OOC][Thu Dec 18 14:10:46 2025 GMT] RJ: woops not Nao
[OOC][Thu Dec 18 14:10:48 2025 GMT] RJ: tru
[Thu Dec 18 14:10:52 2025 GMT] Angela Wolf (Angela): You literally taken a knife of our office worker.
[Thu Dec 18 14:10:52 2025 GMT] Sei Laure (Guy): Well... I'll be, you youngun's seem to got it covered!
[Thu Dec 18 14:11:15 2025 GMT] Tru Stem (Nao): I suppose I do. Well Nothing can be done. I suppose I have to get involved
[OOC][Thu Dec 18 14:11:26 2025 GMT] $: [❗] [3] Sei Laure action:
[Angela, fast action?]
[Thu Dec 18 14:11:26 2025 GMT] Sei Laure (Guy): [Angela, fast action?]
[OOC][Thu Dec 18 14:11:37 2025 GMT] $: [❗] [0] Narrator action:
[You may use it to leave the area.]
[Thu Dec 18 14:11:37 2025 GMT] Narrator (Ema): [You may use it to leave the area.]
[OOC][Thu Dec 18 14:11:38 2025 GMT] $: [❗] [4] Angela Wolf action:
[What we can do, again?]
[Thu Dec 18 14:11:38 2025 GMT] Angela Wolf (Angela): [What we can do, again?]
[OOC][Thu Dec 18 14:11:52 2025 GMT] $: [❗] [0] Narrator action:
[You can either leave the area or continue exploring the house.]
[Thu Dec 18 14:11:52 2025 GMT] Narrator (Ema): [You can either leave the area or continue exploring the house.]
[OOC][Thu Dec 18 14:11:59 2025 GMT] $: [❗] [0] Narrator action:
[A reminder however, time is ticking.]
[Thu Dec 18 14:11:59 2025 GMT] Narrator (Ema): [A reminder however, time is ticking.]
[OOC][Thu Dec 18 14:12:11 2025 GMT] $: [❗] [4] Angela Wolf action:
[Explore fastly?]
[Thu Dec 18 14:12:11 2025 GMT] Angela Wolf (Angela): [Explore fastly?]
[OOC][Thu Dec 18 14:12:30 2025 GMT] $: [❗] [0] Narrator action:
[37 minutes left on the clock before I add the final minutes.]
[Thu Dec 18 14:12:30 2025 GMT] Narrator (Ema): [37 minutes left on the clock before I add the final minutes.]
[OOC][Thu Dec 18 14:12:59 2025 GMT] $: [❗] [0] Narrator action:
[Where do you want to explore?]
[Thu Dec 18 14:12:59 2025 GMT] Narrator (Ema): [Where do you want to explore?]
[OOC][Thu Dec 18 14:13:05 2025 GMT] Smiles: honestly i'd say if the objective is to escape timer should be on the top of the screen and if it's to survive no timer
[OOC][Thu Dec 18 14:13:19 2025 GMT] [GM]Ike: how do I do the timer hold on
[OOC][Thu Dec 18 14:13:29 2025 GMT] $: [❗] [4] Angela Wolf action:
[Somewhere where we won't get jumped.]
[Thu Dec 18 14:13:29 2025 GMT] Angela Wolf (Angela): [Somewhere where we won't get jumped.]
[OOC][Thu Dec 18 14:13:37 2025 GMT] Smiles: ./timer 0 (minutes here)m start
[OOC][Thu Dec 18 14:14:03 2025 GMT] Redfield: So /timer 0 60m start for example?
[OOC][Thu Dec 18 14:14:22 2025 GMT] $: [❗] [0] Narrator action:
[Roll an awareness check, clear DC 8.]
[Thu Dec 18 14:14:22 2025 GMT] Narrator (Ema): [Roll an awareness check, clear DC 8.]
[OOC][Thu Dec 18 14:14:30 2025 GMT] RJ: I had no idea you could combine em. Usually i do /timer 0 60m /timer 0 start
[OOC][Thu Dec 18 14:14:33 2025 GMT] $: Angela Wolf rolled 4:4+5=9 out of 6.
[OOC][Thu Dec 18 14:14:38 2025 GMT] $: [❗] [0] Narrator action:
[Note, you'll just be using your sight to check for danger.]
[Thu Dec 18 14:14:38 2025 GMT] Narrator (Ema): [Note, you'll just be using your sight to check for danger.]
[OOC][Thu Dec 18 14:15:02 2025 GMT] $: [❗] [0] Narrator action:
[In the shores leading to the dock, you spot... ~a Level Four horde.~]
[Thu Dec 18 14:15:02 2025 GMT] Narrator (Ema): [In the shores leading to the dock, you spot... ~a Level Four horde.~]
[Thu Dec 18 14:15:09 2025 GMT] Ema has stopped the music: 
[OOC][Thu Dec 18 14:15:20 2025 GMT] Smiles: i at least think ike mentioned giving extra time if we run out due to the new gm struggling
[Thu Dec 18 14:15:21 2025 GMT] Ema has played a song: crisis and action/[CP] Chapter 5 Theme.ogg
[Thu Dec 18 14:15:24 2025 GMT] Tru Stem (Nao): Now that sure is a challenge you'll need help with
[OOC][Thu Dec 18 14:15:28 2025 GMT] $: [❗] [4] Angela Wolf action:
[Getting this info to the group.]
[Thu Dec 18 14:15:28 2025 GMT] Angela Wolf (Angela): [Getting this info to the group.]
[OOC][Thu Dec 18 14:15:30 2025 GMT] [GM]Ike: yeah
[OOC][Thu Dec 18 14:15:35 2025 GMT] [GM]Ike: you guys are 100% getting more time
[Thu Dec 18 14:15:38 2025 GMT] Camille O'Neil (Yew): Greaaattt.
[Thu Dec 18 14:15:39 2025 GMT] Kaela Aeona (Sonia): I think that's where the fireworks come into play.
[OOC][Thu Dec 18 14:15:54 2025 GMT] $: [❗] [0] Narrator action:
[The fireworks may reduce the horde's level by one!]
[Thu Dec 18 14:15:54 2025 GMT] Narrator (Ema): [The fireworks may reduce the horde's level by one!]
[Thu Dec 18 14:16:00 2025 GMT] Tru Stem (Nao): I'll fire it when we have the chance. For now, who's turn in combat is it?
[OOC][Thu Dec 18 14:16:08 2025 GMT] [GM]Ike: molotov-equivalent crutch let's go
[Thu Dec 18 14:16:12 2025 GMT] Camille O'Neil (Yew): I'm not gonna fight,but...mine.
[OOC][Thu Dec 18 14:16:19 2025 GMT] Smiles: omw to get set on fire
[Thu Dec 18 14:16:29 2025 GMT] Angela Wolf (Angela): You didn't attack still, Tru.
[Thu Dec 18 14:16:32 2025 GMT] Narrator (Ema): ~~ANGELA'S TURN ENDS.~~
[Thu Dec 18 14:16:35 2025 GMT] Kaela Aeona (Sonia): There's a turn order? What is this, a roleplay?
[Thu Dec 18 14:16:44 2025 GMT] Tru Stem (Nao): 
[OOC][Thu Dec 18 14:16:50 2025 GMT] $: [❗] [0] Narrator action:
[Okay, who's next]
[Thu Dec 18 14:16:50 2025 GMT] Narrator (Ema): [Okay, who's next]
[Thu Dec 18 14:16:59 2025 GMT] Camille O'Neil (Yew): Hey,this is a great systeme,avoids friendly stab.
[OOC][Thu Dec 18 14:17:01 2025 GMT] $: [❗] [1] Camille O'Neil action:
[mine]
[Thu Dec 18 14:17:01 2025 GMT] Camille O'Neil (Yew): [mine]
[Thu Dec 18 14:17:11 2025 GMT] Narrator (Ema): ~~CAMILLE'S TURN.~~
[OOC][Thu Dec 18 14:17:19 2025 GMT] $: [❗] [0] Narrator action:
[There is one singular straggler left on the stairs.]
[Thu Dec 18 14:17:19 2025 GMT] Narrator (Ema): [There is one singular straggler left on the stairs.]
[OOC][Thu Dec 18 14:17:23 2025 GMT] $: [❗] [1] Camille O'Neil action:
[Looks for disgarded items on the floor]
[Thu Dec 18 14:17:23 2025 GMT] Camille O'Neil (Yew): [Looks for disgarded items on the floor]
[Thu Dec 18 14:17:26 2025 GMT] Tru Stem (Nao): I trust you'll use your 3 turns wisely
[OOC][Thu Dec 18 14:17:33 2025 GMT] $: [❗] [1] Camille O'Neil action:
[Or on the dead zombies]
[Thu Dec 18 14:17:33 2025 GMT] Camille O'Neil (Yew): [Or on the dead zombies]
[OOC][Thu Dec 18 14:17:49 2025 GMT] $: [❗] [0] Narrator action:
[You find that someone has left behind a surf board on the deck!]
[Thu Dec 18 14:17:49 2025 GMT] Narrator (Ema): [You find that someone has left behind a surf board on the deck!]
[OOC][Thu Dec 18 14:17:55 2025 GMT] $: [❗] [2] Kaela Aeona action:
*Reminder that I used my final action on shielding Camille because these zuhuhmbres will NOT stop bullying her.*
[Thu Dec 18 14:17:55 2025 GMT] Kaela Aeona (Sonia): *Reminder that I used my final action on shielding Camille because these zuhuhmbres will NOT stop bullying her.*
[OOC][Thu Dec 18 14:18:06 2025 GMT] $: [❗] [0] Narrator action:
[I'MMM
[Thu Dec 18 14:18:06 2025 GMT] Narrator (Ema): [I'MMM
[OOC][Thu Dec 18 14:18:09 2025 GMT] $: [❗] [1] Camille O'Neil action:
[Snatch that board] Girl,i can avoid their attack just fine.
[Thu Dec 18 14:18:09 2025 GMT] Camille O'Neil (Yew): [Snatch that board] Girl,i can avoid their attack just fine.
[OOC][Thu Dec 18 14:18:13 2025 GMT] $: [❗] [0] Narrator action:
[FUCK FORGOT TO ASK FOR A ROLL]
[Thu Dec 18 14:18:13 2025 GMT] Narrator (Ema): [FUCK FORGOT TO ASK FOR A ROLL]
[Thu Dec 18 14:18:19 2025 GMT] Camille O'Neil (Yew): 
[OOC][Thu Dec 18 14:18:20 2025 GMT] $: [❗] [0] Narrator action:
[OKAY, THERE YOU GO]
[Thu Dec 18 14:18:20 2025 GMT] Narrator (Ema): [OKAY, THERE YOU GO]
[OOC][Thu Dec 18 14:18:25 2025 GMT] $: [❗] [0] Narrator action:
[MY MISTAKE YOU GET IT]
[Thu Dec 18 14:18:25 2025 GMT] Narrator (Ema): [MY MISTAKE YOU GET IT]
[OOC][Thu Dec 18 14:18:34 2025 GMT] $: [❗] [1] Camille O'Neil action:
[Okay,turn end]
[Thu Dec 18 14:18:34 2025 GMT] Camille O'Neil (Yew): [Okay,turn end]
[OOC][Thu Dec 18 14:18:42 2025 GMT] $: [❗] [0] Narrator action:
[You have one slow action left.]
[Thu Dec 18 14:18:42 2025 GMT] Narrator (Ema): [You have one slow action left.]
[Thu Dec 18 14:18:45 2025 GMT] Kaela Aeona (Sonia): Girl, you've already taken damage. You don't need more.
[OOC][Thu Dec 18 14:18:51 2025 GMT] $: [❗] [0] Narrator action:
[Picking up the Surf Board costs you one quick action.]
[Thu Dec 18 14:18:51 2025 GMT] Narrator (Ema): [Picking up the Surf Board costs you one quick action.]
[OOC][Thu Dec 18 14:19:19 2025 GMT] $: [❗] [1] Camille O'Neil action:
[Then that's what i'll do]
[Thu Dec 18 14:19:19 2025 GMT] Camille O'Neil (Yew): [Then that's what i'll do]
[OOC][Thu Dec 18 14:19:25 2025 GMT] $: [❗] [1] Camille O'Neil action:
[She picks up the surf board]
[Thu Dec 18 14:19:25 2025 GMT] Camille O'Neil (Yew): [She picks up the surf board]
[OOC][Thu Dec 18 14:19:28 2025 GMT] $: [❗] [0] Narrator action:
[The Surf Board's range is 'Engaged', and can deal two damage. Durability of 4, and can be used as cover on the front.]
[Thu Dec 18 14:19:28 2025 GMT] Narrator (Ema): [The Surf Board's range is 'Engaged', and can deal two damage. Durability of 4, and can be used as cover on the front.]
[OOC][Thu Dec 18 14:19:36 2025 GMT] $: [❗] [0] Narrator action:
[It takes up your big weapon slot.]
[Thu Dec 18 14:19:36 2025 GMT] Narrator (Ema): [It takes up your big weapon slot.]
[OOC][Thu Dec 18 14:19:50 2025 GMT] $: [❗] [0] Narrator action:
[Nah nah, I meant you have one last slow action left, Camille]
[Thu Dec 18 14:19:50 2025 GMT] Narrator (Ema): [Nah nah, I meant you have one last slow action left, Camille]
[OOC][Thu Dec 18 14:20:04 2025 GMT] $: [❗] [0] Narrator action:
[Picking up the board cost you a fast action]
[Thu Dec 18 14:20:04 2025 GMT] Narrator (Ema): [Picking up the board cost you a fast action]
[OOC][Thu Dec 18 14:20:15 2025 GMT] $: [❗] [1] Camille O'Neil action:
[No it costs a slow action.]
[Thu Dec 18 14:20:15 2025 GMT] Camille O'Neil (Yew): [No it costs a slow action.]
[OOC][Thu Dec 18 14:20:24 2025 GMT] $: [❗] [1] Camille O'Neil action:
[Slow actions cost 2 AP,fast one 1.]
[Thu Dec 18 14:20:24 2025 GMT] Camille O'Neil (Yew): [Slow actions cost 2 AP,fast one 1.]
[OOC][Thu Dec 18 14:20:26 2025 GMT] $: [❗] [0] Narrator action:
[Oh fuck is that in the doc?]
[Thu Dec 18 14:20:26 2025 GMT] Narrator (Ema): [Oh fuck is that in the doc?]
[OOC][Thu Dec 18 14:20:32 2025 GMT] $: [❗] [1] Camille O'Neil action:
[Yes]
[Thu Dec 18 14:20:32 2025 GMT] Camille O'Neil (Yew): [Yes]
[OOC][Thu Dec 18 14:20:36 2025 GMT] $: [❗] [0] Narrator action:
[I thought picking up stuff was a fast action]
[Thu Dec 18 14:20:36 2025 GMT] Narrator (Ema): [I thought picking up stuff was a fast action]
[OOC][Thu Dec 18 14:20:43 2025 GMT] $: [❗] [0] Narrator action:
[Okay, one fast action left/]
[Thu Dec 18 14:20:43 2025 GMT] Narrator (Ema): [Okay, one fast action left/]
[OOC][Thu Dec 18 14:20:51 2025 GMT] $: [❗] [1] Camille O'Neil action:
[She takes cover]
[Thu Dec 18 14:20:51 2025 GMT] Camille O'Neil (Yew): [She takes cover]
[OOC][Thu Dec 18 14:21:06 2025 GMT] $: [❗] [0] Narrator action:
[You are covered from any attacks on the front!]
[Thu Dec 18 14:21:06 2025 GMT] Narrator (Ema): [You are covered from any attacks on the front!]
[Thu Dec 18 14:21:14 2025 GMT] Narrator (Ema): ~~CAMILLE'S TURN ENDS.~~
[Thu Dec 18 14:21:20 2025 GMT] Narrator (Ema): ~~TRU'S TURN.~~
[OOC][Thu Dec 18 14:21:35 2025 GMT] $: [❗] [7] Tru Stem action:
[slowly approaching the horde] Appologies for this attack brothers and sisters, but we must be on our way
[Thu Dec 18 14:21:35 2025 GMT] Tru Stem (Nao): [slowly approaching the horde] Appologies for this attack brothers and sisters, but we must be on our way
[OOC][Thu Dec 18 14:22:06 2025 GMT] RJ: that's one slow action right?
[OOC][Thu Dec 18 14:22:11 2025 GMT] $: [❗] [0] Narrator action:
[Roll a DC 5 in form to defeat the lone straggler!]
[Thu Dec 18 14:22:11 2025 GMT] Narrator (Ema): [Roll a DC 5 in form to defeat the lone straggler!]
[OOC][Thu Dec 18 14:22:19 2025 GMT] $: Tru Stem rolled 1:1+2=3 out of 6.
[OOC][Thu Dec 18 14:22:29 2025 GMT] Smiles: girl was NOT ready to fight today
[OOC][Thu Dec 18 14:22:42 2025 GMT] $: [❗] [0] Narrator action:
[Also, note that you guys can choose to do any action you wish outside of the one's already obvious... oh shit she failed.]
[Thu Dec 18 14:22:42 2025 GMT] Narrator (Ema): [Also, note that you guys can choose to do any action you wish outside of the one's already obvious... oh shit she failed.]
[OOC][Thu Dec 18 14:22:48 2025 GMT] Smiles: are we all in range of this enemy
[OOC][Thu Dec 18 14:22:49 2025 GMT] $: [❗] [7] Tru Stem action:
[she completely misses the target] Well now. I suppose the lord does bless you.
[Thu Dec 18 14:22:49 2025 GMT] Tru Stem (Nao): [she completely misses the target] Well now. I suppose the lord does bless you.
[OOC][Thu Dec 18 14:22:54 2025 GMT] $: [❗] [0] Narrator action:
[You fail to dispatch the straggler!]
[Thu Dec 18 14:22:54 2025 GMT] Narrator (Ema): [You fail to dispatch the straggler!]
[Thu Dec 18 14:22:54 2025 GMT] Narrator (Ema): 
[OOC][Thu Dec 18 14:23:05 2025 GMT] $: [❗] [0] Narrator action:
[The straggler attacks.]
[Thu Dec 18 14:23:05 2025 GMT] Narrator (Ema): [The straggler attacks.]
[OOC][Thu Dec 18 14:23:11 2025 GMT] Smiles: like am i in range to retaliate if this attack lands
[OOC][Thu Dec 18 14:23:17 2025 GMT] $: [❗] [0] Narrator action:
[Roll endurance, DC 6 to dodge.]
[Thu Dec 18 14:23:17 2025 GMT] Narrator (Ema): [Roll endurance, DC 6 to dodge.]
[OOC][Thu Dec 18 14:23:27 2025 GMT] $: [❗] [2] Kaela Aeona action:
*Who got attacked?*
[Thu Dec 18 14:23:27 2025 GMT] Kaela Aeona (Sonia): *Who got attacked?*
[OOC][Thu Dec 18 14:23:31 2025 GMT] $: [❗] [0] Narrator action:
[This will cost your fast action.]
[Thu Dec 18 14:23:31 2025 GMT] Narrator (Ema): [This will cost your fast action.]
[OOC][Thu Dec 18 14:23:42 2025 GMT] $: [❗] [0] Narrator action:
[Tru missed her attack, and the straggler retaliates.]
[Thu Dec 18 14:23:42 2025 GMT] Narrator (Ema): [Tru missed her attack, and the straggler retaliates.]
[OOC][Thu Dec 18 14:23:43 2025 GMT] RJ: Tru I assume?
[OOC][Thu Dec 18 14:23:47 2025 GMT] $: Tru Stem rolled 3:3+3=6 out of 6.
[OOC][Thu Dec 18 14:23:56 2025 GMT] $: [❗] [0] Narrator action:
[Good lord, okay.]
[Thu Dec 18 14:23:56 2025 GMT] Narrator (Ema): [Good lord, okay.]
[OOC][Thu Dec 18 14:24:05 2025 GMT] $: [❗] [0] Narrator action:
[With nearly a hair's breath, she dodges.]
[Thu Dec 18 14:24:05 2025 GMT] Narrator (Ema): [With nearly a hair's breath, she dodges.]
[Thu Dec 18 14:24:09 2025 GMT] Tru Stem (Nao): Appologies brother, but I cannot falter right now. I have yet to meet the savior
[Thu Dec 18 14:24:22 2025 GMT] Narrator (Ema): ~~TRU'S TURN ENDS.~~
[OOC][Thu Dec 18 14:24:44 2025 GMT] $: [❗] [0] Narrator action:
[You all exit combat phase as there is a single straggler left oh my god wait.]
[Thu Dec 18 14:24:44 2025 GMT] Narrator (Ema): [You all exit combat phase as there is a single straggler left oh my god wait.]
[OOC][Thu Dec 18 14:24:59 2025 GMT] $: [❗] [0] Narrator action:
[Wait... no I got no clue actually I have questions for CW later but for now]
[Thu Dec 18 14:24:59 2025 GMT] Narrator (Ema): [Wait... no I got no clue actually I have questions for CW later but for now]
[OOC][Thu Dec 18 14:25:04 2025 GMT] $: [❗] [0] Narrator action:
[Anyone can act]
[Thu Dec 18 14:25:04 2025 GMT] Narrator (Ema): [Anyone can act]
[OOC][Thu Dec 18 14:25:14 2025 GMT] $: [❗] [2] Kaela Aeona action:
The Lord can bless this fuckin' metal. *The zombie should die and explode right now then because we don't need it hanging around*
[Thu Dec 18 14:25:14 2025 GMT] Kaela Aeona (Sonia): The Lord can bless this fuckin' metal. *The zombie should die and explode right now then because we don't need it hanging around*
[OOC][Thu Dec 18 14:25:22 2025 GMT] $: [❗] [3] Sei Laure action:
[It explodes.]
[Thu Dec 18 14:25:22 2025 GMT] Sei Laure (Guy): [It explodes.]
[OOC][Thu Dec 18 14:25:29 2025 GMT] Smiles: thanks sei very cool
[OOC][Thu Dec 18 14:25:36 2025 GMT] $: [❗] [0] Narrator action:
[The zombie, explodes. Not the sailor.]
[Thu Dec 18 14:25:36 2025 GMT] Narrator (Ema): [The zombie, explodes. Not the sailor.]
[OOC][Thu Dec 18 14:25:42 2025 GMT] Redfield: Kaela: "You should kys NOW!"
[Thu Dec 18 14:25:46 2025 GMT] Tru Stem (Nao): Rest well brother, may we meet again in another life
[Thu Dec 18 14:25:51 2025 GMT] Camille O'Neil (Yew) has stopped the music: 
[Thu Dec 18 14:25:57 2025 GMT] Camille O'Neil (Yew) has played a song: relaxing and calm/[999] Tranquility.ogg
[Thu Dec 18 14:26:02 2025 GMT] Camille O'Neil (Yew) has played a song: relaxing and calm/[999] Extreme Extrication.ogg
[Thu Dec 18 14:26:06 2025 GMT] Tru Stem (Nao): Don't swear when speaking of the lord!
[OOC][Thu Dec 18 14:26:20 2025 GMT] $: [❗] [0] Narrator action:
[Who has fireworks? Going to pause timer to update inventory.]
[Thu Dec 18 14:26:20 2025 GMT] Narrator (Ema): [Who has fireworks? Going to pause timer to update inventory.]
[Thu Dec 18 14:26:22 2025 GMT] Kaela Aeona (Sonia): Okay, we need to all get a weapon and bumrush this army of zuzuzuzuhumberers.
[Thu Dec 18 14:26:32 2025 GMT] Camille O'Neil (Yew): So,we're going to the docks?
[OOC][Thu Dec 18 14:26:49 2025 GMT] $: [❗] [0] Narrator action:
[You do not sense any danger right now in this area.]
[Thu Dec 18 14:26:49 2025 GMT] Narrator (Ema): [You do not sense any danger right now in this area.]
[Thu Dec 18 14:26:56 2025 GMT] Kaela Aeona (Sonia): I don't think the Lord particularly cares if I swear while destroying these abominations.
[Thu Dec 18 14:27:12 2025 GMT] Camille O'Neil (Yew): Maybe those abominations are his designs.
[Thu Dec 18 14:27:21 2025 GMT] Camille O'Neil (Yew): Very horrible designs.
[Thu Dec 18 14:27:30 2025 GMT] Kaela Aeona (Sonia): Then bro needs to repeat his design class, because they look like shit.
[Thu Dec 18 14:27:38 2025 GMT] Angela Wolf (Angela): I would prefer just calling them infected.
[Thu Dec 18 14:27:43 2025 GMT] Camille O'Neil (Yew): That we agree on,Kaela.
[Thu Dec 18 14:27:50 2025 GMT] Tru Stem (Nao): Of course they're her designs. She's the cause and solution to all the problems. At least that's what I believe
[Thu Dec 18 14:28:17 2025 GMT] Camille O'Neil (Yew): Well let's get the solution to our problem.
[Thu Dec 18 14:28:23 2025 GMT] Kaela Aeona (Sonia): Damn, now I'm misgendering the Lord. This is not something I'll stand for.
[OOC][Thu Dec 18 14:28:30 2025 GMT] $: [❗] [2] Kaela Aeona action:
*Do we all have a weapon yet*
[Thu Dec 18 14:28:30 2025 GMT] Kaela Aeona (Sonia): *Do we all have a weapon yet*
[Thu Dec 18 14:28:39 2025 GMT] Camille O'Neil (Yew): If you're intent on using the fireworks,you can have them Tru.
[OOC][Thu Dec 18 14:28:55 2025 GMT] $: [❗] [1] Camille O'Neil action:
[She holds out her back of fireworks
[Thu Dec 18 14:28:55 2025 GMT] Camille O'Neil (Yew): [She holds out her back of fireworks
[Thu Dec 18 14:28:58 2025 GMT] Angela Wolf (Angela): In most religions Lord is he, but it's up to interpretation.
[Thu Dec 18 14:29:04 2025 GMT] Tru Stem (Nao): Before we begin our next fight, allow me to grant you all a blessing
[OOC][Thu Dec 18 14:29:07 2025 GMT] Redfield: Also,yeah we all have a weapon (except for the NPC)
[OOC][Thu Dec 18 14:29:25 2025 GMT] $: [❗] [7] Tru Stem action:
[Slits her wrist, ~bloody gamble~]
[Thu Dec 18 14:29:25 2025 GMT] Tru Stem (Nao): [Slits her wrist, ~bloody gamble~]
[OOC][Thu Dec 18 14:29:28 2025 GMT] [GM]Ike: keep goin I'm just sorting through inventory right now
[Thu Dec 18 14:29:32 2025 GMT] Camille O'Neil (Yew) has stopped the music: 
[OOC][Thu Dec 18 14:29:33 2025 GMT] $: [❗] [0] Narrator action:
[Oh fuck, okay.]
[Thu Dec 18 14:29:33 2025 GMT] Narrator (Ema): [Oh fuck, okay.]
[Thu Dec 18 14:29:35 2025 GMT] Camille O'Neil (Yew): ?!
[Thu Dec 18 14:29:41 2025 GMT] Kaela Aeona (Sonia): Girl, what the fuck?
[Thu Dec 18 14:29:49 2025 GMT] Tru Stem (Nao): This is the lord's blessing
[Thu Dec 18 14:30:11 2025 GMT] Kaela Aeona (Sonia): I thought we were trying to NOT take damage here.
[OOC][Thu Dec 18 14:30:14 2025 GMT] $: [❗] [0] Narrator action:
[...And so, she has become enlightened.]
[Thu Dec 18 14:30:14 2025 GMT] Narrator (Ema): [...And so, she has become enlightened.]
[Thu Dec 18 14:30:26 2025 GMT] Angela Wolf (Angela): Miss, at least make sure people will know what you are doing next time.
[OOC][Thu Dec 18 14:30:32 2025 GMT] $: [❗] [0] Narrator action:
[Everyone gains +1 to all their stats in a single turn of combat.]
[Thu Dec 18 14:30:32 2025 GMT] Narrator (Ema): [Everyone gains +1 to all their stats in a single turn of combat.]
[Thu Dec 18 14:30:43 2025 GMT] Tru Stem (Nao): Do you not feel her blessing?
[Thu Dec 18 14:31:00 2025 GMT] Camille O'Neil (Yew): ...
[OOC][Thu Dec 18 14:31:11 2025 GMT] $: [❗] [2] Kaela Aeona action:
*Like I do anything in combat besides instakilling zombrerererers*
[Thu Dec 18 14:31:11 2025 GMT] Kaela Aeona (Sonia): *Like I do anything in combat besides instakilling zombrerererers*
[OOC][Thu Dec 18 14:31:15 2025 GMT] $: [❗] [7] Tru Stem action:
[Offering the knife] I have no use for this anymore. May I have my fireworks?
[Thu Dec 18 14:31:15 2025 GMT] Tru Stem (Nao): [Offering the knife] I have no use for this anymore. May I have my fireworks?
[OOC][Thu Dec 18 14:31:28 2025 GMT] $: [❗] [1] Camille O'Neil action:
Yeah. [She holds out her firework bag]
[Thu Dec 18 14:31:28 2025 GMT] Camille O'Neil (Yew): Yeah. [She holds out her firework bag]
[OOC][Thu Dec 18 14:31:39 2025 GMT] $: [❗] [0] Narrator action:
[Add +1 to all your stats guys temporarily]
[Thu Dec 18 14:31:39 2025 GMT] Narrator (Ema): [Add +1 to all your stats guys temporarily]
[OOC][Thu Dec 18 14:31:42 2025 GMT] $: [❗] [7] Tru Stem action:
[Trading the knife for the fireworks]
[Thu Dec 18 14:31:42 2025 GMT] Tru Stem (Nao): [Trading the knife for the fireworks]
[OOC][Thu Dec 18 14:31:58 2025 GMT] $: [❗] [4] Angela Wolf action:
[She also gives her bag.] I think you do better with those.
[Thu Dec 18 14:31:58 2025 GMT] Angela Wolf (Angela): [She also gives her bag.] I think you do better with those.
[OOC][Thu Dec 18 14:32:05 2025 GMT] Smiles: if this works the same way as the shotgun in run 1 tru should autopass the firework roll in combat
[OOC][Thu Dec 18 14:32:19 2025 GMT] $: [❗] [0] Narrator action:
[Also gm modding here, Tru you're going to have to roll in form in addition to everytime you perform a slow action.]
[Thu Dec 18 14:32:19 2025 GMT] Narrator (Ema): [Also gm modding here, Tru you're going to have to roll in form in addition to everytime you perform a slow action.]
[OOC][Thu Dec 18 14:32:28 2025 GMT] $: [❗] [0] Narrator action:
[***ENDURANCE ROLL.]
[Thu Dec 18 14:32:28 2025 GMT] Narrator (Ema): [***ENDURANCE ROLL.]
[Thu Dec 18 14:32:36 2025 GMT] Ema has played a song: tension/[999] Foreboding.ogg
[OOC][Thu Dec 18 14:32:37 2025 GMT] $: [❗] [2] Kaela Aeona action:
*What if we bandage the injury?*
[Thu Dec 18 14:32:37 2025 GMT] Kaela Aeona (Sonia): *What if we bandage the injury?*
[OOC][Thu Dec 18 14:32:44 2025 GMT] $: [❗] [1] Camille O'Neil action:
[Also she takes the knife]
[Thu Dec 18 14:32:44 2025 GMT] Camille O'Neil (Yew): [Also she takes the knife]
[OOC][Thu Dec 18 14:32:47 2025 GMT] $: [❗] [0] Narrator action:
[You have no bandages... but that is possible.]
[Thu Dec 18 14:32:47 2025 GMT] Narrator (Ema): [You have no bandages... but that is possible.]
[OOC][Thu Dec 18 14:32:59 2025 GMT] $: [❗] [2] Kaela Aeona action:
*How about the necktie Kaela has?*
[Thu Dec 18 14:32:59 2025 GMT] Kaela Aeona (Sonia): *How about the necktie Kaela has?*
[OOC][Thu Dec 18 14:33:00 2025 GMT] $: [❗] [0] Narrator action:
[Okay guys, last update to the inventory and we'll move out.]
[Thu Dec 18 14:33:00 2025 GMT] Narrator (Ema): [Okay guys, last update to the inventory and we'll move out.]
[OOC][Thu Dec 18 14:33:17 2025 GMT] $: [❗] [2] Kaela Aeona action:
*Like is the necktie enough if it's untied?*
[Thu Dec 18 14:33:17 2025 GMT] Kaela Aeona (Sonia): *Like is the necktie enough if it's untied?*
[OOC][Thu Dec 18 14:33:27 2025 GMT] $: [❗] [0] Narrator action:
[Okay, Kaela, roll a technology. DC 6 to clear.]
[Thu Dec 18 14:33:27 2025 GMT] Narrator (Ema): [Okay, Kaela, roll a technology. DC 6 to clear.]
[OOC][Thu Dec 18 14:33:34 2025 GMT] $: [❗] [4] Angela Wolf action:
[Second fireworks to Tru. If that wasn't heard.]
[Thu Dec 18 14:33:34 2025 GMT] Angela Wolf (Angela): [Second fireworks to Tru. If that wasn't heard.]
[OOC][Thu Dec 18 14:33:44 2025 GMT] $: Kaela Aeona rolled 3:3+4=7 out of 6.
[OOC][Thu Dec 18 14:34:01 2025 GMT] RJ: 2 fireworks?
[OOC][Thu Dec 18 14:34:16 2025 GMT] $: [❗] [2] Kaela Aeona action:
*Untying her necktie bow thing and using it as a bandage for this injury since girl got them SKINNY arms*
[Thu Dec 18 14:34:16 2025 GMT] Kaela Aeona (Sonia): *Untying her necktie bow thing and using it as a bandage for this injury since girl got them SKINNY arms*
[OOC][Thu Dec 18 14:34:19 2025 GMT] Redfield: Ig we're planning to span the combat on 2 rounds
[OOC][Thu Dec 18 14:34:26 2025 GMT] $: [❗] [0] Narrator action:
[...Tru, you'll also gain a debuff of -2 in Technology from your action, since you chose to slit your wrists.]
[Thu Dec 18 14:34:26 2025 GMT] Narrator (Ema): [...Tru, you'll also gain a debuff of -2 in Technology from your action, since you chose to slit your wrists.]
[OOC][Thu Dec 18 14:34:41 2025 GMT] $: [❗] [2] Kaela Aeona action:
*Roll got a 7 btw*
[Thu Dec 18 14:34:41 2025 GMT] Kaela Aeona (Sonia): *Roll got a 7 btw*
[Thu Dec 18 14:35:01 2025 GMT] Tru Stem (Nao): Thank you sister. I pray for our success next fight
[OOC][Thu Dec 18 14:35:07 2025 GMT] Redfield: So Tru has...4 technology if we count the buff.
[OOC][Thu Dec 18 14:35:13 2025 GMT] $: [❗] [0] Narrator action:
[You bandaged Tru's wrists with your neck tie! It will take.... a long while for it to heal.]
[Thu Dec 18 14:35:13 2025 GMT] Narrator (Ema): [You bandaged Tru's wrists with your neck tie! It will take.... a long while for it to heal.]
[OOC][Thu Dec 18 14:35:19 2025 GMT] $: [❗] [4] Angela Wolf action:
Miss, can I get something of yours? [Camille, pointing at the weapons.]
[Thu Dec 18 14:35:19 2025 GMT] Angela Wolf (Angela): Miss, can I get something of yours? [Camille, pointing at the weapons.]
[OOC][Thu Dec 18 14:35:24 2025 GMT] $: [❗] [0] Narrator action:
[You cannot tell when that is, due to your lack of knowledge.]
[Thu Dec 18 14:35:24 2025 GMT] Narrator (Ema): [You cannot tell when that is, due to your lack of knowledge.]
[OOC][Thu Dec 18 14:35:36 2025 GMT] Redfield: One of us mayyyyyy need to take a firework
[OOC][Thu Dec 18 14:35:45 2025 GMT] $: [❗] [2] Kaela Aeona action:
*At least maybe the debuff will go away at some point? And the red of that necktie masks the blood, for aesthetics.*
[Thu Dec 18 14:35:45 2025 GMT] Kaela Aeona (Sonia): *At least maybe the debuff will go away at some point? And the red of that necktie masks the blood, for aesthetics.*
[Thu Dec 18 14:35:46 2025 GMT] Tru Stem (Nao): Take whatever you'd like
[OOC][Thu Dec 18 14:35:51 2025 GMT] $: [❗] [0] Narrator action:
[Can I get an action pause real quick here one last check of inventory.]
[Thu Dec 18 14:35:51 2025 GMT] Narrator (Ema): [Can I get an action pause real quick here one last check of inventory.]
[OOC][Thu Dec 18 14:36:18 2025 GMT] $: [❗] [0] Narrator action:
[You may continue roleplaying.]
[Thu Dec 18 14:36:18 2025 GMT] Narrator (Ema): [You may continue roleplaying.]
[OOC][Thu Dec 18 14:36:20 2025 GMT] RJ: Fireworks is Engaged range?
[Thu Dec 18 14:36:29 2025 GMT] Camille O'Neil (Yew): Sure,i have no use for the knife.
[OOC][Thu Dec 18 14:36:29 2025 GMT] $: [❗] [0] Narrator action:
[Just... no actions]
[Thu Dec 18 14:36:29 2025 GMT] Narrator (Ema): [Just... no actions]
[OOC][Thu Dec 18 14:36:34 2025 GMT] Smiles: i thought they'd be like a gun
[OOC][Thu Dec 18 14:36:36 2025 GMT] $: [❗] [4] Angela Wolf action:
[Angela doesn't have fireworks, she given then.]
[Thu Dec 18 14:36:36 2025 GMT] Angela Wolf (Angela): [Angela doesn't have fireworks, she given then.]
[OOC][Thu Dec 18 14:36:40 2025 GMT] Smiles: and work at a distance
[OOC][Thu Dec 18 14:36:47 2025 GMT] $: [❗] [1] Camille O'Neil action:
[Does that include giving items to others?]
[Thu Dec 18 14:36:47 2025 GMT] Camille O'Neil (Yew): [Does that include giving items to others?]
[OOC][Thu Dec 18 14:36:48 2025 GMT] RJ: Shouldn't it be medium or short? it says Engaged
[OOC][Thu Dec 18 14:37:06 2025 GMT] RJ: oh wait that's the golf club I think
[OOC][Thu Dec 18 14:37:11 2025 GMT] RJ: ?
[Thu Dec 18 14:37:54 2025 GMT] Tru Stem (Nao): Shall we go?
[OOC][Thu Dec 18 14:37:58 2025 GMT] $: [❗] [4] Angela Wolf action:
[Takes knife of Camille.]
[Thu Dec 18 14:37:58 2025 GMT] Angela Wolf (Angela): [Takes knife of Camille.]
[OOC][Thu Dec 18 14:38:05 2025 GMT] $: [❗] [1] Camille O'Neil action:
[Gives it to Angela]
[Thu Dec 18 14:38:05 2025 GMT] Camille O'Neil (Yew): [Gives it to Angela]
[OOC][Thu Dec 18 14:38:27 2025 GMT] Smiles: oh shit i never added the lighter
[OOC][Thu Dec 18 14:38:32 2025 GMT] Smiles: i forgot about it omg
[OOC][Thu Dec 18 14:38:34 2025 GMT] Redfield: xd
[OOC][Thu Dec 18 14:38:54 2025 GMT] $: [❗] [0] Narrator action:
[Okay I think everything's in order]
[Thu Dec 18 14:38:54 2025 GMT] Narrator (Ema): [Okay I think everything's in order]
[OOC][Thu Dec 18 14:39:03 2025 GMT] $: [5] CP/Yuuya Kizami enters from Hub [0] Main.
[OOC][Thu Dec 18 14:39:03 2025 GMT] $: [❗] [0] Narrator action:
[If you've given your item to someone, please adjust it]
[Thu Dec 18 14:39:03 2025 GMT] Narrator (Ema): [If you've given your item to someone, please adjust it]
[OOC][Thu Dec 18 14:39:07 2025 GMT] R: DCed
[OOC][Thu Dec 18 14:39:15 2025 GMT] $: [❗] [2] Kaela Aeona action:
*Got the lighter I forgot about on there lol*
[Thu Dec 18 14:39:15 2025 GMT] Kaela Aeona (Sonia): *Got the lighter I forgot about on there lol*
[OOC][Thu Dec 18 14:39:19 2025 GMT] $: [7] Tru Stem has disconnected.
[OOC][Thu Dec 18 14:39:32 2025 GMT] Redfield: The knife has been transfered
[OOC][Thu Dec 18 14:39:58 2025 GMT] $: [❗] [0] Narrator action:
[OKAY]
[Thu Dec 18 14:39:58 2025 GMT] Narrator (Ema): [OKAY]
[OOC][Thu Dec 18 14:40:01 2025 GMT] $: [❗] [0] Narrator action:
[UNPAUSE]
[Thu Dec 18 14:40:01 2025 GMT] Narrator (Ema): [UNPAUSE]
[OOC][Thu Dec 18 14:40:07 2025 GMT] $: [❗] [0] Narrator action:
[TIMER IS BACK RUNNING NOW.]
[Thu Dec 18 14:40:07 2025 GMT] Narrator (Ema): [TIMER IS BACK RUNNING NOW.]
[Thu Dec 18 14:40:09 2025 GMT] Kaela Aeona (Sonia): Only got one weapon, but damn, if it isn't an effective one.
[Thu Dec 18 14:40:14 2025 GMT] Ema has stopped the music: 
[Thu Dec 18 14:40:20 2025 GMT] Angela Wolf (Angela): I think lighter should be with a Tru, if she will be using fireworks.
[Thu Dec 18 14:40:28 2025 GMT] Narrator (Ema): ~~You only have 23 minutes left on the clock.~~
[Thu Dec 18 14:40:36 2025 GMT] Narrator (Ema): ~~Make it count.~~
[Thu Dec 18 14:40:42 2025 GMT] Ema has played a song: crisis and action/[999] Tinderbox.ogg
[OOC][Thu Dec 18 14:40:42 2025 GMT] $: [❗] [2] Kaela Aeona action:
*She proceeds to hand it over then.*
[Thu Dec 18 14:40:42 2025 GMT] Kaela Aeona (Sonia): *She proceeds to hand it over then.*
[Thu Dec 18 14:40:50 2025 GMT] Camille O'Neil (Yew): Is anyone getting a sense of foreboding?
[Thu Dec 18 14:40:50 2025 GMT] Ema has played a song: DRAE/[DRAE] DSO To Survive.opus
[OOC][Thu Dec 18 14:40:51 2025 GMT] $: [❗] [5] Tru Stem action:
[Taking the lighter] Lets go now, it's a matter of time before we're too late
[Thu Dec 18 14:40:51 2025 GMT] Tru Stem (Nao): [Taking the lighter] Lets go now, it's a matter of time before we're too late
[OOC][Thu Dec 18 14:40:59 2025 GMT] Smiles: not counting the inevitable bonus time from ike trying their best
[OOC][Thu Dec 18 14:41:05 2025 GMT] $: [❗] [1] Camille O'Neil action:
Yuupppp [Moving to the docks]
[Thu Dec 18 14:41:05 2025 GMT] Camille O'Neil (Yew): Yuupppp [Moving to the docks]
[OOC][Thu Dec 18 14:41:19 2025 GMT] $: [❗] [4] Angela Wolf action:
[Moving, looking for danger.]
[Thu Dec 18 14:41:19 2025 GMT] Angela Wolf (Angela): [Moving, looking for danger.]
[OOC][Thu Dec 18 14:41:20 2025 GMT] $: [❗] [5] Tru Stem action:
[Docks!]
[Thu Dec 18 14:41:20 2025 GMT] Tru Stem (Nao): [Docks!]
[OOC][Thu Dec 18 14:41:23 2025 GMT] $: [❗] [0] Narrator action:
[Alright everyone's schmoving.]
[Thu Dec 18 14:41:23 2025 GMT] Narrator (Ema): [Alright everyone's schmoving.]
[OOC][Thu Dec 18 14:41:33 2025 GMT] $: [❗] [2] Kaela Aeona action:
*Moving as Tru is being handed the lighter to use on the fireworks*
[Thu Dec 18 14:41:33 2025 GMT] Kaela Aeona (Sonia): *Moving as Tru is being handed the lighter to use on the fireworks*
[OOC][Thu Dec 18 14:41:34 2025 GMT] $: Locked pos into shore.
[OOC][Thu Dec 18 14:42:00 2025 GMT] $: [❗] [0] Narrator action:
[You all move towards the shore, as ~~the Level 4 Horde~~ blocks the way.~~]
[Thu Dec 18 14:42:00 2025 GMT] Narrator (Ema): [You all move towards the shore, as ~~the Level 4 Horde~~ blocks the way.~~]
[OOC][Thu Dec 18 14:42:03 2025 GMT] Redfield: I added the lighter to Tru's Small weapon slot
[OOC][Thu Dec 18 14:42:10 2025 GMT] [GM]Ike: okay
[OOC][Thu Dec 18 14:42:34 2025 GMT] $: [❗] [0] Narrator action:
[Combat has been engaged.]
[Thu Dec 18 14:42:34 2025 GMT] Narrator (Ema): [Combat has been engaged.]
[Thu Dec 18 14:42:38 2025 GMT] Tru Stem (Nao): Well, are we ready to engage? This will be a struggle
[OOC][Thu Dec 18 14:42:59 2025 GMT] R: 20 mins lets not spend too long on combat
[OOC][Thu Dec 18 14:43:04 2025 GMT] $: [❗] [0] Narrator action:
[The turn order goes as follows: Kaela, Angela, Camille, Tru, and then the Horde.]
[Thu Dec 18 14:43:04 2025 GMT] Narrator (Ema): [The turn order goes as follows: Kaela, Angela, Camille, Tru, and then the Horde.]
[OOC][Thu Dec 18 14:43:12 2025 GMT] Smiles: what are the ranges rn
[OOC][Thu Dec 18 14:43:19 2025 GMT] $: [❗] [1] Camille O'Neil action:
[Would it be alright if me and Tru switched place?]
[Thu Dec 18 14:43:19 2025 GMT] Camille O'Neil (Yew): [Would it be alright if me and Tru switched place?]
[Thu Dec 18 14:43:23 2025 GMT] Sei Laure (Guy): ARE YOU SURE WE CAN EVEN GET PAST THAT?!
[Thu Dec 18 14:43:31 2025 GMT] Tru Stem (Nao): I have faith
[OOC][Thu Dec 18 14:43:34 2025 GMT] $: [❗] [0] Narrator action:
[Yes, you may switch place.]
[Thu Dec 18 14:43:34 2025 GMT] Narrator (Ema): [Yes, you may switch place.]
[OOC][Thu Dec 18 14:43:36 2025 GMT] Smiles: are we in engaged or further away
[Thu Dec 18 14:43:36 2025 GMT] Camille O'Neil (Yew): Relax,we have explosives to deal with that.
[OOC][Thu Dec 18 14:43:41 2025 GMT] $: [❗] [1] Camille O'Neil action:
[Then Camille is going last]
[Thu Dec 18 14:43:41 2025 GMT] Camille O'Neil (Yew): [Then Camille is going last]
[OOC][Thu Dec 18 14:44:12 2025 GMT] $: [❗] [0] Narrator action:
[Alright.]
[Thu Dec 18 14:44:12 2025 GMT] Narrator (Ema): [Alright.]
[Thu Dec 18 14:44:14 2025 GMT] Tru Stem (Nao): Well? Lets begin then
[Thu Dec 18 14:44:19 2025 GMT] Narrator (Ema): ~~KAELA'S TURN.~~
[OOC][Thu Dec 18 14:44:26 2025 GMT] $: [❗] [2] Kaela Aeona action:
*What's the current range band?*
[Thu Dec 18 14:44:26 2025 GMT] Kaela Aeona (Sonia): *What's the current range band?*
[Thu Dec 18 14:44:28 2025 GMT] Camille O'Neil (Yew): Yeah yeah,just...positioning myself.
[OOC][Thu Dec 18 14:44:56 2025 GMT] $: [❗] [0] Narrator action:
[Kaela, it's your move.]
[Thu Dec 18 14:44:56 2025 GMT] Narrator (Ema): [Kaela, it's your move.]
[OOC][Thu Dec 18 14:45:05 2025 GMT] $: [❗] [2] Kaela Aeona action:
*How many people are in engaged range right now?*
[Thu Dec 18 14:45:05 2025 GMT] Kaela Aeona (Sonia): *How many people are in engaged range right now?*
[OOC][Thu Dec 18 14:46:08 2025 GMT] $: [❗] [2] Kaela Aeona action:
*Mostly trying to make sure my perk can go off by not having everyone run away from me.*
[Thu Dec 18 14:46:08 2025 GMT] Kaela Aeona (Sonia): *Mostly trying to make sure my perk can go off by not having everyone run away from me.*
[OOC][Thu Dec 18 14:46:25 2025 GMT] $: [❗] [0] Narrator action:
[You are at Medium distance away from the horde, and near the Survivors.]
[Thu Dec 18 14:46:25 2025 GMT] Narrator (Ema): [You are at Medium distance away from the horde, and near the Survivors.]
[OOC][Thu Dec 18 14:46:39 2025 GMT] $: [❗] [0] Narrator action:
[Should you try to engage the horde, you'll be leaving their vincinity.]
[Thu Dec 18 14:46:39 2025 GMT] Narrator (Ema): [Should you try to engage the horde, you'll be leaving their vincinity.]
[OOC][Thu Dec 18 14:47:00 2025 GMT] $: [❗] [2] Kaela Aeona action:
*Is this distance coverable in time to attack?*
[Thu Dec 18 14:47:00 2025 GMT] Kaela Aeona (Sonia): *Is this distance coverable in time to attack?*
[OOC][Thu Dec 18 14:47:32 2025 GMT] $: [❗] [0] Narrator action:
[If you use 2 fast actions, yes.]
[Thu Dec 18 14:47:32 2025 GMT] Narrator (Ema): [If you use 2 fast actions, yes.]
[OOC][Thu Dec 18 14:47:36 2025 GMT] $: [❗] [0] Narrator action:
[I believe.]
[Thu Dec 18 14:47:36 2025 GMT] Narrator (Ema): [I believe.]
[OOC][Thu Dec 18 14:47:50 2025 GMT] $: [❗] [0] Narrator action:
[However if you attack, you'll only have one slow action left.]
[Thu Dec 18 14:47:50 2025 GMT] Narrator (Ema): [However if you attack, you'll only have one slow action left.]
[OOC][Thu Dec 18 14:48:20 2025 GMT] $: [❗] [2] Kaela Aeona action:
*You know what then, sure. Let's hope someone follows me to let me trip my perk and just stab these guys!*
[Thu Dec 18 14:48:20 2025 GMT] Kaela Aeona (Sonia): *You know what then, sure. Let's hope someone follows me to let me trip my perk and just stab these guys!*
[OOC][Thu Dec 18 14:48:44 2025 GMT] $: [❗] [0] Narrator action:
[Alright!]
[Thu Dec 18 14:48:44 2025 GMT] Narrator (Ema): [Alright!]
[OOC][Thu Dec 18 14:49:10 2025 GMT] $: [❗] [0] Narrator action:
[Roll a DC 6-- oh you clear that.]
[Thu Dec 18 14:49:10 2025 GMT] Narrator (Ema): [Roll a DC 6-- oh you clear that.]
[OOC][Thu Dec 18 14:49:27 2025 GMT] $: [❗] [0] Narrator action:
[Errr, roll DC 7.]
[Thu Dec 18 14:49:27 2025 GMT] Narrator (Ema): [Errr, roll DC 7.]
[OOC][Thu Dec 18 14:49:46 2025 GMT] Redfield: Lmao,it's basically a freeby because of the buff
[OOC][Thu Dec 18 14:49:53 2025 GMT] $: [❗] [2] Kaela Aeona action:
*The blood sacrifice bonus makes me pass that too!*
[Thu Dec 18 14:49:53 2025 GMT] Kaela Aeona (Sonia): *The blood sacrifice bonus makes me pass that too!*
[OOC][Thu Dec 18 14:49:54 2025 GMT] [GM]Ike: BASICALLY
[OOC][Thu Dec 18 14:50:06 2025 GMT] $: [❗] [0] Narrator action:
[...Dear lord this girl is tough.]
[Thu Dec 18 14:50:06 2025 GMT] Narrator (Ema): [...Dear lord this girl is tough.]
[OOC][Thu Dec 18 14:50:17 2025 GMT] R: LOL
[OOC][Thu Dec 18 14:50:28 2025 GMT] $: [❗] [0] Narrator action:
[You succesfully take a stab at the horde, reducing its HP to 2 out of 4.]
[Thu Dec 18 14:50:28 2025 GMT] Narrator (Ema): [You succesfully take a stab at the horde, reducing its HP to 2 out of 4.]
[OOC][Thu Dec 18 14:50:30 2025 GMT] $: [4] Angela Wolf has disconnected.
[OOC][Thu Dec 18 14:50:36 2025 GMT] [GM]Ike: oh shit a dc
[OOC][Thu Dec 18 14:50:47 2025 GMT] Redfield: Angelaaaaaaaaa
[OOC][Thu Dec 18 14:50:58 2025 GMT] $: [❗] [0] Narrator action:
[Your turn ends.]
[Thu Dec 18 14:50:58 2025 GMT] Narrator (Ema): [Your turn ends.]
[OOC][Thu Dec 18 14:51:20 2025 GMT] [GM]Ike: wait is angela back orrr
[OOC][Thu Dec 18 14:51:23 2025 GMT] [GM]Ike: okay
[Thu Dec 18 14:51:34 2025 GMT] Narrator (Ema): ~~ANGELA'S TURN.~~
[OOC][Thu Dec 18 14:52:16 2025 GMT] $: [❗] [4] LobotomyCorporation/Angela action:
[Moves closer towards the hord, as it's the only thing she can do, I think.]
[Thu Dec 18 14:52:16 2025 GMT] Angela: [Moves closer towards the hord, as it's the only thing she can do, I think.]
[OOC][Thu Dec 18 14:52:43 2025 GMT] $: [❗] [0] Narrator action:
[Do you want to be engaged with the horde?
[Thu Dec 18 14:52:43 2025 GMT] Narrator (Ema): [Do you want to be engaged with the horde?
[OOC][Thu Dec 18 14:53:14 2025 GMT] $: [❗] [0] Narrator action:
[You have one slow action or two fast actions left.]
[Thu Dec 18 14:53:14 2025 GMT] Narrator (Ema): [You have one slow action or two fast actions left.]
[OOC][Thu Dec 18 14:53:14 2025 GMT] $: [❗] [4] LobotomyCorporation/Angela action:
[If Kaela get's bonus for it, sure.]
[Thu Dec 18 14:53:14 2025 GMT] Angela: [If Kaela get's bonus for it, sure.]
[OOC][Thu Dec 18 14:53:39 2025 GMT] $: [❗] [4] LobotomyCorporation/Angela action:
[Time to stab.]
[Thu Dec 18 14:53:39 2025 GMT] Angela: [Time to stab.]
[OOC][Thu Dec 18 14:54:08 2025 GMT] $: LobotomyCorporation/Angela rolled 4:4+3=7 out of 6.
[OOC][Thu Dec 18 14:54:15 2025 GMT] Redfield: Beautiful
[OOC][Thu Dec 18 14:54:16 2025 GMT] $: [❗] [0] Narrator action:
[Succeed in a DC 7 in form.]
[Thu Dec 18 14:54:16 2025 GMT] Narrator (Ema): [Succeed in a DC 7 in form.]
[OOC][Thu Dec 18 14:54:24 2025 GMT] $: [❗] [0] Narrator action:
[Oh my god okay]
[Thu Dec 18 14:54:24 2025 GMT] Narrator (Ema): [Oh my god okay]
[OOC][Thu Dec 18 14:54:57 2025 GMT] $: [❗] [0] Narrator action:
[You use your knife and succesfully attacked!]
[Thu Dec 18 14:54:57 2025 GMT] Narrator (Ema): [You use your knife and succesfully attacked!]
[OOC][Thu Dec 18 14:55:06 2025 GMT] $: [❗] [0] Narrator action:
[The horde's level is reduced to three.]
[Thu Dec 18 14:55:06 2025 GMT] Narrator (Ema): [The horde's level is reduced to three.]
[OOC][Thu Dec 18 14:55:12 2025 GMT] $: [❗] [0] Narrator action:
[Your turn ends.]
[Thu Dec 18 14:55:12 2025 GMT] Narrator (Ema): [Your turn ends.]
[Thu Dec 18 14:55:20 2025 GMT] Narrator (Ema): ~~TRU'S TURN.~~
[OOC][Thu Dec 18 14:55:38 2025 GMT] R: The range is engaged right? Not short or Medium?
[OOC][Thu Dec 18 14:56:08 2025 GMT] $: [❗] [5] Tru Stem action:
Appologies brothers and sisters. [Getting within range for the firework before lighting it]
[Thu Dec 18 14:56:08 2025 GMT] Tru Stem (Nao): Appologies brothers and sisters. [Getting within range for the firework before lighting it]
[OOC][Thu Dec 18 14:57:43 2025 GMT] $: Changed to hub [2] Roleplay 2.
[OOC][Thu Dec 18 14:57:43 2025 GMT] $: Position set to shore.
[OOC][Thu Dec 18 14:57:43 2025 GMT] $: 🚶Changed to area: [0] Lobby
📃Description: [Horde level: 1. 4 HP. 2 actions.] [You are at Long distance from the door. The zombies are at Medium distance from the survivor... Use /desc to read the rest.
Clients in area:
  ◾ [1] "Camille O'Neil" (Yew) <resortint>
  ◽ [2] DR2/Sonia Nevermind <shore>
  ◾ [4] LobotomyCorporation/Angela <shore>
  ◾ [3] "Sei Laure" (Guy) <shore>
  ◾ [5] "Tru Stem" (YTTD/Nao Egokoro) <beachhouseext>
[OOC][Thu Dec 18 14:57:43 2025 GMT] $: [2] DR2/Sonia Nevermind enters from Hub [0] Main.
[OOC][Thu Dec 18 14:57:44 2025 GMT] $: Tru Stem rolled 6:6+4=10 out of 6.
[OOC][Thu Dec 18 14:57:52 2025 GMT] Smiles: oopsie dced
[OOC][Thu Dec 18 14:57:52 2025 GMT] Redfield: Absolute cinema
[OOC][Thu Dec 18 14:57:56 2025 GMT] Redfield: Wb
[Thu Dec 18 14:58:08 2025 GMT] Tru Stem (Nao): Maybe this is ~Lord Kinashi's~ Plan.
[OOC][Thu Dec 18 14:58:23 2025 GMT] $: [❗] [0] Narrator action:
[IT FIRES!]
[Thu Dec 18 14:58:23 2025 GMT] Narrator (Ema): [IT FIRES!]
[OOC][Thu Dec 18 14:58:43 2025 GMT] $: [❗] [0] Narrator action:
[BOOOOOOM, the sparks start to fly as colorful lights begin to stun the horde's eyes!]
[Thu Dec 18 14:58:43 2025 GMT] Narrator (Ema): [BOOOOOOM, the sparks start to fly as colorful lights begin to stun the horde's eyes!]
[OOC][Thu Dec 18 14:58:56 2025 GMT] $: [❗] [0] Narrator action:
[It hits, and reduces the horde's level by one.]
[Thu Dec 18 14:58:56 2025 GMT] Narrator (Ema): [It hits, and reduces the horde's level by one.]
[OOC][Thu Dec 18 14:59:09 2025 GMT] $: [❗] [0] Narrator action:
[Roll for Endurance to see damage.]
[Thu Dec 18 14:59:09 2025 GMT] Narrator (Ema): [Roll for Endurance to see damage.]
[OOC][Thu Dec 18 14:59:22 2025 GMT] Redfield: For who?
[OOC][Thu Dec 18 14:59:27 2025 GMT] $: Tru Stem rolled 5:5+4=9 out of 6.
[OOC][Thu Dec 18 14:59:35 2025 GMT] $: [❗] [0] Narrator action:
[Four mintues left on the clock.]
[Thu Dec 18 14:59:35 2025 GMT] Narrator (Ema): [Four mintues left on the clock.]
[OOC][Thu Dec 18 14:59:45 2025 GMT] Redfield: We are so not gonna clear it in time
[OOC][Thu Dec 18 14:59:53 2025 GMT] Detectiv: Yeah.
[OOC][Thu Dec 18 14:59:54 2025 GMT] $: [❗] [0] Narrator action:
[Your wrists sting, but does not sustain further damage than it already has.]
[Thu Dec 18 14:59:54 2025 GMT] Narrator (Ema): [Your wrists sting, but does not sustain further damage than it already has.]
[OOC][Thu Dec 18 14:59:59 2025 GMT] $: [❗] [2] Kaela Aeona action:
*At least before slap that bonus time from the GM trying their best on*
[Thu Dec 18 14:59:59 2025 GMT] Kaela Aeona (Sonia): *At least before slap that bonus time from the GM trying their best on*
[OOC][Thu Dec 18 15:00:01 2025 GMT] [GM]Ike: you guys will get extension don't worry
[OOC][Thu Dec 18 15:00:10 2025 GMT] Redfield: Alrighty
[OOC][Thu Dec 18 15:00:18 2025 GMT] Redfield: Forget what i said then,we're winning this
[Thu Dec 18 15:00:19 2025 GMT] Narrator (Ema): ~~TRU'S TURN ENDS.~~
[Thu Dec 18 15:00:21 2025 GMT] Tru Stem (Nao): I've served my purpose
[Thu Dec 18 15:00:31 2025 GMT] Narrator (Ema): ~~CAMILLE'S TURN.~~
[OOC][Thu Dec 18 15:00:39 2025 GMT] Smiles: what's the current horde level
[OOC][Thu Dec 18 15:00:40 2025 GMT] $: [❗] [1] Camille O'Neil action:
[Camille walks to the Engaged band]  You still have one firework,better put it to work.
[Thu Dec 18 15:00:40 2025 GMT] Camille O'Neil (Yew): [Camille walks to the Engaged band]  You still have one firework,better put it to work.
[Thu Dec 18 15:00:45 2025 GMT] Narrator (Ema): ~~The horde is Level 2.~~
[OOC][Thu Dec 18 15:00:52 2025 GMT] $: [❗] [0] Narrator action:
[AWWWWWW FUCK I JUST REALIZED.]
[Thu Dec 18 15:00:52 2025 GMT] Narrator (Ema): [AWWWWWW FUCK I JUST REALIZED.]
[OOC][Thu Dec 18 15:01:00 2025 GMT] $: [❗] [0] Narrator action:
[KAELA, CAMILLE.]
[Thu Dec 18 15:01:00 2025 GMT] Narrator (Ema): [KAELA, CAMILLE.]
[OOC][Thu Dec 18 15:01:06 2025 GMT] $: [❗] [0] Narrator action:
[ROLL ENDURANCE TO AVOID THE FIREWORK.]
[Thu Dec 18 15:01:06 2025 GMT] Narrator (Ema): [ROLL ENDURANCE TO AVOID THE FIREWORK.]
[OOC][Thu Dec 18 15:01:23 2025 GMT] $: [❗] [1] Camille O'Neil action:
[Why me? i moved after Tru.]
[Thu Dec 18 15:01:23 2025 GMT] Camille O'Neil (Yew): [Why me? i moved after Tru.]
[OOC][Thu Dec 18 15:01:24 2025 GMT] $: [❗] [4] LobotomyCorporation/Angela action:
[Should I also do that?]
[Thu Dec 18 15:01:24 2025 GMT] Angela: [Should I also do that?]
[OOC][Thu Dec 18 15:01:29 2025 GMT] $: Kaela Aeona rolled 2:2+3=5 out of 6.
[OOC][Thu Dec 18 15:01:32 2025 GMT] $: [❗] [0] Narrator action:
[Fuck not Camille.]
[Thu Dec 18 15:01:32 2025 GMT] Narrator (Ema): [Fuck not Camille.]
[OOC][Thu Dec 18 15:01:36 2025 GMT] Smiles: what's the dc?
[OOC][Thu Dec 18 15:01:36 2025 GMT] $: [❗] [0] Narrator action:
[ANGELA AND KAELA.]
[Thu Dec 18 15:01:36 2025 GMT] Narrator (Ema): [ANGELA AND KAELA.]
[OOC][Thu Dec 18 15:01:46 2025 GMT] $: LobotomyCorporation/Angela rolled 2:2+3=5 out of 6.
[OOC][Thu Dec 18 15:01:54 2025 GMT] $: [❗] [2] Kaela Aeona action:
*Is blood sacrifice still on or does that not apply*
[Thu Dec 18 15:01:54 2025 GMT] Kaela Aeona (Sonia): *Is blood sacrifice still on or does that not apply*
[OOC][Thu Dec 18 15:01:55 2025 GMT] Detectiv: Welp.
[OOC][Thu Dec 18 15:02:02 2025 GMT] $: [❗] [0] Narrator action:
[DC of 7 in Endurance to succeed.]
[Thu Dec 18 15:02:02 2025 GMT] Narrator (Ema): [DC of 7 in Endurance to succeed.]
[OOC][Thu Dec 18 15:02:10 2025 GMT] $: [❗] [0] Narrator action:
[Blood Sacrifice does not apply anymore.]
[Thu Dec 18 15:02:10 2025 GMT] Narrator (Ema): [Blood Sacrifice does not apply anymore.]
[OOC][Thu Dec 18 15:02:11 2025 GMT] $: [❗] [2] Kaela Aeona action:
*Well I'd fail anyway*
[Thu Dec 18 15:02:11 2025 GMT] Kaela Aeona (Sonia): *Well I'd fail anyway*
[OOC][Thu Dec 18 15:02:13 2025 GMT] Detectiv: Not this time.
[OOC][Thu Dec 18 15:02:15 2025 GMT] $: [❗] [0] Narrator action:
[Since your turn has all passed.]
[Thu Dec 18 15:02:15 2025 GMT] Narrator (Ema): [Since your turn has all passed.]
[OOC][Thu Dec 18 15:02:59 2025 GMT] $: [❗] [0] Narrator action:
[Kaela, Angela, roll endurance. DC of 7 to pass.]
[Thu Dec 18 15:02:59 2025 GMT] Narrator (Ema): [Kaela, Angela, roll endurance. DC of 7 to pass.]
[OOC][Thu Dec 18 15:03:08 2025 GMT] $: [❗] [2] Kaela Aeona action:
*Already rolled. Failed lol*
[Thu Dec 18 15:03:08 2025 GMT] Kaela Aeona (Sonia): *Already rolled. Failed lol*
[OOC][Thu Dec 18 15:03:23 2025 GMT] $: [❗] [0] Narrator action:
[...I really need to do something about this ooc chat in the corner.]
[Thu Dec 18 15:03:23 2025 GMT] Narrator (Ema): [...I really need to do something about this ooc chat in the corner.]
[OOC][Thu Dec 18 15:03:36 2025 GMT] $: [❗] [0] Narrator action:
[Kaela, you're hit by the sparks of the fireworks!]
[Thu Dec 18 15:03:36 2025 GMT] Narrator (Ema): [Kaela, you're hit by the sparks of the fireworks!]
[OOC][Thu Dec 18 15:03:42 2025 GMT] R: All actions being listed makes it hard to find commands
[OOC][Thu Dec 18 15:03:45 2025 GMT] $: [❗] [4] LobotomyCorporation/Angela action:
[Both failed]
[Thu Dec 18 15:03:45 2025 GMT] Angela: [Both failed]
[Thu Dec 18 15:03:48 2025 GMT] Kaela Aeona (Sonia): Ow, geez, fuck-!!
[OOC][Thu Dec 18 15:03:52 2025 GMT] $: [❗] [0] Narrator action:
[...And so does Angela.]
[Thu Dec 18 15:03:52 2025 GMT] Narrator (Ema): [...And so does Angela.]
[OOC][Thu Dec 18 15:04:05 2025 GMT] R: Everyone at worrysome?
[Thu Dec 18 15:04:31 2025 GMT] Angela: ...This action was certainly unfitting of it's goal.
[OOC][Thu Dec 18 15:04:45 2025 GMT] $: [❗] [0] Narrator action:
[Your status is now in Worried. All following Endurance rolls are decreased by one as you are scorched.]
[Thu Dec 18 15:04:45 2025 GMT] Narrator (Ema): [Your status is now in Worried. All following Endurance rolls are decreased by one as you are scorched.]
[OOC][Thu Dec 18 15:05:02 2025 GMT] $: [❗] [0] Narrator action:
[Both of you, -1 in endurance.]
[Thu Dec 18 15:05:02 2025 GMT] Narrator (Ema): [Both of you, -1 in endurance.]
[Thu Dec 18 15:05:15 2025 GMT] Tru Stem (Nao): Appologies! I Hope you understand it was for a good reason
[OOC][Thu Dec 18 15:05:20 2025 GMT] $: [❗] [0] Narrator action:
[TRU'S TURN ENDS.]
[Thu Dec 18 15:05:20 2025 GMT] Narrator (Ema): [TRU'S TURN ENDS.]
[Thu Dec 18 15:05:29 2025 GMT] Camille O'Neil (Yew): Great,we absolutly mismanaged this.
[Thu Dec 18 15:05:34 2025 GMT] Narrator (Ema): ~~THE ZOMBIES APPROACH.~~
[OOC][Thu Dec 18 15:05:42 2025 GMT] $: [❗] [1] Camille O'Neil action:
[HOLD ON NOW!]
[Thu Dec 18 15:05:42 2025 GMT] Camille O'Neil (Yew) shouts: OBJECTION!
[Thu Dec 18 15:05:42 2025 GMT] Camille O'Neil (Yew): [HOLD ON NOW!]
[OOC][Thu Dec 18 15:05:44 2025 GMT] $: [5] Tru Stem has disconnected.
[Thu Dec 18 15:05:46 2025 GMT] Narrator (Ema): ~~...AND THEY ENGAGE.~~
[OOC][Thu Dec 18 15:05:47 2025 GMT] $: [❗] [1] Camille O'Neil action:
[It's my turn.]
[Thu Dec 18 15:05:47 2025 GMT] Camille O'Neil (Yew): [It's my turn.]
[Thu Dec 18 15:05:51 2025 GMT] Kaela Aeona (Sonia): At least the horde is smaller!
[OOC][Thu Dec 18 15:05:57 2025 GMT] $: [❗] [0] Narrator action:
[OKAY WAIT CAMILLE YES]
[Thu Dec 18 15:05:57 2025 GMT] Narrator (Ema): [OKAY WAIT CAMILLE YES]
[Thu Dec 18 15:06:01 2025 GMT] Narrator (Ema): ~~CAMILLE'S TURN~~
[OOC][Thu Dec 18 15:06:06 2025 GMT] $: [❗] [1] Camille O'Neil action:
[Camille walks to the Engaged band] Not so though when your rotting flesh is burning,hmm?
[Thu Dec 18 15:06:06 2025 GMT] Camille O'Neil (Yew): [Camille walks to the Engaged band] Not so though when your rotting flesh is burning,hmm?
[OOC][Thu Dec 18 15:06:09 2025 GMT] $: [5] YTTD/Nao Egokoro enters from Hub [0] Main.
[OOC][Thu Dec 18 15:06:11 2025 GMT] R: MB
[OOC][Thu Dec 18 15:06:13 2025 GMT] [GM]Ike: genuinely I am so sorry, it's hard to keep track
[OOC][Thu Dec 18 15:06:30 2025 GMT] Smiles: you're doing good!!!
[OOC][Thu Dec 18 15:06:33 2025 GMT] $: [❗] [1] Camille O'Neil action:
[Then she lifts her surf board high...and tries to wack them]
[Thu Dec 18 15:06:33 2025 GMT] Camille O'Neil (Yew): [Then she lifts her surf board high...and tries to wack them]
[OOC][Thu Dec 18 15:06:51 2025 GMT] Smiles: at least that surfboard can defend her
[OOC][Thu Dec 18 15:06:55 2025 GMT] $: [❗] [0] Narrator action:
[Roll a Form a 6.]
[Thu Dec 18 15:06:55 2025 GMT] Narrator (Ema): [Roll a Form a 6.]
[OOC][Thu Dec 18 15:07:05 2025 GMT] $: Camille O'Neil rolled 6:6+3=9 out of 6.
[OOC][Thu Dec 18 15:07:10 2025 GMT] Redfield: Holy shit
[OOC][Thu Dec 18 15:07:12 2025 GMT] R: Perfection
[OOC][Thu Dec 18 15:07:12 2025 GMT] $: [❗] [0] Narrator action:
[You succesfully attack!]
[Thu Dec 18 15:07:12 2025 GMT] Narrator (Ema): [You succesfully attack!]
[OOC][Thu Dec 18 15:07:22 2025 GMT] $: [❗] [0] Narrator action:
[It was... a really clean and precise attack.]
[Thu Dec 18 15:07:22 2025 GMT] Narrator (Ema): [It was... a really clean and precise attack.]
[OOC][Thu Dec 18 15:07:40 2025 GMT] Redfield: She played wack-a-mole with them
[OOC][Thu Dec 18 15:07:42 2025 GMT] Smiles: goddamn girl just went fucking NO on these guys
[OOC][Thu Dec 18 15:07:43 2025 GMT] $: [❗] [0] Narrator action:
[The horde's HP is reduced by three.]
[Thu Dec 18 15:07:43 2025 GMT] Narrator (Ema): [The horde's HP is reduced by three.]
[OOC][Thu Dec 18 15:07:58 2025 GMT] R: What level is the horde at now?
[OOC][Thu Dec 18 15:08:05 2025 GMT] $: [❗] [0] Narrator action:
[For the record, I let you have +1 dmg for maxxing your roll damn.]
[Thu Dec 18 15:08:05 2025 GMT] Narrator (Ema): [For the record, I let you have +1 dmg for maxxing your roll damn.]
[OOC][Thu Dec 18 15:08:14 2025 GMT] Redfield: Still 2
[OOC][Thu Dec 18 15:08:15 2025 GMT] $: [❗] [0] Narrator action:
[The Horde is at a Level 2, 1/4 HP.]
[Thu Dec 18 15:08:15 2025 GMT] Narrator (Ema): [The Horde is at a Level 2, 1/4 HP.]
[OOC][Thu Dec 18 15:08:16 2025 GMT] Smiles: we kill this horde and get on that boat and leave
[OOC][Thu Dec 18 15:08:33 2025 GMT] $: [❗] [0] Narrator action:
[Oh so it's on Level 1 now.]
[Thu Dec 18 15:08:33 2025 GMT] Narrator (Ema): [Oh so it's on Level 1 now.]
[OOC][Thu Dec 18 15:08:41 2025 GMT] Detectiv: ...Unless it will need a fuel.
[OOC][Thu Dec 18 15:08:41 2025 GMT] R: One more hit, One more Firework, and exit. OH we got this just survive
[OOC][Thu Dec 18 15:08:55 2025 GMT] R: I hope it doesn't need fuel. We're out of time already 
[Thu Dec 18 15:09:02 2025 GMT] Narrator (Ema): ~~CAMILLE'S TURN ENDS.~~
[OOC][Thu Dec 18 15:09:06 2025 GMT] Smiles: we should have bonus gm time
[Thu Dec 18 15:09:20 2025 GMT] Narrator (Ema): ~~THE ZOMBIES RETALIATE!~~
[Thu Dec 18 15:09:27 2025 GMT] Nao: Just dodge
[OOC][Thu Dec 18 15:09:32 2025 GMT] Smiles: even better that i can use my perk if someone takes damage
[OOC][Thu Dec 18 15:09:40 2025 GMT] Smiles: and beat their asses personally
[OOC][Thu Dec 18 15:09:41 2025 GMT] $: Narrator rolled 1 out of 5.
[Thu Dec 18 15:09:46 2025 GMT] Tru Stem (Nao): Don't get hit and you'll be fine
[OOC][Thu Dec 18 15:09:48 2025 GMT] $: Narrator rolled 2 out of 5.
[OOC][Thu Dec 18 15:10:08 2025 GMT] Smiles: is this for targetting or dc of dodge
[OOC][Thu Dec 18 15:10:28 2025 GMT] Redfield: Arguably,i could've used my ability to reroll your dodges
[OOC][Thu Dec 18 15:10:34 2025 GMT] Redfield: So like,woops?
[OOC][Thu Dec 18 15:10:35 2025 GMT] $: [❗] [0] Narrator action:
[The horde approaches both Kaela and Camille!]
[Thu Dec 18 15:10:35 2025 GMT] Narrator (Ema): [The horde approaches both Kaela and Camille!]
[OOC][Thu Dec 18 15:10:43 2025 GMT] $: Narrator rolled 2 out of 2.
[OOC][Thu Dec 18 15:10:43 2025 GMT] RJ: Just use your ability for these
[OOC][Thu Dec 18 15:11:14 2025 GMT] $: [❗] [1] Camille O'Neil action:
[She eyes up the horde] Not so scary now,huh?
[Thu Dec 18 15:11:14 2025 GMT] Camille O'Neil (Yew): [She eyes up the horde] Not so scary now,huh?
[OOC][Thu Dec 18 15:11:39 2025 GMT] [GM]Ike: reading through attack mechanics wait
[OOC][Thu Dec 18 15:11:48 2025 GMT] $: Sei Laure rolled 4 out of 6.
[OOC][Thu Dec 18 15:11:58 2025 GMT] $: Narrator rolled 4 out of 6.
[OOC][Thu Dec 18 15:12:03 2025 GMT] Smiles: i assume 4 is the dc now
[OOC][Thu Dec 18 15:12:10 2025 GMT] [GM]Ike: yeah
[OOC][Thu Dec 18 15:12:28 2025 GMT] $: [❗] [0] Narrator action:
[Roll in endurance to dodge.]
[Thu Dec 18 15:12:28 2025 GMT] Narrator (Ema): [Roll in endurance to dodge.]
[OOC][Thu Dec 18 15:12:30 2025 GMT] $: Kaela Aeona rolled 2:2+2=4 out of 6.
[OOC][Thu Dec 18 15:12:36 2025 GMT] $: [❗] [0] Narrator action:
[Clear a 4.]
[Thu Dec 18 15:12:36 2025 GMT] Narrator (Ema): [Clear a 4.]
[OOC][Thu Dec 18 15:12:41 2025 GMT] $: Camille O'Neil rolled 2:2+5=7 out of 6.
[OOC][Thu Dec 18 15:12:43 2025 GMT] $: [❗] [2] Kaela Aeona action:
*DC is 4, Kaela narrowly passes.*
[Thu Dec 18 15:12:43 2025 GMT] Kaela Aeona (Sonia): *DC is 4, Kaela narrowly passes.*
[OOC][Thu Dec 18 15:12:50 2025 GMT] $: [❗] [0] Narrator action:
[You both dodge the attack!]
[Thu Dec 18 15:12:50 2025 GMT] Narrator (Ema): [You both dodge the attack!]
[Thu Dec 18 15:12:58 2025 GMT] Tru Stem (Nao): I knew you could do it!
[Thu Dec 18 15:13:06 2025 GMT] Ema has stopped the music: 
[Thu Dec 18 15:13:09 2025 GMT] Narrator (Ema): . . .
[OOC][Thu Dec 18 15:13:35 2025 GMT] $: [❗] [2] Kaela Aeona action:
*Is it GM bonus time now or*
[Thu Dec 18 15:13:35 2025 GMT] Kaela Aeona (Sonia): *Is it GM bonus time now or*
[OOC][Thu Dec 18 15:13:38 2025 GMT] $: [❗] [0] Narrator action:
[As you all fight your way through the horde, searching for items and working through plans...]
[Thu Dec 18 15:13:38 2025 GMT] Narrator (Ema): [As you all fight your way through the horde, searching for items and working through plans...]
[Thu Dec 18 15:13:39 2025 GMT] Ema has stopped the music: 
[Thu Dec 18 15:13:40 2025 GMT] Ema has played a song: tension/[999] Foreboding.ogg
[OOC][Thu Dec 18 15:14:04 2025 GMT] $: [❗] [0] Narrator action:
[The resort from behind you starts to crawl out with zombies.]
[Thu Dec 18 15:14:04 2025 GMT] Narrator (Ema): [The resort from behind you starts to crawl out with zombies.]
[OOC][Thu Dec 18 15:14:26 2025 GMT] RJ: We gotta finish this turn and get on that boat ASAP
[OOC][Thu Dec 18 15:14:30 2025 GMT] $: [❗] [0] Narrator action:
[A ~~Level 6 Horde~~ approaches.]
[Thu Dec 18 15:14:30 2025 GMT] Narrator (Ema): [A ~~Level 6 Horde~~ approaches.]
[Thu Dec 18 15:14:31 2025 GMT] Kaela Aeona (Sonia): Damn, maybe we should hurry up already.
[Thu Dec 18 15:14:56 2025 GMT] Narrator (Ema): ~~ALL OF YOU WILL BE GIVEN LAST TEN MINUTES, BEFORE YOUR FINAL TURN STARTS.~~
[Thu Dec 18 15:15:02 2025 GMT] Angela: Agreed, miss, we can't take our time here.
[Thu Dec 18 15:15:07 2025 GMT] Tru Stem (Nao): ... I-I don't believe even Lord Kinashi can protect us from this.
[Thu Dec 18 15:15:10 2025 GMT] Narrator (Ema): ~~THE CLOCK WILL RUN... NOW.~~
[Thu Dec 18 15:15:16 2025 GMT] Narrator (Ema): ~~KAELA'S TURN.~~
[Thu Dec 18 15:15:18 2025 GMT] Tru Stem (Nao): H-Hurry!
[OOC][Thu Dec 18 15:15:19 2025 GMT] $: [❗] [2] Kaela Aeona action:
*I think it's my turn now? If so I am IMMEDIATELY stabbing.*
[Thu Dec 18 15:15:19 2025 GMT] Kaela Aeona (Sonia): *I think it's my turn now? If so I am IMMEDIATELY stabbing.*
[OOC][Thu Dec 18 15:15:38 2025 GMT] RJ: X:25 
[Thu Dec 18 15:15:42 2025 GMT] Ema has stopped the music: 
[Thu Dec 18 15:15:44 2025 GMT] Ema has played a song: crisis and action/[AAI] Crises of Fate.ogg
[OOC][Thu Dec 18 15:15:58 2025 GMT] $: [❗] [0] Narrator action:
[DC of 6 in form!]
[Thu Dec 18 15:15:58 2025 GMT] Narrator (Ema): [DC of 6 in form!]
[OOC][Thu Dec 18 15:16:06 2025 GMT] $: [❗] [2] Kaela Aeona action:
*Autopass!*
[Thu Dec 18 15:16:06 2025 GMT] Kaela Aeona (Sonia): *Autopass!*
[OOC][Thu Dec 18 15:16:19 2025 GMT] $: [❗] [0] Narrator action:
[You stab them... AND WOOOOSH!]
[Thu Dec 18 15:16:19 2025 GMT] Narrator (Ema): [You stab them... AND WOOOOSH!]
[OOC][Thu Dec 18 15:16:30 2025 GMT] $: [❗] [0] Narrator action:
[The horde's HP is reduced to 2/4!]
[Thu Dec 18 15:16:30 2025 GMT] Narrator (Ema): [The horde's HP is reduced to 2/4!]
[OOC][Thu Dec 18 15:16:37 2025 GMT] $: [❗] [0] Narrator action:
[You have one remaining fast action.]
[Thu Dec 18 15:16:37 2025 GMT] Narrator (Ema): [You have one remaining fast action.]
[OOC][Thu Dec 18 15:16:49 2025 GMT] $: [❗] [2] Kaela Aeona action:
*Ummmmmm ummmmmm cover the nearest teammate*
[Thu Dec 18 15:16:49 2025 GMT] Kaela Aeona (Sonia): *Ummmmmm ummmmmm cover the nearest teammate*
[OOC][Thu Dec 18 15:16:55 2025 GMT] RJ: Surf board or fireworks. Either of them need to hit.
[OOC][Thu Dec 18 15:17:05 2025 GMT] $: [❗] [0] Narrator action:
[Your nearest teammate is Camille.]
[Thu Dec 18 15:17:05 2025 GMT] Narrator (Ema): [Your nearest teammate is Camille.]
[OOC][Thu Dec 18 15:17:07 2025 GMT] Smiles: Or someone needs to take damage so I can swing again
[Thu Dec 18 15:17:17 2025 GMT] Narrator (Ema): ~~ANGELA'S TURN.~~
[OOC][Thu Dec 18 15:17:18 2025 GMT] $: [❗] [4] LobotomyCorporation/Angela action:
[Stabbing, even more stabbing. Then taking cover.]
[Thu Dec 18 15:17:18 2025 GMT] Angela: [Stabbing, even more stabbing. Then taking cover.]
[OOC][Thu Dec 18 15:17:22 2025 GMT] RJ: I can slit my wrist during my turn
[OOC][Thu Dec 18 15:17:22 2025 GMT] $: LobotomyCorporation/Angela rolled 1:1+2=3 out of 6.
[OOC][Thu Dec 18 15:17:27 2025 GMT] Redfield: Camille is like,the least likely to take damage
[OOC][Thu Dec 18 15:17:45 2025 GMT] $: [❗] [0] Narrator action:
[Angela stabs! Clear a DC of... damn, you miss.]
[Thu Dec 18 15:17:45 2025 GMT] Narrator (Ema): [Angela stabs! Clear a DC of... damn, you miss.]
[OOC][Thu Dec 18 15:17:51 2025 GMT] $: [❗] [1] Camille O'Neil action:
[Overtime ability activated!] Yo try again.
[Thu Dec 18 15:17:51 2025 GMT] Camille O'Neil (Yew): [Overtime ability activated!] Yo try again.
[OOC][Thu Dec 18 15:17:57 2025 GMT] Smiles: literally anyone take damage and i can end the fight
[OOC][Thu Dec 18 15:17:59 2025 GMT] $: [❗] [0] Narrator action:
[Roll again!]
[Thu Dec 18 15:17:59 2025 GMT] Narrator (Ema): [Roll again!]
[OOC][Thu Dec 18 15:18:10 2025 GMT] $: LobotomyCorporation/Angela rolled 1:1+2=3 out of 6.
[OOC][Thu Dec 18 15:18:11 2025 GMT] RJ: I need a weapon to slit my wrist!
[OOC][Thu Dec 18 15:18:17 2025 GMT] Smiles: girl what the fuck
[OOC][Thu Dec 18 15:18:22 2025 GMT] $: [❗] [0] Narrator action:
[...Holy shit, this zombie REFUSES to go down.]
[Thu Dec 18 15:18:22 2025 GMT] Narrator (Ema): [...Holy shit, this zombie REFUSES to go down.]
[OOC][Thu Dec 18 15:18:29 2025 GMT] Smiles: just reopen the wound?
[Thu Dec 18 15:18:35 2025 GMT] Camille O'Neil (Yew): You rotting shit! we do NOT have time for this!
[OOC][Thu Dec 18 15:18:50 2025 GMT] Smiles: like you can possibly just remove the necktie bandage and it could count
[OOC][Thu Dec 18 15:18:58 2025 GMT] $: [❗] [0] Narrator action:
[Are you rolling again?]
[Thu Dec 18 15:18:58 2025 GMT] Narrator (Ema): [Are you rolling again?]
[OOC][Thu Dec 18 15:19:01 2025 GMT] Redfield: R,could you pass your turn so that i can go first?
[OOC][Thu Dec 18 15:19:02 2025 GMT] RJ: 'Using the weapon she currently has'... oh wait I can injure myself without an ability
[OOC][Thu Dec 18 15:19:13 2025 GMT] RJ: I can pass it yeah
[OOC][Thu Dec 18 15:19:20 2025 GMT] $: [❗] [0] Narrator action:
[You haven't used your perk all session so you have two goes left]
[Thu Dec 18 15:19:20 2025 GMT] Narrator (Ema): [You haven't used your perk all session so you have two goes left]
[OOC][Thu Dec 18 15:19:30 2025 GMT] $: [❗] [1] Camille O'Neil action:
[Screw it,another usage!]
[Thu Dec 18 15:19:30 2025 GMT] Camille O'Neil (Yew): [Screw it,another usage!]
[OOC][Thu Dec 18 15:19:39 2025 GMT] $: [❗] [0] Narrator action:
[This is your final reroll.]
[Thu Dec 18 15:19:39 2025 GMT] Narrator (Ema): [This is your final reroll.]
[OOC][Thu Dec 18 15:19:54 2025 GMT] $: [❗] [0] Narrator action:
[The DC to clear is 6.]
[Thu Dec 18 15:19:54 2025 GMT] Narrator (Ema): [The DC to clear is 6.]
[OOC][Thu Dec 18 15:19:56 2025 GMT] $: LobotomyCorporation/Angela rolled 4:4+2=6 out of 6.
[OOC][Thu Dec 18 15:20:00 2025 GMT] RJ: HOLY
[OOC][Thu Dec 18 15:20:01 2025 GMT] $: [❗] [4] LobotomyCorporation/Angela action:
[Another try?]
[Thu Dec 18 15:20:01 2025 GMT] Angela: [Another try?]
[OOC][Thu Dec 18 15:20:02 2025 GMT] RJ: Barely
[OOC][Thu Dec 18 15:20:05 2025 GMT] Smiles: there we go girl!!!
[OOC][Thu Dec 18 15:20:05 2025 GMT] Redfield: YEAAAAAHHHHHHHH
[OOC][Thu Dec 18 15:20:14 2025 GMT] $: [❗] [0] Narrator action:
[Your attack succeeds!]
[Thu Dec 18 15:20:14 2025 GMT] Narrator (Ema): [Your attack succeeds!]
[OOC][Thu Dec 18 15:20:15 2025 GMT] Smiles: Horde is dead now!!!
[OOC][Thu Dec 18 15:20:26 2025 GMT] $: [❗] [1] Camille O'Neil action:
[Because of my overtime ability]
[Thu Dec 18 15:20:26 2025 GMT] Camille O'Neil (Yew): [Because of my overtime ability]
[Thu Dec 18 15:20:28 2025 GMT] Tru Stem (Nao): We must go!
[Thu Dec 18 15:20:32 2025 GMT] Angela: Third time the chrm, as they say.
[OOC][Thu Dec 18 15:20:36 2025 GMT] $: [❗] [0] Narrator action:
[You all start moving towards the docks.]
[Thu Dec 18 15:20:36 2025 GMT] Narrator (Ema): [You all start moving towards the docks.]
[Thu Dec 18 15:20:43 2025 GMT] Kaela Aeona (Sonia): Okay, they're dead, right? GO!!!
[OOC][Thu Dec 18 15:20:48 2025 GMT] $: [❗] [2] Kaela Aeona action:
*Nyoom!*
[Thu Dec 18 15:20:48 2025 GMT] Kaela Aeona (Sonia): *Nyoom!*
[OOC][Thu Dec 18 15:20:49 2025 GMT] $: Locked pos into docks.
[OOC][Thu Dec 18 15:20:51 2025 GMT] $: [❗] [1] Camille O'Neil action:
[She's running ahead of you all]
[Thu Dec 18 15:20:51 2025 GMT] Camille O'Neil (Yew): [She's running ahead of you all]
[OOC][Thu Dec 18 15:20:53 2025 GMT] $: [❗] [5] Tru Stem action:
[Nyoom indeed]
[Thu Dec 18 15:20:53 2025 GMT] Tru Stem (Nao): [Nyoom indeed]
[OOC][Thu Dec 18 15:21:01 2025 GMT] $: [❗] [4] LobotomyCorporation/Angela action:
[Streight to the boat, what about it?]
[Thu Dec 18 15:21:01 2025 GMT] Angela: [Streight to the boat, what about it?]
[OOC][Thu Dec 18 15:21:10 2025 GMT] $: [❗] [0] Narrator action:
[The yacht awaits! However, it has no path to get there?! It's too high!]
[Thu Dec 18 15:21:10 2025 GMT] Narrator (Ema): [The yacht awaits! However, it has no path to get there?! It's too high!]
[Thu Dec 18 15:21:25 2025 GMT] Kaela Aeona (Sonia): Okay, good sir, make sure this boat has fuel and get it over here somehow!
[OOC][Thu Dec 18 15:21:29 2025 GMT] $: [❗] [0] Narrator action:
[Everyone must roll in Endurance to jump up. DC is 4.]
[Thu Dec 18 15:21:29 2025 GMT] Narrator (Ema): [Everyone must roll in Endurance to jump up. DC is 4.]
[Thu Dec 18 15:21:40 2025 GMT] Kaela Aeona (Sonia): Someone better carry me. I can't swim.
[OOC][Thu Dec 18 15:21:44 2025 GMT] $: [❗] [4] LobotomyCorporation/Angela action:
[Can we look for something to help?]
[Thu Dec 18 15:21:44 2025 GMT] Angela: [Can we look for something to help?]
[OOC][Thu Dec 18 15:21:48 2025 GMT] $: [❗] [1] Camille O'Neil action:
[Straight up an autoclear for her]
[Thu Dec 18 15:21:48 2025 GMT] Camille O'Neil (Yew): [Straight up an autoclear for her]
[Thu Dec 18 15:21:52 2025 GMT] Sei Laure (Guy): I didn't have time to set down the path, you see...
[OOC][Thu Dec 18 15:22:01 2025 GMT] $: [❗] [1] Camille O'Neil action:
[She jumps with surprising ease up to the Yacht]
[Thu Dec 18 15:22:01 2025 GMT] Camille O'Neil (Yew): [She jumps with surprising ease up to the Yacht]
[OOC][Thu Dec 18 15:22:21 2025 GMT] $: Kaela Aeona rolled 6:6+2=8 out of 6.
[OOC][Thu Dec 18 15:22:21 2025 GMT] $: [❗] [0] Narrator action:
[Who's still grounded?]
[Thu Dec 18 15:22:21 2025 GMT] Narrator (Ema): [Who's still grounded?]
[OOC][Thu Dec 18 15:22:24 2025 GMT] $: [❗] [5] Tru Stem action:
Do not falter. We're almost at the end. Don't let your fear stop you  [Divine Intetvention on Kaela]
[Thu Dec 18 15:22:24 2025 GMT] Tru Stem (Nao): Do not falter. We're almost at the end. Don't let your fear stop you  [Divine Intetvention on Kaela]
[OOC][Thu Dec 18 15:22:27 2025 GMT] $: Narrator rolled 3 out of 6.
[OOC][Thu Dec 18 15:22:29 2025 GMT] $: [❗] [2] Kaela Aeona action:
*I pass!*
[Thu Dec 18 15:22:29 2025 GMT] Kaela Aeona (Sonia): *I pass!*
[OOC][Thu Dec 18 15:22:31 2025 GMT] $: [❗] [1] Camille O'Neil action:
[Then extends a hand down] I'm not abandonning any of you,i don't know how to drive this!
[Thu Dec 18 15:22:31 2025 GMT] Camille O'Neil (Yew): [Then extends a hand down] I'm not abandonning any of you,i don't know how to drive this!
[OOC][Thu Dec 18 15:22:38 2025 GMT] $: [❗] [4] LobotomyCorporation/Angela action:
[So, is there anything nearby to help?]
[Thu Dec 18 15:22:38 2025 GMT] Angela: [So, is there anything nearby to help?]
[OOC][Thu Dec 18 15:22:43 2025 GMT] $: [❗] [5] Tru Stem action:
[Endurence of 3 I also pass]
[Thu Dec 18 15:22:43 2025 GMT] Tru Stem (Nao): [Endurence of 3 I also pass]
[OOC][Thu Dec 18 15:22:43 2025 GMT] $: [❗] [3] Sei Laure action:
[He attempts to get up, but fails!]
[Thu Dec 18 15:22:43 2025 GMT] Sei Laure (Guy): [He attempts to get up, but fails!]
[OOC][Thu Dec 18 15:23:00 2025 GMT] $: [❗] [3] Sei Laure action:
I CAAAN'T GET UPP! [He takes the offered hand of Angela.]
[Thu Dec 18 15:23:00 2025 GMT] Sei Laure (Guy): I CAAAN'T GET UPP! [He takes the offered hand of Angela.]
[Thu Dec 18 15:23:05 2025 GMT] Camille O'Neil (Yew): 
[OOC][Thu Dec 18 15:23:06 2025 GMT] $: [❗] [2] Kaela Aeona action:
*She reaches down to yoink anyone down there up. With this form, it's probably an autopass.*
[Thu Dec 18 15:23:06 2025 GMT] Kaela Aeona (Sonia): *She reaches down to yoink anyone down there up. With this form, it's probably an autopass.*
[Thu Dec 18 15:23:12 2025 GMT] Camille O'Neil (Yew): My name is Camille,dear.
[OOC][Thu Dec 18 15:23:17 2025 GMT] $: [❗] [0] Narrator action:
[EVERYONE'S IN THE BOAT.]
[Thu Dec 18 15:23:17 2025 GMT] Narrator (Ema): [EVERYONE'S IN THE BOAT.]
[OOC][Thu Dec 18 15:23:25 2025 GMT] $: Locked pos into yachtext.
[OOC][Thu Dec 18 15:23:28 2025 GMT] $: [❗] [5] Tru Stem action:
[Using tech to try and find a way to start the boat and go]
[Thu Dec 18 15:23:28 2025 GMT] Tru Stem (Nao): [Using tech to try and find a way to start the boat and go]
[Thu Dec 18 15:23:31 2025 GMT] Kaela Aeona (Sonia): NOW DRIVE!!!
[OOC][Thu Dec 18 15:23:32 2025 GMT] $: [❗] [0] Narrator action:
[MOVE, MOVE!]
[Thu Dec 18 15:23:32 2025 GMT] Narrator (Ema): [MOVE, MOVE!]
[Thu Dec 18 15:23:34 2025 GMT] Camille O'Neil (Yew): Hey,Sei right? DRIVE THIS THING!
[OOC][Thu Dec 18 15:23:39 2025 GMT] $: Tru Stem rolled 6:6+3=9 out of 6.
[Thu Dec 18 15:23:42 2025 GMT] Kaela Aeona (Sonia): IT'S YOUR BOAT, DRIVE IT!!!
[Thu Dec 18 15:23:51 2025 GMT] Camille O'Neil (Yew): Wait what is the child doing-
[Thu Dec 18 15:23:52 2025 GMT] Sei Laure (Guy): GIVE ME A GODDAMNED MINUTE, WILL YOU?!
[Thu Dec 18 15:24:00 2025 GMT] Kaela Aeona (Sonia): WE HAVE LIKE THREE I THINK
[OOC][Thu Dec 18 15:24:17 2025 GMT] $: [❗] [3] Sei Laure action:
[He goes forwards to the steering wheel!]
[Thu Dec 18 15:24:17 2025 GMT] Sei Laure (Guy): [He goes forwards to the steering wheel!]
[OOC][Thu Dec 18 15:24:23 2025 GMT] Ike: IS MY BG NOT
[OOC][Thu Dec 18 15:24:32 2025 GMT] $: [❗] [4] LobotomyCorporation/Angela action:
[Making sure, nothing goes down right now as a manager.]
[Thu Dec 18 15:24:32 2025 GMT] Angela: [Making sure, nothing goes down right now as a manager.]
[OOC][Thu Dec 18 15:24:39 2025 GMT] $: Locked pos into yachint.
[OOC][Thu Dec 18 15:24:47 2025 GMT] $: [❗] [0] Narrator action:
[The engine starts!]
[Thu Dec 18 15:24:47 2025 GMT] Narrator (Ema): [The engine starts!]
[Thu Dec 18 15:24:50 2025 GMT] Narrator (Ema): FUCK
[OOC][Thu Dec 18 15:24:55 2025 GMT] Smiles: NO BG!!!
[OOC][Thu Dec 18 15:25:02 2025 GMT] Redfield: The yacht is a void
[OOC][Thu Dec 18 15:25:03 2025 GMT] $: Locked pos into yachtint.
[OOC][Thu Dec 18 15:25:04 2025 GMT] Redfield: Like my soul
[OOC][Thu Dec 18 15:25:07 2025 GMT] $: [❗] [0] Narrator action:
[THE ENGINE STARTS.]
[Thu Dec 18 15:25:07 2025 GMT] Narrator (Ema): [THE ENGINE STARTS.]
[Thu Dec 18 15:25:19 2025 GMT] Sei Laure (Guy): Well, we're takin' a trip! Get ready...
[Thu Dec 18 15:25:32 2025 GMT] Kaela Aeona (Sonia): It's started?! Screw getting ready and go!
[Thu Dec 18 15:25:36 2025 GMT] Sei Laure (Guy): And as the ship starts to leave...
[Thu Dec 18 15:25:42 2025 GMT] Sei Laure (Guy): We shall sail on!
[OOC][Thu Dec 18 15:25:44 2025 GMT] $: [❗] [5] Tru Stem action:
[she sighs in relief] Well now, I can't believe I worried. The Lord's protection will always shine through
[Thu Dec 18 15:25:44 2025 GMT] Tru Stem (Nao): [she sighs in relief] Well now, I can't believe I worried. The Lord's protection will always shine through
[OOC][Thu Dec 18 15:25:55 2025 GMT] $: [❗] [0] Narrator action:
[The yacht starts to leave the docks...]
[Thu Dec 18 15:25:55 2025 GMT] Narrator (Ema): [The yacht starts to leave the docks...]
[Thu Dec 18 15:26:07 2025 GMT] Angela: Noone have a sea seakness?
[OOC][Thu Dec 18 15:26:08 2025 GMT] $: [❗] [0] Narrator action:
[...And you all sail away from the island.]
[Thu Dec 18 15:26:08 2025 GMT] Narrator (Ema): [...And you all sail away from the island.]
[Thu Dec 18 15:26:15 2025 GMT] Ema has stopped the music: 
[OOC][Thu Dec 18 15:26:22 2025 GMT] Smiles: we survived???
[Thu Dec 18 15:26:23 2025 GMT] Ema has stopped the music: 
[Thu Dec 18 15:26:27 2025 GMT] Ema has played a song: good end/[AAI2] Solution! ~ Calm Moment.ogg
[OOC][Thu Dec 18 15:26:33 2025 GMT] RJ: I have no idea
[Thu Dec 18 15:26:39 2025 GMT] Ema has played a song: good end/[Cat] Result.ogg
[OOC][Thu Dec 18 15:26:42 2025 GMT] Redfield: Truly,peak
[OOC][Thu Dec 18 15:26:50 2025 GMT] $: [❗] [2] Kaela Aeona action:
*Sitting down.* Damn, that was more stressful than expected.
[Thu Dec 18 15:26:50 2025 GMT] Kaela Aeona (Sonia): *Sitting down.* Damn, that was more stressful than expected.
[OOC][Thu Dec 18 15:26:53 2025 GMT] $: Timer 0 has expired.
[Thu Dec 18 15:26:54 2025 GMT] Tru Stem (Nao): Can't wait to meet you. ~Anzu~.
[Thu Dec 18 15:26:58 2025 GMT] Kaela Aeona (Sonia): Even for a zombie apocalypse.
[Thu Dec 18 15:27:08 2025 GMT] Camille O'Neil (Yew): Well then,i'm officially out of a job,and home.
[OOC][Thu Dec 18 15:27:11 2025 GMT] $: [❗] [0] Narrator action:
[With nearly the nick of time, as the ship departs, you see the Level 6 horde start to linger at the docks...]
[Thu Dec 18 15:27:11 2025 GMT] Narrator (Ema): [With nearly the nick of time, as the ship departs, you see the Level 6 horde start to linger at the docks...]
[Thu Dec 18 15:27:18 2025 GMT] Kaela Aeona (Sonia): Who the hell is Anzu?
[OOC][Thu Dec 18 15:27:23 2025 GMT] $: [❗] [0] Narrator action:
[It stares at you, a future narrowly avoided.]
[Thu Dec 18 15:27:23 2025 GMT] Narrator (Ema): [It stares at you, a future narrowly avoided.]
[Thu Dec 18 15:27:30 2025 GMT] Tru Stem (Nao): I hope one day you'll meet her as well.
[OOC][Thu Dec 18 15:27:36 2025 GMT] $: [❗] [0] Narrator action:
[In th open seas, it's peaceful.]
[Thu Dec 18 15:27:36 2025 GMT] Narrator (Ema): [In th open seas, it's peaceful.]
[OOC][Thu Dec 18 15:27:36 2025 GMT] Smiles: wow we actually close called that one
[Thu Dec 18 15:27:45 2025 GMT] Angela: Officially, you are not the only one.
[OOC][Thu Dec 18 15:27:49 2025 GMT] [GM]Ike: I'll let you guys have 10 minutes to rp, let me know when you guys want to start the ending
[OOC][Thu Dec 18 15:27:52 2025 GMT] [GM]Ike: early
[Thu Dec 18 15:27:57 2025 GMT] Ema has played a song: good end/[AAI2] Solution! ~ Calm Moment.ogg
[Thu Dec 18 15:28:18 2025 GMT] Camille O'Neil (Yew): Right,hopefully this entire mess is only in the island.
[Thu Dec 18 15:28:22 2025 GMT] Tru Stem (Nao): Lord Kinashi is the one who will bring us Salvation
[Thu Dec 18 15:28:23 2025 GMT] Kaela Aeona (Sonia): Maybe my family won't have to go make another heiress.
[Thu Dec 18 15:28:37 2025 GMT] Tru Stem (Nao): Oh it's not
[Thu Dec 18 15:28:42 2025 GMT] Camille O'Neil (Yew): An heiress of what?
[Thu Dec 18 15:28:52 2025 GMT] Kaela Aeona (Sonia): My sister's way too incompetent to run that damn antique store.
[Thu Dec 18 15:29:07 2025 GMT] Tru Stem (Nao): This situation you all find yourselves in, isn't just on the island you know
[Thu Dec 18 15:29:26 2025 GMT] Camille O'Neil (Yew): Considering how batshit weird you are,i'll trust you on that.
[Thu Dec 18 15:29:31 2025 GMT] Camille O'Neil (Yew): And say this:
[Thu Dec 18 15:29:35 2025 GMT] Angela: ...Agreed.
[Thu Dec 18 15:29:41 2025 GMT] Camille O'Neil (Yew): ~~FUUUUUUUUUUUUUUUUUCCCCCCCCCKKKKKKKKK
[OOC][Thu Dec 18 15:29:48 2025 GMT] RJ: Tru Stem. Trust Me
[Thu Dec 18 15:30:12 2025 GMT] Kaela Aeona (Sonia): Fuck. Fuckity fuck fuck.
[Thu Dec 18 15:30:20 2025 GMT] Angela: We should probably look around the ship for anything useful in our future life.
[Thu Dec 18 15:30:24 2025 GMT] Kaela Aeona (Sonia): I love that word.
[Thu Dec 18 15:30:25 2025 GMT] Camille O'Neil (Yew): My little monotonous life is gone...
[Thu Dec 18 15:30:38 2025 GMT] Tru Stem (Nao): Do you all know the story of Noah's Arc?
[Thu Dec 18 15:30:54 2025 GMT] Tru Stem (Nao): The one where the world flooded, many died, but Noah saved a select few. 2 of every animal.
[Thu Dec 18 15:31:04 2025 GMT] Angela: Yes, why you ask, miss?
[Thu Dec 18 15:31:19 2025 GMT] Kaela Aeona (Sonia): Kind of stress relieving to kill so many zombies. Probably sounds disturbing, but I REALLY wanted to take my annoyance out on SOMETHING that wasn't, you know, a living being that could suffer.
[Thu Dec 18 15:31:32 2025 GMT] Tru Stem (Nao): That is the story we're living in. This whole situation is only Temporary. Once the Lord finds a solution, our lives will return to how they were
[Thu Dec 18 15:31:44 2025 GMT] Camille O'Neil (Yew): Whatever helps us survive another day is good.
[Thu Dec 18 15:31:48 2025 GMT] Tru Stem (Nao): Many will die, many have died, but it'll all be for the best
[OOC][Thu Dec 18 15:31:56 2025 GMT] $: [❗] [4] LobotomyCorporation/Angela action:
[Gives a GLANCE to the only GUY on the ship.]
[Thu Dec 18 15:31:56 2025 GMT] Angela: [Gives a GLANCE to the only GUY on the ship.]
[Thu Dec 18 15:32:02 2025 GMT] Kaela Aeona (Sonia): She should pick up the pace, then. Like, asking nicely, I guess.
[Thu Dec 18 15:32:13 2025 GMT] Sei Laure (Guy): Hey, I'm workin' here!
[Thu Dec 18 15:32:21 2025 GMT] Tru Stem (Nao): Don't worry, I'm sure she's already starting to realize her potential
[Thu Dec 18 15:32:27 2025 GMT] Tru Stem (Nao): It's only a matter of time
[Thu Dec 18 15:32:39 2025 GMT] Kaela Aeona (Sonia): Let the man drive. He's the reason I'm not sinking like a log right now.
[Thu Dec 18 15:32:57 2025 GMT] Angela: Yes, we should leave him be.
[Thu Dec 18 15:33:27 2025 GMT] Camille O'Neil (Yew): I can't do this survival shit again...
[OOC][Thu Dec 18 15:33:37 2025 GMT] $: [❗] [2] Kaela Aeona action:
*Playing with the knife.* This thing is weirdly sturdy. It shanked SO many zombies.
[Thu Dec 18 15:33:37 2025 GMT] Kaela Aeona (Sonia): *Playing with the knife.* This thing is weirdly sturdy. It shanked SO many zombies.
[Thu Dec 18 15:33:58 2025 GMT] Kaela Aeona (Sonia): Lord really did bless this metal.
[Thu Dec 18 15:34:25 2025 GMT] Sei Laure (Guy): ...Just who exactly had I let in my ship...
[Thu Dec 18 15:34:34 2025 GMT] Tru Stem (Nao): Let my blood coat the blade, make the metal unbendable. Make it's end sharp and a sword, allow it to kill a whole horde.
[Thu Dec 18 15:34:43 2025 GMT] Angela: Miss, just make sure this won't become a blood lust, we don't want you start stabbing still alive people.
[Thu Dec 18 15:34:44 2025 GMT] Angela: 
[Thu Dec 18 15:34:50 2025 GMT] Kaela Aeona (Sonia): Someone who you would be dead without.
[Thu Dec 18 15:35:11 2025 GMT] Kaela Aeona (Sonia): Trust me, I know the difference between attacking living and undead people.
[Thu Dec 18 15:35:11 2025 GMT] Camille O'Neil (Yew): ...Very smooth.
[Thu Dec 18 15:35:48 2025 GMT] Kaela Aeona (Sonia): I'm not a sociopath. I don't murder living people.
[OOC][Thu Dec 18 15:36:06 2025 GMT] Smiles: tru stem. trust them
[Thu Dec 18 15:36:07 2025 GMT] Tru Stem (Nao): If you are, I can set up some sessions. Believe it or not I'm a therepist.
[Thu Dec 18 15:36:48 2025 GMT] Kaela Aeona (Sonia): If I need sessions, it's for how unbelievably pissed I am at how hard running that damn shop is, not for sociopathic tendencies.
[Thu Dec 18 15:36:58 2025 GMT] Camille O'Neil (Yew): ...Girl,you need a therapist before you start being a therapist yourself.
[Thu Dec 18 15:37:17 2025 GMT] Kaela Aeona (Sonia): I can keep the blade in its sheath until the thing in front of me is undead.
[Thu Dec 18 15:37:30 2025 GMT] Tru Stem (Nao): Mayhaps in the future, for now i'll be around to help as best as I can
[OOC][Thu Dec 18 15:37:46 2025 GMT] RJ: Why is it always the red heads
[Thu Dec 18 15:37:49 2025 GMT] Camille O'Neil (Yew): Welp,if this entire mess is everywhere...
[Thu Dec 18 15:38:01 2025 GMT] Camille O'Neil (Yew): We should check if anyone is sending radio messages.
[Thu Dec 18 15:38:04 2025 GMT] Kaela Aeona (Sonia): At least it's not where we are RIGHT NOW.
[Thu Dec 18 15:38:15 2025 GMT] Kaela Aeona (Sonia): You got a radio on here, good sir?
[Thu Dec 18 15:38:18 2025 GMT] Sei Laure (Guy): True that... the seas are wide.
[OOC][Thu Dec 18 15:38:39 2025 GMT] $: [❗] [3] Sei Laure action:
I've tried. [He knocks on the panels.] There's no signal for me to connect round here!
[Thu Dec 18 15:38:39 2025 GMT] Sei Laure (Guy): I've tried. [He knocks on the panels.] There's no signal for me to connect round here!
[OOC][Thu Dec 18 15:38:46 2025 GMT] $: Timer 0 has expired.
[Thu Dec 18 15:38:55 2025 GMT] Kaela Aeona (Sonia): Ah well. At least we're not dead right now.
[Thu Dec 18 15:38:59 2025 GMT] Sei Laure (Guy): It'll take us about like a day to reach main land...
[Thu Dec 18 15:39:00 2025 GMT] Kaela Aeona (Sonia): All we can ask for.
[Thu Dec 18 15:39:18 2025 GMT] Ema has stopped the music: 
[Thu Dec 18 15:39:37 2025 GMT] Ema has played a song: suspense/[DB] A Disquieting Atmosphere.ogg
[OOC][Thu Dec 18 15:39:41 2025 GMT] Smiles: for a second i thought my earbuds died
[OOC][Thu Dec 18 15:39:48 2025 GMT] Redfield: Ending time
[OOC][Thu Dec 18 15:39:50 2025 GMT] Smiles: oh no what is this music
[OOC][Thu Dec 18 15:40:07 2025 GMT] Redfield: it's "[DB] A Disquieting Atmosphere"
[OOC][Thu Dec 18 15:40:27 2025 GMT] $: [❗] [0] Narrator action:
[As you all journey through the calm seas, there is only a few hours left in the night.]
[Thu Dec 18 15:40:27 2025 GMT] Narrator (Ema): [As you all journey through the calm seas, there is only a few hours left in the night.]
[OOC][Thu Dec 18 15:40:33 2025 GMT] Redfield: Aka,doom :)
[OOC][Thu Dec 18 15:40:34 2025 GMT] $: This area is now muted.
[OOC][Thu Dec 18 15:40:59 2025 GMT] Smiles: you better not kill someone we worked hard to live
[OOC][Thu Dec 18 15:41:01 2025 GMT] $: [❗] [0] Narrator action:
[Spending your time with each other discussing future plans and beliefs, with a sailor growing more worried as the women talk...]
[Thu Dec 18 15:41:01 2025 GMT] Narrator (Ema): [Spending your time with each other discussing future plans and beliefs, with a sailor growing more worried as the women talk...]
[OOC][Thu Dec 18 15:41:12 2025 GMT] $: [❗] [0] Narrator action:
[Rays of light can be seen as the sun rises.]
[Thu Dec 18 15:41:12 2025 GMT] Narrator (Ema): [Rays of light can be seen as the sun rises.]
[OOC][Thu Dec 18 15:41:17 2025 GMT] $: [❗] [0] Narrator action:
[It's a new day.]
[Thu Dec 18 15:41:17 2025 GMT] Narrator (Ema): [It's a new day.]
[OOC][Thu Dec 18 15:41:34 2025 GMT] $: [❗] [0] Narrator action:
[It will only be a matter of time left until you reach back main land...]
[Thu Dec 18 15:41:34 2025 GMT] Narrator (Ema): [It will only be a matter of time left until you reach back main land...]
[OOC][Thu Dec 18 15:41:34 2025 GMT] Redfield: It's a new day,and you are an horrible goose
[OOC][Thu Dec 18 15:41:54 2025 GMT] Smiles: ig we're going to see the burning city or a zombie horde on the beach
[OOC][Thu Dec 18 15:42:09 2025 GMT] $: [❗] [0] Narrator action:
[But as the Sailor squints in the distance, he squints as the breeze starts to further harshen.]
[Thu Dec 18 15:42:09 2025 GMT] Narrator (Ema): [But as the Sailor squints in the distance, he squints as the breeze starts to further harshen.]
[OOC][Thu Dec 18 15:42:25 2025 GMT] $: [❗] [0] Narrator action:
[Just as fast as the sun had came, droplets of rain begin to fall.]
[Thu Dec 18 15:42:25 2025 GMT] Narrator (Ema): [Just as fast as the sun had came, droplets of rain begin to fall.]
[OOC][Thu Dec 18 15:42:56 2025 GMT] $: [❗] [0] Narrator action:
[And as time moves on, you see in the distance that there are dark clouds that would eventually loom over your heads.]
[Thu Dec 18 15:42:56 2025 GMT] Narrator (Ema): [And as time moves on, you see in the distance that there are dark clouds that would eventually loom over your heads.]
[Thu Dec 18 15:42:58 2025 GMT] Narrator (Ema): 
[OOC][Thu Dec 18 15:43:11 2025 GMT] RJ: Collect the rainwater!
[OOC][Thu Dec 18 15:43:19 2025 GMT] Detectiv: True.
[OOC][Thu Dec 18 15:43:30 2025 GMT] Redfield: Craft a filter too!
[OOC][Thu Dec 18 15:43:31 2025 GMT] $: [❗] [0] Narrator action:
[You all then realize something, as you search around the ship.]
[Thu Dec 18 15:43:31 2025 GMT] Narrator (Ema): [You all then realize something, as you search around the ship.]
[OOC][Thu Dec 18 15:43:38 2025 GMT] $: [3] Sei Laure has disconnected.
[Thu Dec 18 15:43:41 2025 GMT] Ema has stopped the music: 
[OOC][Thu Dec 18 15:43:47 2025 GMT] Smiles: oh no sei fuckin died
[OOC][Thu Dec 18 15:43:56 2025 GMT] RJ: He's a zombie
[Thu Dec 18 15:43:57 2025 GMT] Narrator (Ema): ~~There is no sustenance to tide you over this storm.~~
[OOC][Thu Dec 18 15:44:13 2025 GMT] Redfield: Time to drink the rainwater
[OOC][Thu Dec 18 15:44:17 2025 GMT] Smiles: what we're not going to insta starve
[OOC][Thu Dec 18 15:44:37 2025 GMT] Smiles: it takes a while to starve
[Thu Dec 18 15:44:41 2025 GMT] Narrator (Ema): ~~And so, you sail out into the open seas, another challenge approaching...~~
[OOC][Thu Dec 18 15:44:44 2025 GMT] $: [❗] [0] Narrator action:
[RP END.]
[Thu Dec 18 15:44:44 2025 GMT] Narrator (Ema): [RP END.]
[Thu Dec 18 15:45:01 2025 GMT] Ike (Ema): We are all so cooked
[OOC][Thu Dec 18 15:45:12 2025 GMT] RJ: Can we get unmuted?
[Thu Dec 18 15:45:15 2025 GMT] Ike (Ema): Anyways, that's the one-off concluded!
[OOC][Thu Dec 18 15:45:20 2025 GMT] [GM]Ike: fuck how do you umute
[OOC][Thu Dec 18 15:45:27 2025 GMT] $: This area is no longer muted.
[OOC][Thu Dec 18 15:45:27 2025 GMT] RJ: . /area_unmute
[Thu Dec 18 15:45:30 2025 GMT] RJ (Nao): GGs! 
[OOC][Thu Dec 18 15:45:30 2025 GMT] [GM]Ike: there we go
[Thu Dec 18 15:45:36 2025 GMT] Kaela Aeona (Sonia): we are NOT DEAD YET
[Thu Dec 18 15:45:46 2025 GMT] Ike (Ema): THANK YOU EVERYONE LEGIT FOR BEING SO PATIENT WITH ME
[Thu Dec 18 15:45:59 2025 GMT] Kaela Aeona (Sonia): do you still need the stream on
[Thu Dec 18 15:46:03 2025 GMT] Ike (Ema): I kept confusing names and orders and whatnot, it really means a lot to me you all had stuck out until the end
[Thu Dec 18 15:46:08 2025 GMT] Ike (Ema): And you can stop streaming!
[Thu Dec 18 15:46:11 2025 GMT] RJ (Nao): It was fun and I liked the firework gimmick.
[Thu Dec 18 15:46:14 2025 GMT] Redfield (Yew): And thank you for hosting at all!
[Thu Dec 18 15:46:33 2025 GMT] Kaela Aeona (Sonia): hey it got us extra time
[Thu Dec 18 15:46:35 2025 GMT] Ike (Ema): I hope that everyone had fun despite the scuff!!
[Thu Dec 18 15:46:43 2025 GMT] Angela: Considering I was unprepaired for this one-off, it was still good.
[Thu Dec 18 15:46:44 2025 GMT] Kaela Aeona (Sonia): we NEEDED that extra time
[Thu Dec 18 15:46:54 2025 GMT] Ike (Ema): I need to dip out soon but I'd sincerely like the feedback on both the system itself and my gm'ing 
[Thu Dec 18 15:47:04 2025 GMT] RJ (Nao): Being able to slit my wrist was all I needed for a Peak RP. The fights themselves were fun to do as well.
[Thu Dec 18 15:47:16 2025 GMT] Kaela Aeona (Sonia): had to get our asses out of there on less than a minute
[Thu Dec 18 15:47:20 2025 GMT] Kaela Aeona (Sonia): we clutched
[Thu Dec 18 15:47:27 2025 GMT] Ike (Ema): I gotta close client rn, but I'll be on in discord
[Thu Dec 18 15:47:33 2025 GMT] Redfield (Yew): Alrighty
[Thu Dec 18 15:47:33 2025 GMT] RJ (Nao): Good weapons were given that wasn't too powerful and I actually felt dreed the moment the LV6 hoard existed. Panicked for a bit
[Thu Dec 18 15:47:38 2025 GMT] RJ (Nao): K
[Thu Dec 18 15:47:40 2025 GMT] Kaela Aeona (Sonia): imagine i failed endurance and fell in the water
[Thu Dec 18 15:47:40 2025 GMT] Ike (Ema): see you guys, and thank you everyone again!
[Thu Dec 18 15:47:41 2025 GMT] Angela: Agreed. Goodbye.
[Thu Dec 18 15:47:49 2025 GMT] Kaela Aeona (Sonia): i have a trauma that keeps me from swimming
[Thu Dec 18 15:48:07 2025 GMT] RJ (Nao): You are the reason I got Divine Intervention
[Thu Dec 18 15:48:23 2025 GMT] Kaela Aeona (Sonia): kaela carries the team with her mad stabbing skills then falls in the water and dies
[Thu Dec 18 15:48:35 2025 GMT] RJ (Nao): I looked at that trauma, saw it sucked, and decided to help you if you were in danger
[Thu Dec 18 15:48:45 2025 GMT] Redfield (Yew): You know you could've just,repeated your roll
[Thu Dec 18 15:48:54 2025 GMT] Angela: Awareness checks everywhere she comes from Angela.
[Thu Dec 18 15:49:00 2025 GMT] Kaela Aeona (Sonia): I LOVE FORGETTING PERKS EXIST!!!
[Thu Dec 18 15:49:09 2025 GMT] Kaela Aeona (Sonia): I NEVER EVEN GOT TO USE MINE BECAUSE EVERYONE KEPT DODGING
[Thu Dec 18 15:49:27 2025 GMT] Redfield (Yew): And the only damage y'all got
[Thu Dec 18 15:49:30 2025 GMT] RJ (Nao): Tru and Kaela are perfect synergy.
[Thu Dec 18 15:49:31 2025 GMT] Redfield (Yew): Was the fireworks
[Thu Dec 18 15:49:37 2025 GMT] RJ (Nao): I also damaged myself
[Thu Dec 18 15:49:43 2025 GMT] Kaela Aeona (Sonia): "pass six"
[Thu Dec 18 15:49:46 2025 GMT] Kaela Aeona (Sonia): "autopass"
[Thu Dec 18 15:49:46 2025 GMT] RJ (Nao): Wow zombies did not get a single hit.
[Thu Dec 18 15:49:50 2025 GMT] Kaela Aeona (Sonia): "okay pass seven"
[Thu Dec 18 15:49:55 2025 GMT] Redfield (Yew): Actually they got me.
[Thu Dec 18 15:49:56 2025 GMT] Kaela Aeona (Sonia): "AUTOPASS"
[Thu Dec 18 15:50:02 2025 GMT] Kaela Aeona (Sonia): "WHAT THE FUCK"
[Thu Dec 18 15:50:04 2025 GMT] RJ (Nao): That shit was hillarious. Bloody Gamble is amazing
[Thu Dec 18 15:50:28 2025 GMT] Kaela Aeona (Sonia): i did NOT expect to need it
[Thu Dec 18 15:50:32 2025 GMT] Kaela Aeona (Sonia): for form
[Thu Dec 18 15:50:50 2025 GMT] Kaela Aeona (Sonia): then bro went "erm ackshually you need to try harder than that"
[Thu Dec 18 15:51:00 2025 GMT] RJ (Nao): 6 Form is amazing
[Thu Dec 18 15:51:06 2025 GMT] Redfield (Yew): Y'know,if we were smart.
[Thu Dec 18 15:51:12 2025 GMT] Redfield (Yew): We could've given you a firework
[Thu Dec 18 15:51:14 2025 GMT] Kaela Aeona (Sonia): Tru had the power of god and anime on her side
[Thu Dec 18 15:51:24 2025 GMT] Redfield (Yew): Then push true to second in the turn order
[Thu Dec 18 15:51:38 2025 GMT] Angela: Yes.
[Thu Dec 18 15:51:39 2025 GMT] RJ (Nao): IDK the power of Anime, but I got God
[Thu Dec 18 15:51:50 2025 GMT] Redfield (Yew): And boom,firework party with no collateral damage
[Thu Dec 18 15:51:55 2025 GMT] Kaela Aeona (Sonia): the wrist slitting was an edgy anime move
[Thu Dec 18 15:52:07 2025 GMT] RJ (Nao): Both god and Anime then.
[Thu Dec 18 15:52:13 2025 GMT] RJ (Nao): That buff helped tho didnt it?
[Thu Dec 18 15:52:21 2025 GMT] Kaela Aeona (Sonia): being the fighter is SO fun
[Thu Dec 18 15:52:32 2025 GMT] Redfield (Yew): It could've saved me if i rolled badly my attack.
[Thu Dec 18 15:52:33 2025 GMT] Kaela Aeona (Sonia): enemy? no there ain't
[Thu Dec 18 15:52:35 2025 GMT] RJ (Nao): 5-5 is fun!
[Thu Dec 18 15:52:43 2025 GMT] RJ (Nao): It's all about confidence
[Thu Dec 18 15:53:04 2025 GMT] Kaela Aeona (Sonia): i was expecting to get fucked up for charging the horde
[Thu Dec 18 15:53:16 2025 GMT] Angela: Put everything in form and endurence, you don't need other attributes.
[Thu Dec 18 15:53:21 2025 GMT] Kaela Aeona (Sonia): then no i somehow pass the endurance for it
[Thu Dec 18 15:53:36 2025 GMT] Redfield (Yew): Maybe i'll do that next time.
[Thu Dec 18 15:53:36 2025 GMT] RJ (Nao): MAYBE one person for tech and Awareness and good scavenging
[Thu Dec 18 15:53:38 2025 GMT] Kaela Aeona (Sonia): i now have three characters i'm up to replaying
[Thu Dec 18 15:53:50 2025 GMT] Kaela Aeona (Sonia): i kind of minmaxed
[Thu Dec 18 15:53:59 2025 GMT] Kaela Aeona (Sonia): used my trauma to get extra attribute points
[Thu Dec 18 15:54:10 2025 GMT] Angela: Lore will grow.
[Thu Dec 18 15:54:24 2025 GMT] Kaela Aeona (Sonia): angela saved me from needing an awareness stat
[Thu Dec 18 15:54:29 2025 GMT] RJ (Nao): TBH I prolly could've done the same with max, but I don't want him busted. Just strong.
[Thu Dec 18 15:54:41 2025 GMT] RJ (Nao): Next sesh I use him. ~7~ form
[Thu Dec 18 15:54:50 2025 GMT] Angela: You are welcome.
[Thu Dec 18 15:54:54 2025 GMT] Redfield (Yew): Hercules among humans
[Thu Dec 18 15:55:05 2025 GMT] Kaela Aeona (Sonia): theoretically you can take bonus points for the max of four traumas and get nearly perfect stats
[Thu Dec 18 15:55:10 2025 GMT] RJ (Q-Taro): This dude does look like a 7 Form.
[Thu Dec 18 15:55:22 2025 GMT] Redfield (Yew): 4 traumas????
[Thu Dec 18 15:55:28 2025 GMT] Redfield (Yew): Holy bungaderoo
[Thu Dec 18 15:55:35 2025 GMT] Kaela Aeona (Sonia): you need 25 points to max all stats and get 23 from the four traumas
[Thu Dec 18 15:55:51 2025 GMT] RJ (Q-Taro): 4 Traumas is the max. I like making Traumas. They make my gameplay so diffrent depending on what they are
[Thu Dec 18 15:56:02 2025 GMT] RJ (Q-Taro): Permenent -1 if someone dies? Alr I'll die then
[Thu Dec 18 15:56:07 2025 GMT] Kaela Aeona (Sonia): become that one teammate who just does everything that nobody else has time to do
[Thu Dec 18 15:56:30 2025 GMT] Kaela Aeona (Sonia): you're mentally fucked up but your stats are stronk
[Thu Dec 18 15:56:36 2025 GMT] RJ (Nao): Spend 1 slow action to pray if Danger? I can't spam Bloody Gamble
[Thu Dec 18 15:57:02 2025 GMT] Redfield (Yew): About that
[Thu Dec 18 15:57:06 2025 GMT] Angela: You would die anyway if you do it too much.
[Thu Dec 18 15:57:10 2025 GMT] Kaela Aeona (Sonia): fall in water? can't do shit, i can't swim
[Thu Dec 18 15:57:15 2025 GMT] Redfield (Yew): Do you get different debuffs if you slash a different limb?
[OOC][Thu Dec 18 15:57:23 2025 GMT] $: [❗] [5] RJ action:
[Divine Devotion for water]
[Thu Dec 18 15:57:23 2025 GMT] RJ (Nao): [Divine Devotion for water]
[Thu Dec 18 15:57:27 2025 GMT] Angela: GM said so.
[OOC][Thu Dec 18 15:57:30 2025 GMT] $: [❗] [5] RJ action:
[If it fails once do it 2 more time]
[Thu Dec 18 15:57:30 2025 GMT] RJ (Nao): [If it fails once do it 2 more time]
[Thu Dec 18 15:57:43 2025 GMT] Redfield (Yew): Hmm,interesting.
[Thu Dec 18 15:57:49 2025 GMT] RJ (Nao): Oh wait it's intervention now Devotion. Anyways yeah prolly
[Thu Dec 18 15:58:08 2025 GMT] Kaela Aeona (Sonia): it's not even a roll kaela straight up can't swim
[Thu Dec 18 15:58:12 2025 GMT] RJ (Nao): I assume hands would be tech, arms or sholder would be form. Legs Endurence and so on
[Thu Dec 18 15:58:24 2025 GMT] RJ (Nao): I will cure your trauma and make you swim
[Thu Dec 18 15:58:48 2025 GMT] Kaela Aeona (Sonia): whole session dedicated to giving ms. asskicker swimming lessons
[OOC][Thu Dec 18 15:58:59 2025 GMT] $: [❗] [4] LobotomyCorporation/Angela action:
[Angela is always with closed eyes, because she can FELL THE DANGER even without them.]
[Thu Dec 18 15:58:59 2025 GMT] Angela: [Angela is always with closed eyes, because she can FELL THE DANGER even without them.]
[Thu Dec 18 15:59:21 2025 GMT] Redfield (Yew): She can feel the storm coming
[Thu Dec 18 15:59:54 2025 GMT] Redfield (Yew): Approaching even
[Thu Dec 18 16:00:12 2025 GMT] Angela: True.
[Thu Dec 18 16:00:15 2025 GMT] Kaela Aeona (Sonia): danger sense is the meta perk
[Thu Dec 18 16:00:19 2025 GMT] Kaela Aeona (Sonia): every team needs one
[OOC][Thu Dec 18 16:00:36 2025 GMT] $: [❗] [5] RJ action:
We should go |1| Sesh without danger sense just to see how it goes
[Thu Dec 18 16:00:36 2025 GMT] RJ (Nao): We should go |1| Sesh without danger sense just to see how it goes
[Thu Dec 18 16:00:49 2025 GMT] Kaela Aeona (Sonia): three sessions in and we already have a meta
[Thu Dec 18 16:01:19 2025 GMT] Redfield (Yew): Sure,Endurance strat to avoid everything
[Thu Dec 18 16:01:27 2025 GMT] Redfield (Yew): Ambush? endurance
[Thu Dec 18 16:01:35 2025 GMT] RJ (Nao): You know, Just realized Tru also Synergizes with Anzu. If they have broken clown, just Diving intervention it away
[Thu Dec 18 16:01:36 2025 GMT] Kaela Aeona (Sonia): one person needs to max form and kick ass, one needs tech for the gun/firework, one needs danger sense
[Thu Dec 18 16:01:45 2025 GMT] RJ (Nao): Divine even
[Thu Dec 18 16:02:10 2025 GMT] Redfield (Yew): That sounds cool
[Thu Dec 18 16:02:19 2025 GMT] RJ (Nao): We also need a scavenging person to get the weapons in the first place
[Thu Dec 18 16:04:03 2025 GMT] Angela: From what I saw I could say 1attribute 5 and 5 fortutude builds should be meta probably if there will be 4 people.
[Thu Dec 18 16:04:20 2025 GMT] RJ (Nao): 5-5-3-1-1 seems to be the meta
[Thu Dec 18 16:04:51 2025 GMT] Angela: And what if they found only guns?
[Thu Dec 18 16:04:55 2025 GMT] Kaela Aeona (Sonia): the meta is spending your trauma on either the most busted perk you can think of or making almost every stat above average
[Thu Dec 18 16:05:01 2025 GMT] RJ (Nao): Guns can be a melee weapon
[Thu Dec 18 16:05:09 2025 GMT] Redfield (Yew): We don't have inifnite time though,so i think scavenge should be a medium stat everytime
[Thu Dec 18 16:05:15 2025 GMT] Angela: Oh, didn't know.
[Thu Dec 18 16:05:48 2025 GMT] Kaela Aeona (Sonia): time to do my job later and record this all
[Thu Dec 18 16:06:05 2025 GMT] Kaela Aeona (Sonia): my youtube channel finally gets public content just so dead panic can be archived
[Thu Dec 18 16:06:18 2025 GMT] RJ (Nao): Peak!
[Thu Dec 18 16:06:21 2025 GMT] Redfield (Yew): Yay,we can see how we slayed in HD
[Thu Dec 18 16:06:26 2025 GMT] Angela: Cool.
[Thu Dec 18 16:06:38 2025 GMT] RJ (Nao): Have the zombies killed anyone? 
[Thu Dec 18 16:06:47 2025 GMT] Kaela Aeona (Sonia): they indirectly killed charlie
[Thu Dec 18 16:06:52 2025 GMT] RJ (Nao): Indirectly
[Thu Dec 18 16:06:54 2025 GMT] Angela: Many people besides us.
[Thu Dec 18 16:07:03 2025 GMT] Kaela Aeona (Sonia): not directly but they did deal the dooming wound
[Thu Dec 18 16:07:12 2025 GMT] Kaela Aeona (Sonia): and made calem have to execute him
[Thu Dec 18 16:07:25 2025 GMT] RJ (Nao): Was the fire at the end of the hospital run charlie?
[Thu Dec 18 16:07:26 2025 GMT] Kaela Aeona (Sonia): because if it was just the burns he could've had a chance
[Thu Dec 18 16:07:41 2025 GMT] Kaela Aeona (Sonia): idek if that run happened in the same country
[Thu Dec 18 16:07:54 2025 GMT] Kaela Aeona (Sonia): i headcanon it was in america and run 1 was in the uk
[Thu Dec 18 16:08:22 2025 GMT] Kaela Aeona (Sonia): this one was probably either hawaii or somewhere in the caribbean
[Thu Dec 18 16:08:53 2025 GMT] Redfield (Yew): Considering it's a touristique island,there's a lot of possibility
[OOC][Thu Dec 18 16:08:59 2025 GMT] $: [❗] [1] Redfield action:
*touristic? idk
[Thu Dec 18 16:08:59 2025 GMT] Redfield (Yew): *touristic? idk
[Thu Dec 18 16:09:30 2025 GMT] Kaela Aeona (Sonia): maybe somewhere in oceania
[Thu Dec 18 16:09:36 2025 GMT] Kaela Aeona (Sonia): we making this game global
[Thu Dec 18 16:09:57 2025 GMT] RJ (Nao): Tru confirmed it was worldwide
[Thu Dec 18 16:10:11 2025 GMT] Redfield (Yew): Zombies worldwide
[Thu Dec 18 16:11:23 2025 GMT] Kaela Aeona (Sonia): they've gotten america, the uk, and a random tourist heavy island so far
[Thu Dec 18 16:11:26 2025 GMT] Kaela Aeona (Sonia): we  cooked
[Thu Dec 18 16:11:35 2025 GMT] Kaela Aeona (Sonia): we're soooooo cooked
[Thu Dec 18 16:12:18 2025 GMT] Angela: Next time will be Russia or China, haha.
[Thu Dec 18 16:12:31 2025 GMT] RJ (Nao): I was thinking Mexico for my run.
[Thu Dec 18 16:12:37 2025 GMT] RJ (Nao): Maybe Canada
[Thu Dec 18 16:12:46 2025 GMT] Redfield (Yew): If it's russia or Canada,we'll freeze instantly
[Thu Dec 18 16:12:53 2025 GMT] RJ (Nao): Good. Stay indoors
[Thu Dec 18 16:13:13 2025 GMT] Kaela Aeona (Sonia): africa run when
[Thu Dec 18 16:13:25 2025 GMT] Redfield (Yew): Good idea.
[Thu Dec 18 16:13:34 2025 GMT] Kaela Aeona (Sonia): nobody ever picks an african country as the setting of an rp
[Thu Dec 18 16:13:49 2025 GMT] RJ (Nao): I dont know Africa. That's CW's problem
[Thu Dec 18 16:13:54 2025 GMT] RJ (Nao): He'll deal with it
[Thu Dec 18 16:14:13 2025 GMT] Kaela Aeona (Sonia): watch as we all play light skinned characters in the africa game
[Thu Dec 18 16:14:29 2025 GMT] Kaela Aeona (Sonia): because there's not a lot of dark skinned chars to work with
[Thu Dec 18 16:15:08 2025 GMT] Redfield (Ken): Yeah,it'd have to be a custom
[Thu Dec 18 16:15:39 2025 GMT] Angela: Everyone writes (dark version) near their names.
[Thu Dec 18 16:15:52 2025 GMT] Redfield (Ken): Or in their sheet.
[Thu Dec 18 16:16:02 2025 GMT] Redfield (Ken): Hopefully people won't miss it
[Thu Dec 18 16:16:13 2025 GMT] Kaela Aeona (Sonia): everyone makes custom color edits of the default content
[Thu Dec 18 16:16:33 2025 GMT] Kaela Aeona (Sonia): maybe i SHOULD try making some customs so i can have a dark skinned custom
[Thu Dec 18 16:16:42 2025 GMT] Kaela Aeona (Sonia): just so lazy...
[Thu Dec 18 16:17:22 2025 GMT] Redfield (Ken): Well then,i had an amazing time
[Thu Dec 18 16:17:24 2025 GMT] Kaela Aeona (Sonia): omw to finally dissolve
[Thu Dec 18 16:17:27 2025 GMT] Redfield (Ken): Redfield out
[Thu Dec 18 16:17:31 2025 GMT] RJ (Nao): Adios
[OOC][Thu Dec 18 16:17:32 2025 GMT] $: [1] Redfield has disconnected.
[Thu Dec 18 16:17:33 2025 GMT] Kaela Aeona (Sonia): evil sprite jumpscare