Joined server Killing Fever Online hosted on address 135.148.43.158:50000 on Wed Dec 17 22:02:32 2025 GMT
[OOC][Wed Dec 17 22:02:37 2025 GMT] $: 📟MOTD📟
📟MOTD📟 👋Welcome to Killing Fever Online, KFO for short. 💪This server responsible for Attorney Online 2.8.X, 2.9.X and 2.10.0 updates! 📀It's also responsible for the KFO-Server codebase, currently used by Vanilla!
🌐Our website: https://crystalwarrior.github.io/KFO-website 🤖Our discord: http://discord.gg/6jk3bWS 🐙Our github: https://github.com/Crystalwarrior/KFO-Server 

[OOC][Wed Dec 17 22:02:37 2025 GMT] $: 🌍HUB [0] Main INFO🌍
Welcome! This hub is suited for Casing and other familiar activities. If you want to enjoy the hub system, please use /hub to see available hubs.

[OOC][Wed Dec 17 22:03:36 2025 GMT] $: Changed to hub [2] Roleplay 2.
[OOC][Wed Dec 17 22:03:36 2025 GMT] $: 🚶Changed to area: [0] Lobby
📃Description: The main dropzone for the RP.
Clients in area:
  ◽ [0] DR/Chihiro Fujisaki
[OOC][Wed Dec 17 22:03:36 2025 GMT] $: [0] DR/Chihiro Fujisaki enters from Hub [0] Main.
[OOC][Wed Dec 17 22:03:51 2025 GMT] $: [2] Furio enters from Hub [0] Main.
[OOC][Wed Dec 17 22:04:03 2025 GMT] $: Position set to wit.
[Wed Dec 17 22:04:03 2025 GMT] Smiles (Chihiro): you in here cw
[Wed Dec 17 22:04:13 2025 GMT] Furio: i'm here to point and laugh as you die horribly
[Wed Dec 17 22:04:16 2025 GMT] tar (Furio): also hi
[Wed Dec 17 22:04:19 2025 GMT] Smiles (Chihiro): join tarh
[Wed Dec 17 22:04:32 2025 GMT] Smiles (Chihiro): join the game :gun:
[OOC][Wed Dec 17 22:05:09 2025 GMT] $: [1] OnePiece/Brook enters from Hub [0] Main.
[Wed Dec 17 22:05:12 2025 GMT] Brook: America's Most Wanted
[Wed Dec 17 22:05:18 2025 GMT] Brook (OnePiece/Brook) has played a song: relaxing and calm/[999] Extreme Extrication.ogg
[Wed Dec 17 22:05:30 2025 GMT] Brook: I wanna make an actual music list
[OOC][Wed Dec 17 22:05:45 2025 GMT] $: [3] YTTD/Anzu Kinashi enters from Hub [0] Main.
[Wed Dec 17 22:05:46 2025 GMT] Smiles (Chihiro): okay time to force winnie on everyone AGAIN
[Wed Dec 17 22:05:50 2025 GMT] Brook: 
[Wed Dec 17 22:05:59 2025 GMT] Furio: the mafia boss appears
[Wed Dec 17 22:06:01 2025 GMT] Anzu Kinashi: whinnie, my horse
[Wed Dec 17 22:06:04 2025 GMT] Smiles (Chihiro): because i want to kill my poor baby heroically or perhaps a little stupidly
[Wed Dec 17 22:06:11 2025 GMT] Brook: coughing zombie baby vs hydrogen bomb
[Wed Dec 17 22:06:39 2025 GMT] Smiles (Chihiro): okay so i assume if i type up winnie's stuff on her doc and copy paste the table it'll keep the formatting right
[Wed Dec 17 22:06:58 2025 GMT] Brook: yey
[Wed Dec 17 22:07:11 2025 GMT] Smiles (Chihiro): gonna go ahead and ask for approval for my perk then
[Wed Dec 17 22:07:47 2025 GMT] Smiles (Chihiro): Behind You! - Once per round, grant a bonus (you pick the number idk lol) to another survivor's roll to evade a grab or attack
[Wed Dec 17 22:08:12 2025 GMT] Smiles (Chihiro): i think that sounds not broken
[Wed Dec 17 22:08:37 2025 GMT] Brook: Depends on the bonus
[Wed Dec 17 22:08:51 2025 GMT] Brook: Also I'll make that cost 2 AP
[Wed Dec 17 22:09:02 2025 GMT] Brook: So it's an active skill
[Wed Dec 17 22:09:33 2025 GMT] Smiles (Chihiro): kid that just hides while yelling "THERE'S A THING!!!"
[Wed Dec 17 22:09:35 2025 GMT] Brook: uhh shit let me find my content again
[Wed Dec 17 22:09:42 2025 GMT] Brook: I forgot I hosted this entirely thru #rp-discussion last time
[Wed Dec 17 22:09:43 2025 GMT] Brook: lmao
[OOC][Wed Dec 17 22:09:43 2025 GMT] CW: ga
[Wed Dec 17 22:10:06 2025 GMT] Anzu Kinashi: I might change my char. Dunno if I want to make people dl stuff
[Wed Dec 17 22:10:15 2025 GMT] Smiles (Chihiro): should the bonus be a 1 or 2
[Wed Dec 17 22:10:24 2025 GMT] Smiles (Chihiro): especially since it costs a whole slow action
[Wed Dec 17 22:10:34 2025 GMT] Brook: I'd say +2 at minimum
[Wed Dec 17 22:10:37 2025 GMT] Brook: to make it useful
[Wed Dec 17 22:10:42 2025 GMT] Brook: so yah +2 bonus
[Wed Dec 17 22:11:03 2025 GMT] Brook: You can actually use your skill to cover characters who have poor form while characters with 5 form already are gonna be mostly fine on their own
[Wed Dec 17 22:11:19 2025 GMT] CW (OnePiece/Brook) has played a song: room escape and gameplay/[DKCR] Automatic Action.ogg
[OOC][Wed Dec 17 22:11:26 2025 GMT] $: [❗] [0] Smiles action:
*probably has shit form on her own*
[Wed Dec 17 22:11:26 2025 GMT] Smiles (Chihiro): *probably has shit form on her own*
[Wed Dec 17 22:11:49 2025 GMT] Smiles (Chihiro): You better make Endurance actually happen this time I want to actually put points into it
[Wed Dec 17 22:11:58 2025 GMT] CW (Brook): Yes
[Wed Dec 17 22:12:02 2025 GMT] CW (Brook): Wait let me tweak combat rules
[Wed Dec 17 22:12:21 2025 GMT] Smiles (Chihiro): Winnie lore has this kid overworking herself on a daily basis
[Wed Dec 17 22:12:22 2025 GMT] CW (Brook): Ok first
[Wed Dec 17 22:12:26 2025 GMT] CW (Brook): You roll Endurance to run from zombies
[Wed Dec 17 22:13:11 2025 GMT] CW (Brook): You also roll Endurance to dodge
[Wed Dec 17 22:13:53 2025 GMT] CW (Brook): So yah. Endurance is now used for dodging Zombie Bites, and also running from zombies during chase.
[Wed Dec 17 22:14:03 2025 GMT] CW (Brook): That makes Endurance the defensive stat while Form is the offensive stat.
[Wed Dec 17 22:14:08 2025 GMT] Smiles (Chihiro): damn maybe charlie would've been fine if this was how it went before
[Wed Dec 17 22:14:14 2025 GMT] CW (Brook): Truuue
[Wed Dec 17 22:14:17 2025 GMT] Smiles (Chihiro): he had a 3 on endurance...
[Wed Dec 17 22:17:28 2025 GMT] Smiles (Chihiro): okay her sheet is done
[Wed Dec 17 22:17:33 2025 GMT] Smiles (Chihiro): time to start pasting
[Wed Dec 17 22:17:36 2025 GMT] CW (Brook): ayy
[Wed Dec 17 22:17:56 2025 GMT] Anzu Kinashi: Whrere do I go chief
[Wed Dec 17 22:18:07 2025 GMT] Smiles (Chihiro): can i take the first table or do i need to make a new one
[OOC][Wed Dec 17 22:18:12 2025 GMT] $: [4] 999/Ace enters from Hub [0] Main.
[OOC][Wed Dec 17 22:18:13 2025 GMT] $: CW changed the doc link to: https://docs.google.com/document/d/153G9oAy5X0BesCAmoySz8kv1wa8c_q0T11q26E_0-E8/edit
[Wed Dec 17 22:18:18 2025 GMT] CW (Brook): what
[Wed Dec 17 22:18:19 2025 GMT] CW (Brook): yes
[Wed Dec 17 22:18:21 2025 GMT] CW (Brook): you can take it
[Wed Dec 17 22:18:24 2025 GMT] Smiles (Chihiro): i'll take the first one
[Wed Dec 17 22:18:30 2025 GMT] Ace: Sup yall
[Wed Dec 17 22:18:41 2025 GMT] RJ (Ace): mmmmm maybe ace?
[Wed Dec 17 22:19:49 2025 GMT] RJ (Q-Taro): This dude
[Wed Dec 17 22:19:56 2025 GMT] CW (Brook): Hell yeah
[Wed Dec 17 22:20:01 2025 GMT] CW (OnePiece/Brook) has played a song: DRAE/[DRAE] It's a Monokuma World.opus
[Wed Dec 17 22:20:06 2025 GMT] Smiles (Chihiro): omg chaz is in my undead panic
[Wed Dec 17 22:20:17 2025 GMT] Smiles (Chihiro): he's going to call me a shitty person again
[Wed Dec 17 22:20:46 2025 GMT] Smiles (Chihiro): okay winnie in the doc now
[Wed Dec 17 22:21:04 2025 GMT] CW (Brook): oh yah add DL link
[Wed Dec 17 22:21:05 2025 GMT] RJ (Q-Taro): God I gotta read alot of rules
[Wed Dec 17 22:21:07 2025 GMT] Smiles (Chihiro): i can probably go send her sprites for the millionth time too
[Wed Dec 17 22:21:14 2025 GMT] CW (Brook): @rj I made up all these rules literal last run
[Wed Dec 17 22:21:15 2025 GMT] CW (Brook): LMAO
[Wed Dec 17 22:21:25 2025 GMT] CW (Brook): This is just me putting down in writing the rulings I made
[Wed Dec 17 22:21:45 2025 GMT] RJ (Q-Taro): is 5-5-2-2-1 good for stat distribution?
[Wed Dec 17 22:21:54 2025 GMT] CW (Brook): Yes
[Wed Dec 17 22:21:57 2025 GMT] CW (Brook): Adds up to 15
[Wed Dec 17 22:22:13 2025 GMT] RJ (Q-Taro): We're gonna be together the entire time right?
[Wed Dec 17 22:22:21 2025 GMT] CW (Brook): Split-ups are possible
[Wed Dec 17 22:22:30 2025 GMT] CW (Brook): So watch out
[Wed Dec 17 22:22:39 2025 GMT] CW (Brook): I'm the kinda GM who can micromanage multiple areas at once
[Wed Dec 17 22:22:43 2025 GMT] RJ (Q-Taro): Ayy. I based my character based off being good in groups and weaker alone.
[Wed Dec 17 22:23:13 2025 GMT] Smiles (Chihiro): we literally could NOT split up last time
[Wed Dec 17 22:23:15 2025 GMT] RJ (Q-Taro): Let me read the rules then ask questions.
[Wed Dec 17 22:23:37 2025 GMT] CW (Brook): Yall could split up
[Wed Dec 17 22:23:39 2025 GMT] Smiles (Chihiro): last time we all glued ourselves to the girl with the danger sense perk
[Wed Dec 17 22:23:42 2025 GMT] CW (Brook): If you wanted to
[Wed Dec 17 22:23:48 2025 GMT] CW (Brook): It'd just be a very bad idea
[Wed Dec 17 22:23:49 2025 GMT] Smiles (Chihiro): too dangerous
[Wed Dec 17 22:23:49 2025 GMT] CW (Brook): LOL
[Wed Dec 17 22:23:57 2025 GMT] CW (Brook): also like last time
[Wed Dec 17 22:24:00 2025 GMT] Smiles (Chihiro): pepper saved all our asses by existing
[Wed Dec 17 22:24:00 2025 GMT] CW (Brook): I have no scenario prepared in advance
[Wed Dec 17 22:24:08 2025 GMT] RJ (Q-Taro): BRB hopefully I'll have my character by the time I'm back
[Wed Dec 17 22:24:09 2025 GMT] CW (Brook): also fuck where is that dl i got last time
[Wed Dec 17 22:24:23 2025 GMT] Smiles (Chihiro): i sent her in rp disc?
[OOC][Wed Dec 17 22:24:25 2025 GMT] $: [4] RJ has disconnected.
[Wed Dec 17 22:24:46 2025 GMT] Smiles (Chihiro): just to be sure i didn't change some random thing
[Wed Dec 17 22:24:51 2025 GMT] CW (Brook): There we go
[Wed Dec 17 22:24:54 2025 GMT] CW (Brook): added Dead Panic Content Download
[OOC][Wed Dec 17 22:25:13 2025 GMT] $: CW changed the background to DeadPanic.
[Wed Dec 17 22:25:21 2025 GMT] CW (Brook): 
[OOC][Wed Dec 17 22:25:23 2025 GMT] $: [1] CW (CW) is GM in this hub now.
[OOC][Wed Dec 17 22:25:24 2025 GMT] $: Locked pos into scifihall.
[Wed Dec 17 22:25:24 2025 GMT] CW (Brook): 
[Wed Dec 17 22:25:26 2025 GMT] CW (Brook): ayyy
[Wed Dec 17 22:25:50 2025 GMT] CW (): amongs
[Wed Dec 17 22:26:05 2025 GMT] CW (): 
[Wed Dec 17 22:26:18 2025 GMT] CW (CM 1) has played a song: Crisis and Action/[P3] Master of Shadow.ogg
[Wed Dec 17 22:26:21 2025 GMT] Smiles (Chihiro): fucking dies of 1 form
[Wed Dec 17 22:26:33 2025 GMT] CW (): Endurance will make you a decent runner at least
[Wed Dec 17 22:26:47 2025 GMT] Smiles (Chihiro): i ain't fighting shit
[Wed Dec 17 22:27:08 2025 GMT] CW (): boutta clementine this shit
[Wed Dec 17 22:27:11 2025 GMT] Smiles (Chihiro): i'm going to cry and tell someone there's something literally RIGHT BEHIND YOU MOVE YO ASS RIGHT NOW
[Wed Dec 17 22:27:40 2025 GMT] CW (): Oh yah damn trauma is not explained
[Wed Dec 17 22:27:55 2025 GMT] Smiles (Chihiro): at least it won't affect this session
[Wed Dec 17 22:28:00 2025 GMT] Smiles (Chihiro): but yeah that gotta be explained
[Wed Dec 17 22:28:07 2025 GMT] CW (): We can make it matter
[Wed Dec 17 22:28:12 2025 GMT] CW (): You can take a trauma during character creation
[Wed Dec 17 22:28:22 2025 GMT] Anzu Kinashi: Should I make my own sheet or
[Wed Dec 17 22:28:26 2025 GMT] Smiles (Chihiro): but winnie is literally JUST a trauma
[Wed Dec 17 22:28:33 2025 GMT] Smiles (Chihiro): a walking trauma bundle
[Wed Dec 17 22:28:36 2025 GMT] CW (): @anzu you can copy-paste it into the Survivors tab
[Wed Dec 17 22:28:44 2025 GMT] CW (): so just copy-paste the char sheet table
[Wed Dec 17 22:28:48 2025 GMT] Anzu Kinashi: Right right
[Wed Dec 17 22:29:30 2025 GMT] Smiles (Chihiro): i love grooving to the song of me getting my ass kicked
[Wed Dec 17 22:30:14 2025 GMT] Smiles (Chihiro): lovers arcana trauma
[Wed Dec 17 22:30:15 2025 GMT] CW (): oh damn it why is google docs tables inconsistent to size
[Wed Dec 17 22:30:54 2025 GMT] Anzu Kinashi: That stat spread good? Just confirming
[Wed Dec 17 22:31:23 2025 GMT] Smiles (Chihiro): why ARE they inconsistent
[Wed Dec 17 22:31:31 2025 GMT] Smiles (Chihiro): it says the columns are the SAME SIZE
[Wed Dec 17 22:31:38 2025 GMT] CW (): google docs moment
[Wed Dec 17 22:31:43 2025 GMT] Anzu Kinashi: Bleh I just direct copied it
[Wed Dec 17 22:31:45 2025 GMT] Anzu Kinashi: No idea.
[Wed Dec 17 22:31:54 2025 GMT] CW (): Fixed it
[Wed Dec 17 22:32:04 2025 GMT] Anzu Kinashi: Anyway stat spread is good yeah? Think I've covered it
[Wed Dec 17 22:32:21 2025 GMT] Smiles (Chihiro): oh no now i have to fix my personal calem sheet to match the new layout
[Wed Dec 17 22:32:31 2025 GMT] CW (): Seems good
[Wed Dec 17 22:36:00 2025 GMT] CW (CM 1) has played a song: ending and credits/[DotR] The End.ogg
[Wed Dec 17 22:36:59 2025 GMT] CW (): btw for next iteration of the char sheet already thinking trauma and inventory should be swapped
[Wed Dec 17 22:37:24 2025 GMT] Smiles (Chihiro): well you have the official version under your ownership
[Wed Dec 17 22:37:30 2025 GMT] Smiles (Chihiro): you can change it right now
[Wed Dec 17 22:39:12 2025 GMT] Smiles (Chihiro): i mainly had it on the bottom since it has three columns instead of two
[Wed Dec 17 22:39:26 2025 GMT] Smiles (Chihiro): so it's harder to fit where inventory fits
[Wed Dec 17 22:40:11 2025 GMT] CW (): There we go
[Wed Dec 17 22:40:20 2025 GMT] CW (CM 1) has played a song: room escape and gameplay/[MBAA] Actor's Anteroom.ogg
[Wed Dec 17 22:40:32 2025 GMT] Smiles (Chihiro): at this rate i might as well recopy calem's sheet
[Wed Dec 17 22:40:37 2025 GMT] Smiles (Chihiro): it's changed a lot
[Wed Dec 17 22:42:17 2025 GMT] Smiles (Chihiro): okay cw how did you fix the weird size thing
[Wed Dec 17 22:42:28 2025 GMT] Smiles (Chihiro): where the table was smaller on paste
[Wed Dec 17 22:42:42 2025 GMT] CW (): I just selected ALL
[Wed Dec 17 22:42:46 2025 GMT] CW (): so Ctrl+A from the char sheet template
[Wed Dec 17 22:42:55 2025 GMT] CW (CM 1) has played a song: room escape and gameplay/[TC2] A Ripple of Omen.ogg
[Wed Dec 17 22:45:19 2025 GMT] CW (): ayy
[Wed Dec 17 22:45:26 2025 GMT] Smiles (Chihiro): also did we use ALL of the rags during the first session or are there still some left
[Wed Dec 17 22:45:32 2025 GMT] CW (): jumpscare
[Wed Dec 17 22:45:38 2025 GMT] Smiles (Chihiro): since we seemed to treat the "single" rag as a lot of rags
[Wed Dec 17 22:45:52 2025 GMT] Smiles (Chihiro): oddities flashbacks
[Wed Dec 17 22:46:12 2025 GMT] CW (): And yah yall used all the rags
[Wed Dec 17 22:46:31 2025 GMT] Smiles (Chihiro): calem ohw to freak out the next time he sees a rag
[Wed Dec 17 22:46:53 2025 GMT] Smiles (Chihiro): has flashbacks from seeing a literal goddamn rag
[Wed Dec 17 22:46:56 2025 GMT] CW (): Btw at this rate yall gonna die
[Wed Dec 17 22:47:06 2025 GMT] CW (): Being 3 survivors is gonna be rough
[Wed Dec 17 22:47:13 2025 GMT] Smiles (Chihiro): YOU'RE the gm
[Wed Dec 17 22:47:16 2025 GMT] CW (): See if you can get a 4th slot to join or we can say fuck it we ball
[Wed Dec 17 22:47:19 2025 GMT] Smiles (Chihiro): make it easier
[Wed Dec 17 22:47:25 2025 GMT] CW (): 😏
[Wed Dec 17 22:48:20 2025 GMT] Anzu Kinashi: Ugggh thinking up perk is hard
[Wed Dec 17 22:49:08 2025 GMT] Smiles (Chihiro): okay calem sheet should be fixed for when he sees use again
[Wed Dec 17 22:49:30 2025 GMT] Smiles (Chihiro): unless you change my beautiful 4am design again
[OOC][Wed Dec 17 22:50:02 2025 GMT] $: YTTD/Anzu Kinashi rolled 1 out of 2.
[Wed Dec 17 22:50:16 2025 GMT] CW (): lmao
[Wed Dec 17 22:50:19 2025 GMT] CW (): also you can ask me for help
[Wed Dec 17 22:50:29 2025 GMT] CW (CM 1) has played a song: room escape and gameplay/[MGS2] VR Mission Snake - Action.ogg
[Wed Dec 17 22:50:34 2025 GMT] CW (): 
[Wed Dec 17 22:50:35 2025 GMT] CW (): 
[Wed Dec 17 22:50:37 2025 GMT] CW (): 
[Wed Dec 17 22:50:38 2025 GMT] CW (): 
[Wed Dec 17 22:50:41 2025 GMT] CW (): 
[Wed Dec 17 22:50:41 2025 GMT] CW (): 
[Wed Dec 17 22:50:42 2025 GMT] CW (): 
[Wed Dec 17 22:50:42 2025 GMT] CW (): 
[Wed Dec 17 22:50:43 2025 GMT] CW (): 
[Wed Dec 17 22:50:43 2025 GMT] CW (): 
[Wed Dec 17 22:50:44 2025 GMT] CW (): 
[Wed Dec 17 22:50:45 2025 GMT] CW (): 
[Wed Dec 17 22:50:45 2025 GMT] CW (): 
[Wed Dec 17 22:50:46 2025 GMT] CW (): 
[Wed Dec 17 22:50:47 2025 GMT] CW (): 
[Wed Dec 17 22:50:49 2025 GMT] CW (): 
[Wed Dec 17 22:50:50 2025 GMT] CW (): 
[Wed Dec 17 22:50:52 2025 GMT] CW (): 
[Wed Dec 17 22:50:52 2025 GMT] CW (): 
[Wed Dec 17 22:50:53 2025 GMT] CW (): 
[Wed Dec 17 22:50:54 2025 GMT] CW (): 
[Wed Dec 17 22:50:54 2025 GMT] CW (): 
[Wed Dec 17 22:50:55 2025 GMT] CW (): 
[Wed Dec 17 22:50:55 2025 GMT] CW (): 
[Wed Dec 17 22:50:56 2025 GMT] CW (): 
[Wed Dec 17 22:50:56 2025 GMT] CW (): 
[Wed Dec 17 22:50:58 2025 GMT] CW (): 
[Wed Dec 17 22:50:59 2025 GMT] CW (): 
[Wed Dec 17 22:51:00 2025 GMT] CW (): 
[Wed Dec 17 22:51:00 2025 GMT] CW (): 
[Wed Dec 17 22:51:01 2025 GMT] CW (): 
[Wed Dec 17 22:51:02 2025 GMT] CW (): 
[Wed Dec 17 22:51:02 2025 GMT] CW (): 
[Wed Dec 17 22:51:03 2025 GMT] CW (): 
[Wed Dec 17 22:51:03 2025 GMT] CW (): 
[Wed Dec 17 22:51:04 2025 GMT] CW (): 
[Wed Dec 17 22:51:05 2025 GMT] CW (): 
[Wed Dec 17 22:51:06 2025 GMT] CW (): 
[Wed Dec 17 22:51:06 2025 GMT] CW (): 
[Wed Dec 17 22:51:07 2025 GMT] CW (): 
[Wed Dec 17 22:51:08 2025 GMT] CW (): 
[Wed Dec 17 22:51:10 2025 GMT] CW (): 
[Wed Dec 17 22:51:11 2025 GMT] CW (): 
[Wed Dec 17 22:51:12 2025 GMT] CW (): 
[Wed Dec 17 22:51:12 2025 GMT] CW (): 
[Wed Dec 17 22:51:13 2025 GMT] CW (): 
[Wed Dec 17 22:51:15 2025 GMT] CW (): 
[Wed Dec 17 22:51:16 2025 GMT] CW (): 
[Wed Dec 17 22:51:16 2025 GMT] CW (): 
[Wed Dec 17 22:51:17 2025 GMT] CW (): 
[Wed Dec 17 22:51:18 2025 GMT] Smiles (Chihiro): tarh
[OOC][Wed Dec 17 22:51:20 2025 GMT] $: Your message is a repeat of the last one, don't spam!
[OOC][Wed Dec 17 22:51:22 2025 GMT] $: Your message is a repeat of the last one, don't spam!
[Wed Dec 17 22:51:24 2025 GMT] Smiles (Chihiro): tarh!!!
[Wed Dec 17 22:51:29 2025 GMT] Furio: vine boom sfx
[Wed Dec 17 22:51:34 2025 GMT] Smiles (Chihiro): TARH JOIN THE GAAAAAAAAAAAAAAAAAAAAAAAAAAAAME
[OOC][Wed Dec 17 22:51:35 2025 GMT] $: [❗] [1] CW action:
*boom*
[Wed Dec 17 22:51:35 2025 GMT] CW (): *boom*
[Wed Dec 17 22:53:01 2025 GMT] Anzu Kinashi: Uhhh how's that look? It's weird I know
[Wed Dec 17 22:53:06 2025 GMT] CW (): LOL
[Wed Dec 17 22:53:07 2025 GMT] Smiles (Chihiro): are there rules for getting extra storage space by like a backpack or something
[OOC][Wed Dec 17 22:53:08 2025 GMT] $: [5] YTTD/Q-taro Burgerberg enters from Hub [0] Main.
[Wed Dec 17 22:53:09 2025 GMT] CW (): That's a funny one
[Wed Dec 17 22:53:12 2025 GMT] Anzu Kinashi: Probably want to add a usage limit/cooldown so I can't just spam it
[Wed Dec 17 22:53:22 2025 GMT] CW (): @smiles not yet but can be part of an item
[Wed Dec 17 22:53:52 2025 GMT] Smiles (Chihiro): give a bonus to endurance rolls to ignore the pain of an injury???
[Wed Dec 17 22:54:10 2025 GMT] CW (): Survivor Health States:\nPerfect – Full combat ability\nWorry – Slightly wounded\nDanger – One more hit could mean death\n
[Wed Dec 17 22:54:15 2025 GMT] Smiles (Chihiro): this team got two supports we cooked
[Wed Dec 17 22:54:59 2025 GMT] CW (): Can attempt to cheer up an injured survivor (except self). Flip a coin. On heads, the survivor’s injury is downgraded in severity from sheer positivity, unless it's a zombie bite.
[Wed Dec 17 22:55:09 2025 GMT] CW (): Can only do this once per session.
[Wed Dec 17 22:55:15 2025 GMT] CW (): Wait
[Wed Dec 17 22:55:19 2025 GMT] CW (): Hold up I may cook
[Wed Dec 17 22:56:00 2025 GMT] Anzu Kinashi: Ha
[Wed Dec 17 22:56:03 2025 GMT] Anzu Kinashi: Very funny
[Wed Dec 17 22:56:05 2025 GMT] Anzu Kinashi: I approve
[Wed Dec 17 22:56:12 2025 GMT] Smiles (Chihiro): can winnie's perk be used on anyone who goes after her if someone somehow does
[Wed Dec 17 22:56:24 2025 GMT] Smiles (Chihiro): since she would be out of action points
[Wed Dec 17 22:56:36 2025 GMT] CW (): Geck help me come up with a trauma you gain if you roll tails
[Wed Dec 17 22:57:07 2025 GMT] Anzu Kinashi: Uhhh gimme a sec, still trying to think of my main one (yes I am adding a trauma)
[Wed Dec 17 22:57:10 2025 GMT] CW (): @smiles seeing as it is an action, it's on next turn
[Wed Dec 17 22:57:33 2025 GMT] Smiles (Chihiro): maybe i SHOULD give winnie a trauma just because that's so canon of her
[Wed Dec 17 22:57:46 2025 GMT] Smiles (Chihiro): and use it to buy the spidey sense pepper had
[Wed Dec 17 22:58:16 2025 GMT] CW (): spidey sense kinda lame
[Wed Dec 17 22:58:19 2025 GMT] CW (): didn't let me ambush you guys
[Wed Dec 17 22:58:21 2025 GMT] CW (): >:(
[Wed Dec 17 22:58:25 2025 GMT] Smiles (Chihiro): what is that spelling of paranoia
[OOC][Wed Dec 17 22:58:32 2025 GMT] $: [4] Butz enters from Hub [0] Main.
[Wed Dec 17 22:58:36 2025 GMT] Smiles (Chihiro): holy shit what IS that spelling
[Wed Dec 17 22:58:39 2025 GMT] CW (): LMAO
[Wed Dec 17 22:58:42 2025 GMT] Max Form (Q-Taro): My spelling
[Wed Dec 17 22:58:48 2025 GMT] Anzu Kinashi: It's called parri cuz you parri the noia
[Wed Dec 17 22:58:51 2025 GMT] CW (): Spelling so incredible even Google didn't consider it an error
[Wed Dec 17 22:58:54 2025 GMT] Smiles (Chihiro): i'm going to fucking puke
[Wed Dec 17 22:59:10 2025 GMT] Smiles (Chihiro): i remember seeing that spelling in ret and going "WHAT THE FUCK"
[Wed Dec 17 22:59:50 2025 GMT] Smiles (Chihiro): pandora died for spelling paranoia wrong
[Wed Dec 17 23:00:14 2025 GMT] Butz has played a song: relaxing and calm/[999] Extreme Extrication.ogg
[Wed Dec 17 23:00:23 2025 GMT] CW (): hi
[OOC][Wed Dec 17 23:00:26 2025 GMT] $: [4] Butz has disconnected.
[Wed Dec 17 23:00:31 2025 GMT] CW (): lol
[Wed Dec 17 23:00:36 2025 GMT] Smiles (Chihiro): scared bro
[Wed Dec 17 23:00:47 2025 GMT] CW (): bro had name "nice Try"
[OOC][Wed Dec 17 23:00:55 2025 GMT] $: [4] Butz enters from Hub [0] Main.
[Wed Dec 17 23:00:59 2025 GMT] CW (): hi
[Wed Dec 17 23:01:15 2025 GMT] CW (CM 1) has played a song: room escape and gameplay/[TC3] Surgery.ogg
[Wed Dec 17 23:02:01 2025 GMT] Anzu Kinashi: Okay there's the main one, now the funny one
[Wed Dec 17 23:03:09 2025 GMT] Smiles (Chihiro): okay what way to traumatize winnie today to buy up spidey sense
[Wed Dec 17 23:03:16 2025 GMT] CW (): Trauma - either a debilitating injury, loss of limb, or an action your character will absolutely refuse to do, or a massive debuff to a stat like -2, or loss of your other perk. It is optional to give you additional perks.
[Wed Dec 17 23:03:17 2025 GMT] Smiles (Chihiro): we will NOT survive an ambush
[Wed Dec 17 23:03:45 2025 GMT] CW (): So @geck for party pooper help me come up with a debuff
[Wed Dec 17 23:03:55 2025 GMT] Anzu Kinashi: Yeah imma thinking
[Wed Dec 17 23:03:56 2025 GMT] Smiles (Chihiro): max and his gang of little girls telling him to FUCKING MOVE and trying to make him feel better
[Wed Dec 17 23:06:32 2025 GMT] CW (CM 1) has played a song: room escape and gameplay/[VLR] Biotope.ogg
[Wed Dec 17 23:06:33 2025 GMT] Max Form (Q-Taro): Do NOT heal my first injury. I need that depenable perk
[Wed Dec 17 23:06:51 2025 GMT] Anzu Kinashi: imma do it
[Wed Dec 17 23:06:55 2025 GMT] Smiles (Chihiro): why is coming up with trauma so hard now i do it all the time
[Wed Dec 17 23:07:08 2025 GMT] CW (): lmfao
[Wed Dec 17 23:07:28 2025 GMT] CW (): I gotta start
[Wed Dec 17 23:07:32 2025 GMT] CW (): or I'll want to kill you all
[Wed Dec 17 23:07:32 2025 GMT] Butz: Your character can just COMPLETELY refuse to kill anything 
[Wed Dec 17 23:07:32 2025 GMT] CW (): >:)
[Wed Dec 17 23:07:44 2025 GMT] Smiles (Chihiro): she legit can't anyway
[Wed Dec 17 23:07:47 2025 GMT] Smiles (Chihiro): she has 1 form
[Wed Dec 17 23:07:49 2025 GMT] CW (): oh yah butz you joining
[Wed Dec 17 23:08:21 2025 GMT] Smiles (Chihiro): freezes up if grabbed maybe?
[Wed Dec 17 23:08:32 2025 GMT] Smiles (Chihiro): can't try to escape for the first turn if a zombie grabs her
[Wed Dec 17 23:08:34 2025 GMT] Anzu Kinashi: K CW, how does that look
[Wed Dec 17 23:08:49 2025 GMT] Smiles (Chihiro): i WILL get us danger sense
[Wed Dec 17 23:08:50 2025 GMT] CW (): holy FUCK that's brutal LMAO
[Wed Dec 17 23:09:05 2025 GMT] Anzu Kinashi: I intially considered it being any action, period
[Wed Dec 17 23:09:16 2025 GMT] Anzu Kinashi: but I decided that was too harsh so I just made it combat
[OOC][Wed Dec 17 23:09:20 2025 GMT] $: [4] Butz has disconnected.
[Wed Dec 17 23:09:24 2025 GMT] CW (): still harsh LMFAO
[Wed Dec 17 23:09:31 2025 GMT] CW (): UH I MEAN
[Wed Dec 17 23:09:32 2025 GMT] CW (): IF YOU BALL
[Wed Dec 17 23:09:33 2025 GMT] CW (): I BALL
[Wed Dec 17 23:09:41 2025 GMT] CW (): YALL GOTTA DEAL WITH ANZU IF SHE FAILS TO HEAL SOMEONE LOL
[Wed Dec 17 23:09:45 2025 GMT] Smiles (Chihiro): okay i am getting a trauma rq
[Wed Dec 17 23:09:52 2025 GMT] Smiles (Chihiro): and buying the spidey sense
[Wed Dec 17 23:09:54 2025 GMT] Anzu Kinashi: Look she failed at the ONE THING she's meant to be good at, cheering people up
[Wed Dec 17 23:09:59 2025 GMT] Smiles (Chihiro): screw your ambushes
[Wed Dec 17 23:10:02 2025 GMT] Anzu Kinashi: You'll have to put up with the consequences
[Wed Dec 17 23:10:06 2025 GMT] CW (): alright Anzu
[Wed Dec 17 23:10:08 2025 GMT] CW (): let's test this out
[Wed Dec 17 23:10:09 2025 GMT] CW (): flip a coin
[OOC][Wed Dec 17 23:10:18 2025 GMT] $: [3] YTTD/Anzu Kinashi flipped a coin and got tails.
[OOC][Wed Dec 17 23:10:24 2025 GMT] $: [3] YTTD/Anzu Kinashi flipped a coin and got heads.
[Wed Dec 17 23:10:26 2025 GMT] CW (): yeah guys you're screwed
[Wed Dec 17 23:10:34 2025 GMT] Anzu Kinashi: heeey but we 50-50!
[Wed Dec 17 23:10:34 2025 GMT] Max Form (Q-Taro): Anzu gotta stay with me. We CANNOT be alone
[Wed Dec 17 23:10:50 2025 GMT] Smiles (Chihiro): i really think it should be less cruel goddamn
[Wed Dec 17 23:11:00 2025 GMT] Smiles (Chihiro): like at least don't destroy your perk
[Wed Dec 17 23:11:25 2025 GMT] CW (): I made it so if you roll Tails twie
[Wed Dec 17 23:11:28 2025 GMT] CW (): twice you get nuked
[Wed Dec 17 23:11:38 2025 GMT] CW (): You get 1 shot at this buddy
[Wed Dec 17 23:12:03 2025 GMT] Anzu Kinashi: Look this is a zombie apocalypse, you gotta treat it accordingly
[Wed Dec 17 23:12:18 2025 GMT] CW (): Btw for Sad Clown what bonus do you want from the perk
[Wed Dec 17 23:12:23 2025 GMT] Anzu Kinashi: (Also I decided not to play the combat char I had intially cuz reasons)
[Wed Dec 17 23:13:12 2025 GMT] Anzu Kinashi: uhhh how bout +1 form?
[Wed Dec 17 23:13:15 2025 GMT] CW (): sure
[Wed Dec 17 23:13:23 2025 GMT] Anzu Kinashi: just so I don't have 2 stats at zero if I end up alone
[Wed Dec 17 23:13:27 2025 GMT] Anzu Kinashi: (please abandon me)
[Wed Dec 17 23:14:14 2025 GMT] CW (): @Anzu you have 2 points to spread so you can either do +2 form or +1 form and +1 something else
[Wed Dec 17 23:14:49 2025 GMT] Anzu Kinashi: Let's do form and awareness
[Wed Dec 17 23:14:56 2025 GMT] Smiles (Chihiro): winnie says screw your ambush i'm knockoff pepper
[Wed Dec 17 23:15:12 2025 GMT] Smiles (Chihiro): now we gotta pray rey joins because we NEED a tech guy
[Wed Dec 17 23:15:21 2025 GMT] CW (): Sick
[Wed Dec 17 23:15:52 2025 GMT] CW (): Yah so the longer we wait the harder this run will be cuz I'll wanna kill you guys
[Wed Dec 17 23:15:52 2025 GMT] CW (): Lmao
[Wed Dec 17 23:16:01 2025 GMT] CW (CM 1) has played a song: room escape and gameplay/[SH3] A Stray Child.ogg
[Wed Dec 17 23:16:30 2025 GMT] Anzu Kinashi: Tbf we could do this tomorrow, we spent a lotta time setting up
[Wed Dec 17 23:16:41 2025 GMT] CW (): I mean
[Wed Dec 17 23:16:46 2025 GMT] CW (): Running this is pretty fun
[Wed Dec 17 23:17:30 2025 GMT] CW (): Anyway fuck it
[Wed Dec 17 23:17:36 2025 GMT] CW (): Starting in 3 minutes
[Wed Dec 17 23:17:47 2025 GMT] Max Form (Q-Taro): DM Rey. he's on his way home. Get him to join
[Wed Dec 17 23:18:02 2025 GMT] Smiles (Chihiro): screw it i'm switching tech and scavenge
[Wed Dec 17 23:18:11 2025 GMT] Smiles (Chihiro): just so we can have ONE person who doesn't suck at tech
[Wed Dec 17 23:18:33 2025 GMT] Smiles (Chihiro): maybe he can late join?
[Wed Dec 17 23:18:35 2025 GMT] CW (): Yea
[Wed Dec 17 23:18:48 2025 GMT] CW (): Until then
[Wed Dec 17 23:18:48 2025 GMT] Smiles (Chihiro): just kinda get picked up by this gang of tech averse idiots
[Wed Dec 17 23:18:50 2025 GMT] CW (): Good luck
[Wed Dec 17 23:18:55 2025 GMT] : 
[Wed Dec 17 23:18:56 2025 GMT] : woooo
[Wed Dec 17 23:19:01 2025 GMT]   (CM 1) has stopped the music: 
[Wed Dec 17 23:19:07 2025 GMT] : Alright, bozos.
[Wed Dec 17 23:19:52 2025 GMT] : 
[Wed Dec 17 23:20:30 2025 GMT] : ...as you awaken from a loud noise, you realize you are laying down in bed, in a strange facility.
[Wed Dec 17 23:20:46 2025 GMT] : You exit your room, and are met with 2 other people...
[OOC][Wed Dec 17 23:20:50 2025 GMT] Smiles: is this fucking portal
[Wed Dec 17 23:21:04 2025 GMT] : And now, you meet each other.
[OOC][Wed Dec 17 23:21:31 2025 GMT] RJ: My dumbass forgot the download
[OOC][Wed Dec 17 23:21:35 2025 GMT] [GM]CW: Lol
[OOC][Wed Dec 17 23:21:47 2025 GMT] Smiles: okay cw remember that we have the danger sense on so pls lemme use it lol
[Wed Dec 17 23:21:49 2025 GMT]   (CM 2) has played a song: suspense/[ZTD] Anxiousness 2nd Mix.ogg
[Wed Dec 17 23:22:12 2025 GMT] Little Babbie,,, (Chihiro): W-Wha- What was that sound???
[OOC][Wed Dec 17 23:22:13 2025 GMT] [GM]CW: *groan*
[OOC][Wed Dec 17 23:22:23 2025 GMT] $: [❗] [3] ??? action:
*This jittery girl in strange garb does several wild takes as she practically screams in the other two's faces:*
[Wed Dec 17 23:22:23 2025 GMT] ??? (Anzu Kinashi): *This jittery girl in strange garb does several wild takes as she practically screams in the other two's faces:*
[OOC][Wed Dec 17 23:22:28 2025 GMT] Smiles: we're already cooked can we not be sauteed too
[OOC][Wed Dec 17 23:22:31 2025 GMT] [GM]CW: @smiles I'll make you roll awareness in eveery area
[Wed Dec 17 23:22:32 2025 GMT] ??? (Anzu Kinashi): W-W-WHO ARE YOU?!?!
[OOC][Wed Dec 17 23:22:33 2025 GMT] [GM]CW: LOL
[Wed Dec 17 23:22:42 2025 GMT] Big Man (Q-Taro): Wow there lady, calm down. I'm just as confused as you are
[OOC][Wed Dec 17 23:22:48 2025 GMT] [GM]CW: Automatically senses danger in every new area, still has to roll awareness to identify the cause.
[OOC][Wed Dec 17 23:22:52 2025 GMT] $: [2] Furio has disconnected.
[Wed Dec 17 23:23:06 2025 GMT] ??? (Anzu Kinashi): Calm down?! When I woke up in a...a...
[Wed Dec 17 23:23:10 2025 GMT] ??? (Anzu Kinashi): ...uh...
[OOC][Wed Dec 17 23:23:16 2025 GMT] $: [❗] [0] Little Babbie,,, action:
*She claps her hands over her ears.* AHH, OWW!!!
[Wed Dec 17 23:23:16 2025 GMT] Little Babbie,,, (Chihiro): *She claps her hands over her ears.* AHH, OWW!!!
[Wed Dec 17 23:23:26 2025 GMT] ??? (Anzu Kinashi): ...y-yeah. Calming down is...actually pretty good advice.
[Wed Dec 17 23:23:33 2025 GMT] ??? (Anzu Kinashi): Thanks, big guy.
[Wed Dec 17 23:23:48 2025 GMT] ??? (Anzu Kinashi): And uh...s-sorry for yelling.
[OOC][Wed Dec 17 23:23:55 2025 GMT] $: [❗] [5] Big Man action:
[Looking around] You don't know where the hell we are?
[Wed Dec 17 23:23:55 2025 GMT] Big Man (Q-Taro): [Looking around] You don't know where the hell we are?
[OOC][Wed Dec 17 23:24:09 2025 GMT] $: [❗] [0] Little Babbie,,, action:
*Sloooooowly removing her hands.* Ehh... I'm amazed I didn't scream too.
[Wed Dec 17 23:24:09 2025 GMT] Little Babbie,,, (Chihiro): *Sloooooowly removing her hands.* Ehh... I'm amazed I didn't scream too.
[OOC][Wed Dec 17 23:24:15 2025 GMT] $: [❗] [3] ??? action:
|*Shrug.*| Beats me!
[Wed Dec 17 23:24:15 2025 GMT] ??? (Anzu Kinashi): |*Shrug.*| Beats me!
[Wed Dec 17 23:24:24 2025 GMT] ??? (Anzu Kinashi): This doesn't look like my house. In fact...
[Wed Dec 17 23:24:24 2025 GMT] Little Babbie,,, (Chihiro): Especially because I have NO idea either.
[Wed Dec 17 23:24:32 2025 GMT] : It's a long hallway with doors to each room. There's a door at the end.
[Wed Dec 17 23:24:38 2025 GMT] ??? (Anzu Kinashi): Darn, I don't even remember the last thing I was doing. Uh...
[Wed Dec 17 23:24:47 2025 GMT] ??? (Anzu Kinashi): ...walking...somewhere? Maybe home?
[Wed Dec 17 23:24:53 2025 GMT] ??? (Anzu Kinashi): Yeah, that's all I got.
[Wed Dec 17 23:25:22 2025 GMT]   (CM 2) has stopped the music: 
[Wed Dec 17 23:25:22 2025 GMT] : 
[Wed Dec 17 23:25:25 2025 GMT] Little Babbie,,, (Chihiro): ...My memory of all of yesterday is fuzzy. It feels like I was just born yesterday.
[Wed Dec 17 23:25:31 2025 GMT] : 
[Wed Dec 17 23:25:35 2025 GMT] : 
[Wed Dec 17 23:25:36 2025 GMT] Big Man (Q-Taro): Huh?
[Wed Dec 17 23:25:36 2025 GMT] ??? (Anzu Kinashi): U-Uh...what was that?!
[Wed Dec 17 23:25:38 2025 GMT] Little Babbie,,, (Chihiro): ...Uhh???
[Wed Dec 17 23:25:50 2025 GMT] : 
[OOC][Wed Dec 17 23:25:59 2025 GMT] $: [❗] [1]   action:
[From one of the chambers, HE emerges...]
[Wed Dec 17 23:25:59 2025 GMT] : [From one of the chambers, HE emerges...]
[Wed Dec 17 23:26:05 2025 GMT]   (CM 2) has played a song: tension/[999] Chill and Rigor.ogg
[OOC][Wed Dec 17 23:26:07 2025 GMT] $: [❗] [5] Big Man action:
\s\s[Standing in front of the Duo] Who in the hell are you?!
[Wed Dec 17 23:26:07 2025 GMT] Big Man (Q-Taro): \s\s[Standing in front of the Duo] Who in the hell are you?!
[Wed Dec 17 23:26:10 2025 GMT] Little Babbie,,, (Chihiro): AHHHHHHHH WHAT THE CRAP-?!
[OOC][Wed Dec 17 23:26:17 2025 GMT] $: [❗] [3] ??? action:
*Scream as soon as she catches sight of it.*
[Wed Dec 17 23:26:17 2025 GMT] ??? (Anzu Kinashi): *Scream as soon as she catches sight of it.*
[OOC][Wed Dec 17 23:26:24 2025 GMT] $: [❗] [1]   action:
[He shambles towards Big Man, and raises its arm.]
[Wed Dec 17 23:26:24 2025 GMT] : [He shambles towards Big Man, and raises its arm.]
[Wed Dec 17 23:26:30 2025 GMT] : 
[Wed Dec 17 23:26:31 2025 GMT] ??? (Anzu Kinashi): A-AAAH!! IS THAT A, A, A-
[Wed Dec 17 23:26:41 2025 GMT] Little Babbie,,, (Chihiro): MAYBE WE SHOULD MOVE?!?!?!?!?!?!
[OOC][Wed Dec 17 23:26:48 2025 GMT] $: [❗] [1]   action:
[Another zombie groans and breaks open another door...]
[Wed Dec 17 23:26:48 2025 GMT] : [Another zombie groans and breaks open another door...]
[Wed Dec 17 23:26:50 2025 GMT] Big Man (Q-Taro): S-step back everyone... Back away slowly
[OOC][Wed Dec 17 23:26:54 2025 GMT] $: [❗] [3] ??? action:
*She cowers back slightly. The big guy's got this, surely-*
[Wed Dec 17 23:26:54 2025 GMT] ??? (Anzu Kinashi): *She cowers back slightly. The big guy's got this, surely-*
[Wed Dec 17 23:26:58 2025 GMT] Big Man (Q-Taro): Oh god there's more!
[OOC][Wed Dec 17 23:27:00 2025 GMT] $: [❗] [3] ??? action:
*Oh crap there's more of them.*
[Wed Dec 17 23:27:00 2025 GMT] ??? (Anzu Kinashi): *Oh crap there's more of them.*
[OOC][Wed Dec 17 23:27:00 2025 GMT] $: [❗] [1]   action:
[Horde level increased to 1 due to noise.]
[Wed Dec 17 23:27:00 2025 GMT] : [Horde level increased to 1 due to noise.]
[Wed Dec 17 23:27:05 2025 GMT] Little Babbie,,, (Chihiro): THEY CAN'T BE THAT FAST! JUST RUN!
[Wed Dec 17 23:27:14 2025 GMT] Big Man (Q-Taro): ALRIGHT! WE RUN!
[Wed Dec 17 23:27:20 2025 GMT]   (CM 2) has played a song: crisis and action/[SH2] Ashes and Ghost.ogg
[Wed Dec 17 23:27:21 2025 GMT] ??? (Anzu Kinashi): Where do we run to exactly?!
[OOC][Wed Dec 17 23:27:33 2025 GMT] $: [❗] [5] Big Man action:
[Looking around the room for a stairway or window]
[Wed Dec 17 23:27:33 2025 GMT] Big Man (Q-Taro): [Looking around the room for a stairway or window]
[OOC][Wed Dec 17 23:27:36 2025 GMT] $: [❗] [1]   action:
[The 2 zombies are in Medium Range.]
[Wed Dec 17 23:27:36 2025 GMT] : [The 2 zombies are in Medium Range.]
[Wed Dec 17 23:27:38 2025 GMT] Little Babbie,,, (Chihiro): The other end of the hallway???
[OOC][Wed Dec 17 23:27:48 2025 GMT] $: [❗] [1]   action:
[Horde level: 1. 4 HP. 2 actions.]
[Wed Dec 17 23:27:48 2025 GMT] : [Horde level: 1. 4 HP. 2 actions.]
[OOC][Wed Dec 17 23:27:50 2025 GMT] $: [❗] [3] ??? action:
*...she says that, but her eyes are already darting around the space.*
[Wed Dec 17 23:27:50 2025 GMT] ??? (Anzu Kinashi): *...she says that, but her eyes are already darting around the space.*
[OOC][Wed Dec 17 23:27:58 2025 GMT] $: [❗] [3] ??? action:
*Surely there's a way they're not blocking?*
[Wed Dec 17 23:27:58 2025 GMT] ??? (Anzu Kinashi): *Surely there's a way they're not blocking?*
[OOC][Wed Dec 17 23:28:09 2025 GMT] $: [❗] [1]   action:
[It is the survivor's turn. Turn order: Max, Anzu, Winnie]
[Wed Dec 17 23:28:09 2025 GMT] : [It is the survivor's turn. Turn order: Max, Anzu, Winnie]
[Wed Dec 17 23:28:35 2025 GMT] Big Man (Q-Taro): ... Any of you two see a way out of this?
[OOC][Wed Dec 17 23:28:37 2025 GMT] $: [❗] [1]   action:
[You are at Long distance from the door. The zombies are at Medium distance from the survivors.]
[Wed Dec 17 23:28:37 2025 GMT] : [You are at Long distance from the door. The zombies are at Medium distance from the survivors.]
[OOC][Wed Dec 17 23:28:53 2025 GMT] RJ: Opposite dirrection or same?
[OOC][Wed Dec 17 23:28:58 2025 GMT] $: 📃  changed the area description to: [Horde level: 1. 4 HP. 2 actions.] [You are at Long distance from the door. The zombies are at Medium distance from the survivor... Use /desc to read the rest..
[OOC][Wed Dec 17 23:29:12 2025 GMT] $: [❗] [3] ??? action:
[...c'mon, Anzu....looklooklook, these people are counting on-]
[Wed Dec 17 23:29:12 2025 GMT] ??? (Anzu Kinashi): [...c'mon, Anzu....looklooklook, these people are counting on-]
[OOC][Wed Dec 17 23:29:19 2025 GMT] Smiles: so they're not blocking the door?
[Wed Dec 17 23:29:21 2025 GMT] ??? (Anzu Kinashi): Uhhhhh, the door might be our only way out....!
[OOC][Wed Dec 17 23:29:22 2025 GMT] Smiles: or are they
[OOC][Wed Dec 17 23:29:27 2025 GMT] [GM]CW: no they're coming from behind oyu
[Wed Dec 17 23:29:34 2025 GMT] : The Zombies are coming from behind you.
[OOC][Wed Dec 17 23:29:47 2025 GMT] Smiles: is the door in front of or behind us i may be stupid
[OOC][Wed Dec 17 23:29:59 2025 GMT] [GM]CW: In front of you
[OOC][Wed Dec 17 23:30:03 2025 GMT] [GM]CW: I didn't clarify so good catch
[Wed Dec 17 23:30:08 2025 GMT] Little Babbie,,, (Chihiro): Just run to the door!
[OOC][Wed Dec 17 23:30:28 2025 GMT] $: [❗] [5] Big Man action:
Alright! [IDK how action system works, using actions to pick up the duo and run]
[Wed Dec 17 23:30:28 2025 GMT] Big Man (Q-Taro): Alright! [IDK how action system works, using actions to pick up the duo and run]
[OOC][Wed Dec 17 23:30:38 2025 GMT] Smiles: i'm pretty sure if we each use every action on running we reach the door?
[OOC][Wed Dec 17 23:31:09 2025 GMT] $: [❗] [1]   action:
[Each movement bracket uses a Fast action (1 AP cost). You have 3 AP to use total. Since you are at Long  distance, it will take 3 fast actions to approach it.
[Wed Dec 17 23:31:09 2025 GMT] : [Each movement bracket uses a Fast action (1 AP cost). You have 3 AP to use total. Since you are at Long  distance, it will take 3 fast actions to approach it.
[Wed Dec 17 23:31:18 2025 GMT] : Picking up other people is a Slow action per person.
[OOC][Wed Dec 17 23:31:36 2025 GMT] $: [❗] [0] Little Babbie,,, action:
*She flinches from him.* I can run on my own, please-!
[Wed Dec 17 23:31:36 2025 GMT] Little Babbie,,, (Chihiro): *She flinches from him.* I can run on my own, please-!
[Wed Dec 17 23:31:46 2025 GMT] ??? (Anzu Kinashi): I d-don't mean to brag but I'm a pretty fast runner...and that was what I was gonna do anyway!
[Wed Dec 17 23:31:50 2025 GMT] : Big Man, it is now your turn to decide.
[OOC][Wed Dec 17 23:31:52 2025 GMT] $: [❗] [5] Big Man action:
[puts them down then] ... If you're sure. Alright then
[Wed Dec 17 23:31:52 2025 GMT] Big Man (Q-Taro): [puts them down then] ... If you're sure. Alright then
[OOC][Wed Dec 17 23:31:55 2025 GMT] Smiles: just use all three actions on running lol
[OOC][Wed Dec 17 23:32:04 2025 GMT] $: [❗] [5] Big Man action:
Lets bolt it! [3 actions to run]
[Wed Dec 17 23:32:04 2025 GMT] Big Man (Q-Taro): Lets bolt it! [3 actions to run]
[Wed Dec 17 23:32:11 2025 GMT] : 
[Wed Dec 17 23:32:18 2025 GMT] : Big Man is in front of the door.
[Wed Dec 17 23:32:20 2025 GMT] : Anzu Turn
[OOC][Wed Dec 17 23:32:22 2025 GMT] $: [❗] [3] ??? action:
*She uses 3 Fast Actions to run for the door.*
[Wed Dec 17 23:32:22 2025 GMT] ??? (Anzu Kinashi): *She uses 3 Fast Actions to run for the door.*
[Wed Dec 17 23:32:25 2025 GMT] : 
[Wed Dec 17 23:32:28 2025 GMT] : Winnie's Turn
[OOC][Wed Dec 17 23:32:32 2025 GMT] $: [❗] [0] Little Babbie,,, action:
*All those actions to run run RUN*
[Wed Dec 17 23:32:32 2025 GMT] Little Babbie,,, (Chihiro): *All those actions to run run RUN*
[Wed Dec 17 23:32:34 2025 GMT] : 
[Wed Dec 17 23:32:42 2025 GMT] : It is now the Zombies' Turn.
[Wed Dec 17 23:32:44 2025 GMT]   (CM 2) has played a song: crisis and action/[SH] Aint Gonna Rain.ogg
[OOC][Wed Dec 17 23:32:57 2025 GMT] $: [❗] [1]   action:
[They have 2 actions. You made 2 range brackets, so they use 2 actions to approach you.
[Wed Dec 17 23:32:57 2025 GMT] : [They have 2 actions. You made 2 range brackets, so they use 2 actions to approach you.
[Wed Dec 17 23:33:08 2025 GMT] : They are at medium range again. You are at "Engaged" range with the door.
[Wed Dec 17 23:33:11 2025 GMT] : Your turn.
[OOC][Wed Dec 17 23:33:19 2025 GMT] $: [2] Furio enters from Hub [0] Main.
[Wed Dec 17 23:33:25 2025 GMT]   (CM 2) has played a song: crisis and action/[SH2] Ashes and Ghost.ogg
[OOC][Wed Dec 17 23:33:31 2025 GMT] $: [❗] [5] Big Man action:
[Opens the door and ready to go] Everyone here?
[Wed Dec 17 23:33:31 2025 GMT] Big Man (Q-Taro): [Opens the door and ready to go] Everyone here?
[Wed Dec 17 23:33:32 2025 GMT] ??? (Anzu Kinashi): S-Somehow I don't think they're eager to let us leave!
[Wed Dec 17 23:33:41 2025 GMT] ??? (Anzu Kinashi): We really shouldn't stick around here...!
[Wed Dec 17 23:33:44 2025 GMT] : ~The door is locked.
[OOC][Wed Dec 17 23:33:53 2025 GMT] $: [❗] [0] Little Babbie,,, action:
*Pant pant.* I- ...oh crap.
[Wed Dec 17 23:33:53 2025 GMT] Little Babbie,,, (Chihiro): *Pant pant.* I- ...oh crap.
[OOC][Wed Dec 17 23:33:56 2025 GMT] $: [❗] [5] Big Man action:
\s[BREAK THE DOOR THEN!]
[Wed Dec 17 23:33:56 2025 GMT] Big Man (Q-Taro): \s[BREAK THE DOOR THEN!]
[Wed Dec 17 23:34:02 2025 GMT] : Roll form. Beat DC 6.
[OOC][Wed Dec 17 23:34:09 2025 GMT] $: Big Man rolled 5:5+5=10 out of 6.
[OOC][Wed Dec 17 23:34:11 2025 GMT] Smiles: auto pass?
[OOC][Wed Dec 17 23:34:15 2025 GMT] RJ: Like that right?
[Wed Dec 17 23:34:18 2025 GMT] : It was effortless. Automatic success.
[Wed Dec 17 23:34:23 2025 GMT] : 1 AP remains.
[OOC][Wed Dec 17 23:34:26 2025 GMT] [GM]CW: Yep
[Wed Dec 17 23:34:26 2025 GMT] ??? (Anzu Kinashi): WHO TRAPS THREE PEOPLE IN A BUILDING THEN LOCKS THE DOOR?!?!
[OOC][Wed Dec 17 23:34:32 2025 GMT] $: [❗] [5] Big Man action:
[Forced the door open and exits] LETS GO!
[Wed Dec 17 23:34:32 2025 GMT] Big Man (Q-Taro): [Forced the door open and exits] LETS GO!
[OOC][Wed Dec 17 23:34:33 2025 GMT] Smiles: yes i'm pretty sure
[Wed Dec 17 23:34:42 2025 GMT] : 
[Wed Dec 17 23:34:47 2025 GMT] : Anzu action
[OOC][Wed Dec 17 23:34:51 2025 GMT] $: [❗] [3] ??? action:
*No argument there, she's running after the big guy.*
[Wed Dec 17 23:34:51 2025 GMT] ??? (Anzu Kinashi): *No argument there, she's running after the big guy.*
[Wed Dec 17 23:34:53 2025 GMT] : Winnie action
[OOC][Wed Dec 17 23:34:58 2025 GMT] $: [❗] [0] Little Babbie,,, action:
*Yep we going after him*
[Wed Dec 17 23:34:58 2025 GMT] Little Babbie,,, (Chihiro): *Yep we going after him*
[Wed Dec 17 23:35:08 2025 GMT] : 
[OOC][Wed Dec 17 23:35:11 2025 GMT] $: Locked pos into recroom.
[Wed Dec 17 23:35:15 2025 GMT] : 
[Wed Dec 17 23:35:15 2025 GMT] : 
[OOC][Wed Dec 17 23:35:22 2025 GMT] $: [❗] [1]   action:
[The 3 of you emerge in the rec room.
[Wed Dec 17 23:35:22 2025 GMT] : [The 3 of you emerge in the rec room.
[OOC][Wed Dec 17 23:35:30 2025 GMT] $: [❗] [5] Big Man action:
[Closes the door behind them] SOmeone get stuff to block the door!
[Wed Dec 17 23:35:30 2025 GMT] Big Man (Q-Taro): [Closes the door behind them] SOmeone get stuff to block the door!
[Wed Dec 17 23:35:39 2025 GMT] : The door is broken.
[Wed Dec 17 23:35:47 2025 GMT] ??? (Anzu Kinashi): W-Why did I think this room would be more open...?
[Wed Dec 17 23:35:52 2025 GMT] Little Babbie,,, (Chihiro): Are you strong enough to push that pool table in the way???
[Wed Dec 17 23:36:02 2025 GMT] Little Babbie,,, (Chihiro): Or the vending machine...
[OOC][Wed Dec 17 23:36:04 2025 GMT] $: [❗] [5] Big Man action:
[Pushing the pool table to the door]
[Wed Dec 17 23:36:04 2025 GMT] Big Man (Q-Taro): [Pushing the pool table to the door]
[OOC][Wed Dec 17 23:36:17 2025 GMT] $: [❗] [3] ??? action:
*She'll try and help him move the table.*
[Wed Dec 17 23:36:17 2025 GMT] ??? (Anzu Kinashi): *She'll try and help him move the table.*
[OOC][Wed Dec 17 23:36:21 2025 GMT] $: [❗] [3] ??? action:
*Might as well*
[Wed Dec 17 23:36:21 2025 GMT] ??? (Anzu Kinashi): *Might as well*
[OOC][Wed Dec 17 23:36:31 2025 GMT] $: [❗] [0] Little Babbie,,, action:
*Team effort!!!*
[Wed Dec 17 23:36:31 2025 GMT] Little Babbie,,, (Chihiro): *Team effort!!!*
[Wed Dec 17 23:36:31 2025 GMT] : Roll form, 8 to pass. No failure, rolling under DC will increase hord level
[OOC][Wed Dec 17 23:36:42 2025 GMT] $: Big Man rolled 3:3+5=8 out of 6.
[Wed Dec 17 23:36:46 2025 GMT] : Max succeeds.
[OOC][Wed Dec 17 23:36:55 2025 GMT] Smiles: good job max form!!!
[Wed Dec 17 23:36:59 2025 GMT] : You all push the pool table in front of the door...
[Wed Dec 17 23:37:01 2025 GMT]   (CM 2) has stopped the music: 
[Wed Dec 17 23:37:19 2025 GMT] : This will win all of you at least 10 minutes against the level 1 horde.
[Wed Dec 17 23:37:25 2025 GMT] ??? (Anzu Kinashi): T-They'll get over that, but...it should delay them at least.
[Wed Dec 17 23:37:28 2025 GMT]   (CM 2) has played a song: room escape and gameplay/[RE4] Save Theme.ogg
[Wed Dec 17 23:37:56 2025 GMT] ??? (Anzu Kinashi): U-Um...I was going to say back there, one thing I haven't forgotten is who I am.
[OOC][Wed Dec 17 23:37:57 2025 GMT] $: [❗] [5] Big Man action:
[Looking at the items around the room] Does anyone see anything?!
[Wed Dec 17 23:37:57 2025 GMT] Big Man (Q-Taro): [Looking at the items around the room] Does anyone see anything?!
[OOC][Wed Dec 17 23:38:00 2025 GMT] $: [❗] [0] Little Babbie,,, action:
*Pant... Pant...*
[Wed Dec 17 23:38:00 2025 GMT] Little Babbie,,, (Chihiro): *Pant... Pant...*
[Wed Dec 17 23:38:12 2025 GMT] Big Man (Q-Taro): Introductions later! We're still in danger
[OOC][Wed Dec 17 23:38:18 2025 GMT] $: [❗] [1]   action:
[There  is a vending machine, 2 cardboard boxes, some piece of tech and 2 caps. There's also a painting.
[Wed Dec 17 23:38:18 2025 GMT] : [There  is a vending machine, 2 cardboard boxes, some piece of tech and 2 caps. There's also a painting.
[OOC][Wed Dec 17 23:38:24 2025 GMT] $: [❗] [0] Little Babbie,,, action:
*Searching those boxes in the background.*
[Wed Dec 17 23:38:24 2025 GMT] Little Babbie,,, (Chihiro): *Searching those boxes in the background.*
[Wed Dec 17 23:38:29 2025 GMT] : You see a widescreen TV, and a ventillation system, as well as another door.]
[Wed Dec 17 23:38:39 2025 GMT] : For the boxes, roll Scavenge, beat a 6.
[OOC][Wed Dec 17 23:38:48 2025 GMT] $: Little Babbie,,, rolled 4:4+2=6 out of 6.
[Wed Dec 17 23:38:51 2025 GMT] : Neat.
[Wed Dec 17 23:39:16 2025 GMT] : You discover a ~surgical circular saw~ in here.
[OOC][Wed Dec 17 23:39:22 2025 GMT] $: [❗] [3] ??? action:
O-Okay...later, then. |*She seems a little down, but starts looking around as if trying to work out where they are.*|
[Wed Dec 17 23:39:22 2025 GMT] ??? (Anzu Kinashi): O-Okay...later, then. |*She seems a little down, but starts looking around as if trying to work out where they are.*|
[OOC][Wed Dec 17 23:39:38 2025 GMT] Smiles: the hell is that
[OOC][Wed Dec 17 23:39:38 2025 GMT] $: [❗] [5] Big Man action:
[Turns on the TV]
[Wed Dec 17 23:39:38 2025 GMT] Big Man (Q-Taro): [Turns on the TV]
[OOC][Wed Dec 17 23:39:54 2025 GMT] $: [❗] [1]   action:
[You turn it on, but all you get is static...]
[Wed Dec 17 23:39:54 2025 GMT] : [You turn it on, but all you get is static...]
[OOC][Wed Dec 17 23:40:00 2025 GMT] Smiles: never heard of one of those
[Wed Dec 17 23:40:13 2025 GMT] ??? (Anzu Kinashi): Going from where we woke up, I'm thinking...some kinda hospital? The corridor looked clean.
[Wed Dec 17 23:40:18 2025 GMT] Little Babbie,,, (Chihiro): ...What even is this? Some kind of saw...?
[Wed Dec 17 23:40:21 2025 GMT] ??? (Anzu Kinashi): Apart from, y'know. The zombies.
[Wed Dec 17 23:40:26 2025 GMT] ??? (Anzu Kinashi): And yes I'm calling them that.
[Wed Dec 17 23:40:32 2025 GMT] ??? (Anzu Kinashi): It's what they looked like!
[Wed Dec 17 23:40:44 2025 GMT] Little Babbie,,, (Chihiro): What else are you going to call them? Zombreros?
[Wed Dec 17 23:40:57 2025 GMT] ??? (Anzu Kinashi): Zombrer-
[Wed Dec 17 23:41:05 2025 GMT] ??? (Anzu Kinashi): Hah...ahahaha!
[Wed Dec 17 23:41:12 2025 GMT] ??? (Anzu Kinashi): H-Hey, that was a pretty good joke.
[Wed Dec 17 23:41:26 2025 GMT] ??? (Anzu Kinashi): Maybe you could be a clown too.
[OOC][Wed Dec 17 23:41:28 2025 GMT] $: [❗] [0] Little Babbie,,, action:
*Also checking the vending machine just to see if there's anything weird in here.*
[Wed Dec 17 23:41:28 2025 GMT] Little Babbie,,, (Chihiro): *Also checking the vending machine just to see if there's anything weird in here.*
[OOC][Wed Dec 17 23:41:40 2025 GMT] $: [❗] [1]   action:
[Added details for the saw]
[Wed Dec 17 23:41:40 2025 GMT] : [Added details for the saw]
[OOC][Wed Dec 17 23:41:59 2025 GMT] Smiles: i love weapons when i have no attacking stat
[Wed Dec 17 23:42:00 2025 GMT] : Vending Machine - Tech to operate. Form to break open.
[OOC][Wed Dec 17 23:42:07 2025 GMT] $: [❗] [5] Big Man action:
[Break open]
[Wed Dec 17 23:42:07 2025 GMT] Big Man (Q-Taro): [Break open]
[OOC][Wed Dec 17 23:42:10 2025 GMT] $: [❗] [3] ??? action:
*...she keeps looking. Where can they go from here?*
[Wed Dec 17 23:42:10 2025 GMT] ??? (Anzu Kinashi): *...she keeps looking. Where can they go from here?*
[OOC][Wed Dec 17 23:42:20 2025 GMT] $: [❗] [0] Little Babbie,,, action:
*Tech to- oh damn okay*
[Wed Dec 17 23:42:20 2025 GMT] Little Babbie,,, (Chihiro): *Tech to- oh damn okay*
[OOC][Wed Dec 17 23:42:44 2025 GMT] RJ: dc?
[Wed Dec 17 23:42:53 2025 GMT] : Vent or Door are your options. Or, you can clear out the horde behind you and explore back where you came from.
[OOC][Wed Dec 17 23:43:05 2025 GMT] Smiles: you seem to be here
[OOC][Wed Dec 17 23:43:14 2025 GMT] RJ: Ok good
[OOC][Wed Dec 17 23:43:28 2025 GMT] $: [❗] [0] Little Babbie,,, action:
*Let's see if we can't get the grate off the vent and at least look inside it.*
[Wed Dec 17 23:43:28 2025 GMT] Little Babbie,,, (Chihiro): *Let's see if we can't get the grate off the vent and at least look inside it.*
[Wed Dec 17 23:43:37 2025 GMT] ??? (Anzu Kinashi): W-Well, we could go through the door...though I might be able to squeeze into that vent...
[OOC][Wed Dec 17 23:43:40 2025 GMT] $: [❗] [5] Big Man action:
[looking back at the door] Any of you girls got a weapon? Might just break the vending mashine and use it's glass.
[Wed Dec 17 23:43:40 2025 GMT] Big Man (Q-Taro): [looking back at the door] Any of you girls got a weapon? Might just break the vending mashine and use it's glass.
[Wed Dec 17 23:43:46 2025 GMT] Little Babbie,,, (Chihiro): I don't think I'm much of a jokester...
[Wed Dec 17 23:43:47 2025 GMT] Big Man (Q-Taro): I ain't fitting in no damn vent!
[Wed Dec 17 23:43:54 2025 GMT] : Form or Tech to take off the grate. You can use the saw to increase your chances.
[Wed Dec 17 23:43:59 2025 GMT] ??? (Anzu Kinashi): She was talking about some saw earlier?
[OOC][Wed Dec 17 23:44:06 2025 GMT] Smiles: does using the saw damage it
[OOC][Wed Dec 17 23:44:09 2025 GMT] [GM]CW: Yes
[OOC][Wed Dec 17 23:44:22 2025 GMT] [GM]CW: Form is brute force, Tech is sugrical appraoch
[Wed Dec 17 23:44:29 2025 GMT] Little Babbie,,, (Chihiro): Surely you're strong enough to break the machine without damaging this poor saw.
[OOC][Wed Dec 17 23:44:51 2025 GMT] $: [❗] [5] Big Man action:
Oh right. I forgot I was doing that [Breaking the vending mashine]
[Wed Dec 17 23:44:51 2025 GMT] Big Man (Q-Taro): Oh right. I forgot I was doing that [Breaking the vending mashine]
[OOC][Wed Dec 17 23:44:58 2025 GMT] $: Big Man rolled 4:4+5=9 out of 6.
[OOC][Wed Dec 17 23:45:01 2025 GMT] Smiles: is the vent failable or consequence
[OOC][Wed Dec 17 23:45:09 2025 GMT] [GM]CW: Consequence
[Wed Dec 17 23:45:16 2025 GMT] : The vending machine breaks open, spilling over all its food.
[Wed Dec 17 23:45:24 2025 GMT] : Noise agitates the zombies... -3 minutes.
[Wed Dec 17 23:45:30 2025 GMT] ??? (Anzu Kinashi): Well that's one way to get supplies...
[OOC][Wed Dec 17 23:45:40 2025 GMT] [GM]CW: If you failed the vending machine breaking you'd get injured from the glass
[OOC][Wed Dec 17 23:45:53 2025 GMT] $: [❗] [0] Little Babbie,,, action:
*What's going to be the DC for the vent by tech?*
[Wed Dec 17 23:45:53 2025 GMT] Little Babbie,,, (Chihiro): *What's going to be the DC for the vent by tech?*
[OOC][Wed Dec 17 23:45:59 2025 GMT] $: [❗] [5] Big Man action:
[Picking up glass shards that are big enough to use as weapons]
[Wed Dec 17 23:45:59 2025 GMT] Big Man (Q-Taro): [Picking up glass shards that are big enough to use as weapons]
[OOC][Wed Dec 17 23:46:01 2025 GMT] $: [❗] [1]   action:
[6 tech]
[Wed Dec 17 23:46:01 2025 GMT] : [6 tech]
[OOC][Wed Dec 17 23:46:22 2025 GMT] $: [❗] [0] Little Babbie,,, action:
*And the bonus for using the saw?*
[Wed Dec 17 23:46:22 2025 GMT] Little Babbie,,, (Chihiro): *And the bonus for using the saw?*
[Wed Dec 17 23:46:30 2025 GMT] : +1 bonus
[Wed Dec 17 23:46:44 2025 GMT] ??? (Anzu Kinashi): I think it's b-better if we all move together for now. There could be anything through the vent.
[Wed Dec 17 23:46:54 2025 GMT] : @big man using cloth would turn it into a Shank, otherwise you'd cut yourself using this
[OOC][Wed Dec 17 23:47:04 2025 GMT] $: [❗] [0] Little Babbie,,, action:
*She decides to not bother with the vent for now.*
[Wed Dec 17 23:47:04 2025 GMT] Little Babbie,,, (Chihiro): *She decides to not bother with the vent for now.*
[OOC][Wed Dec 17 23:47:13 2025 GMT] $: [❗] [3] ??? action:
*She looks at the wreckage of the machine for any food.*
[Wed Dec 17 23:47:13 2025 GMT] ??? (Anzu Kinashi): *She looks at the wreckage of the machine for any food.*
[Wed Dec 17 23:47:19 2025 GMT] Big Man (Q-Taro): Oh uh- right. Thanks. 
[OOC][Wed Dec 17 23:47:28 2025 GMT] $: [❗] [1]   action:
[Plenty of snacks like chips, granola bars, popcorn, chocolate..]
[Wed Dec 17 23:47:28 2025 GMT] : [Plenty of snacks like chips, granola bars, popcorn, chocolate..]
[Wed Dec 17 23:47:33 2025 GMT] Big Man (Q-Taro): Any of yous got Cloth?
[Wed Dec 17 23:47:36 2025 GMT] Little Babbie,,, (Chihiro): We should probably just leave before the, erm, ZOMBREROS get in here and see us leaving.
[OOC][Wed Dec 17 23:47:52 2025 GMT] $: [❗] [1]   action:
[!] Zombreros didn't like that.
[Wed Dec 17 23:47:52 2025 GMT] : [!] Zombreros didn't like that.
[Wed Dec 17 23:48:10 2025 GMT] Little Babbie,,, (Chihiro): How much cloth? You could use my bow if it'll unfold enough-
[OOC][Wed Dec 17 23:48:11 2025 GMT] $: [❗] [3] ??? action:
*She'll take a snack. Dunno if in this situation she'll find another good food supply.*
[Wed Dec 17 23:48:11 2025 GMT] ??? (Anzu Kinashi): *She'll take a snack. Dunno if in this situation she'll find another good food supply.*
[OOC][Wed Dec 17 23:48:16 2025 GMT] $: [❗] [3] ??? action:
*She won't eat it yet*
[Wed Dec 17 23:48:16 2025 GMT] ??? (Anzu Kinashi): *She won't eat it yet*
[Wed Dec 17 23:48:27 2025 GMT] : Snacks stack up to 3 per usable item slot.
[Wed Dec 17 23:48:34 2025 GMT] : There are 8 snacks in here total
[Wed Dec 17 23:48:38 2025 GMT] Big Man (Q-Taro): Enough to hold the glass like a Weapon
[Wed Dec 17 23:48:40 2025 GMT] : The rest have rotted away.
[OOC][Wed Dec 17 23:48:54 2025 GMT] Smiles: is winnie's bow enough cloth for this
[Wed Dec 17 23:48:54 2025 GMT] ??? (Anzu Kinashi): Uhhh...by my count, we could take 2 each.
[OOC][Wed Dec 17 23:49:10 2025 GMT] $: [❗] [3] ??? action:
*She would take two as she says that*
[Wed Dec 17 23:49:10 2025 GMT] ??? (Anzu Kinashi): *She would take two as she says that*
[OOC][Wed Dec 17 23:49:12 2025 GMT] [GM]CW: Anyone's clothes would do
[OOC][Wed Dec 17 23:49:16 2025 GMT] Smiles: idk how far out the cloth will stretch
[OOC][Wed Dec 17 23:49:31 2025 GMT] $: [❗] [5] Big Man action:
[Grabs two]
[Wed Dec 17 23:49:31 2025 GMT] Big Man (Q-Taro): [Grabs two]
[Wed Dec 17 23:49:47 2025 GMT] : 4 snacks left on the ground.
[Wed Dec 17 23:49:49 2025 GMT] Little Babbie,,, (Chihiro): I don't have enough layers to give any of my other clothes...
[Wed Dec 17 23:50:04 2025 GMT] ??? (Anzu Kinashi): Also uh, I guess you could use part of my outfit. Like a sleeve...uh, need something to cut it though.
[OOC][Wed Dec 17 23:50:10 2025 GMT] $: [❗] [0] Little Babbie,,, action:
*Taking two snamc.*
[Wed Dec 17 23:50:10 2025 GMT] Little Babbie,,, (Chihiro): *Taking two snamc.*
[Wed Dec 17 23:50:20 2025 GMT] : 2 snacks left.
[Wed Dec 17 23:50:35 2025 GMT]   (CM 2) has stopped the music: 
[Wed Dec 17 23:50:40 2025 GMT] : 
[OOC][Wed Dec 17 23:50:42 2025 GMT] $: [❗] [5] Big Man action:
[using his cap] Screw it. [Glass shard with cap]
[Wed Dec 17 23:50:42 2025 GMT] Big Man (Q-Taro): [using his cap] Screw it. [Glass shard with cap]
[Wed Dec 17 23:50:48 2025 GMT] : 
[Wed Dec 17 23:50:51 2025 GMT] Little Babbie,,, (Chihiro): Okay, we've probably got two minutes-ish- YEP WE NEED TO GO
[Wed Dec 17 23:51:01 2025 GMT] ??? (Anzu Kinashi): W-We're running out of time!
[OOC][Wed Dec 17 23:51:02 2025 GMT] $: [❗] [1]   action:
[You cut open the cap, and use the leather strap as a handle.
[Wed Dec 17 23:51:02 2025 GMT] : [You cut open the cap, and use the leather strap as a handle.
[OOC][Wed Dec 17 23:51:14 2025 GMT] $: [❗] [3] ??? action:
*She WOULD run out of the room through the door...but not alone.*
[Wed Dec 17 23:51:14 2025 GMT] ??? (Anzu Kinashi): *She WOULD run out of the room through the door...but not alone.*
[OOC][Wed Dec 17 23:51:16 2025 GMT] $: [❗] [1]   action:
[Glass Shard created. 1 DMG. Durability: 2.
[Wed Dec 17 23:51:16 2025 GMT] : [Glass Shard created. 1 DMG. Durability: 2.
[OOC][Wed Dec 17 23:51:24 2025 GMT] $: [❗] [3] ??? action:
*She HATES the idea of being alone.*
[Wed Dec 17 23:51:24 2025 GMT] ??? (Anzu Kinashi): *She HATES the idea of being alone.*
[OOC][Wed Dec 17 23:51:34 2025 GMT] $: [❗] [0] Little Babbie,,, action:
*Let's all just leave together RIGHT NOW.*
[Wed Dec 17 23:51:34 2025 GMT] Little Babbie,,, (Chihiro): *Let's all just leave together RIGHT NOW.*
[OOC][Wed Dec 17 23:51:43 2025 GMT] $: [❗] [3] ??? action:
*Time to leave*
[Wed Dec 17 23:51:43 2025 GMT] ??? (Anzu Kinashi): *Time to leave*
[Wed Dec 17 23:51:46 2025 GMT] Big Man (Q-Taro): Through the vent? I dont know if I even fit-
[Wed Dec 17 23:51:52 2025 GMT] Little Babbie,,, (Chihiro): The door!
[Wed Dec 17 23:51:55 2025 GMT] ??? (Anzu Kinashi): The door!
[OOC][Wed Dec 17 23:51:58 2025 GMT] $: [❗] [5] Big Man action:
Oh! [Exit]
[Wed Dec 17 23:51:58 2025 GMT] Big Man (Q-Taro): Oh! [Exit]
[Wed Dec 17 23:52:01 2025 GMT] : 
[Wed Dec 17 23:52:07 2025 GMT] : 
[Wed Dec 17 23:52:14 2025 GMT] : ......
[OOC][Wed Dec 17 23:52:16 2025 GMT] $: Locked pos into kitchen.
[Wed Dec 17 23:52:17 2025 GMT] : 
[Wed Dec 17 23:52:25 2025 GMT] : You are in the kitchen, the level 1 horde following you.
[Wed Dec 17 23:52:33 2025 GMT] : There is another vent here, and whatever you see in the background.
[OOC][Wed Dec 17 23:52:33 2025 GMT] $: [❗] [0] Little Babbie,,, action:
*Close that door as we leave-*
[Wed Dec 17 23:52:33 2025 GMT] Little Babbie,,, (Chihiro): *Close that door as we leave-*
[Wed Dec 17 23:52:48 2025 GMT] : 
[Wed Dec 17 23:52:48 2025 GMT] ??? (Anzu Kinashi): H-Hate to be a downer, but I don't think they're stopping anytime soon...
[Wed Dec 17 23:52:55 2025 GMT] : They continue going after you.
[Wed Dec 17 23:52:59 2025 GMT]   (CM 2) has played a song: suspense/[999] Eternitybox.ogg
[OOC][Wed Dec 17 23:53:00 2025 GMT] $: [❗] [3] ??? action:
*Look for another blockade. ANYTHING*
[Wed Dec 17 23:53:00 2025 GMT] ??? (Anzu Kinashi): *Look for another blockade. ANYTHING*
[OOC][Wed Dec 17 23:53:02 2025 GMT] Smiles: still haven't given our names lol
[OOC][Wed Dec 17 23:53:05 2025 GMT] [GM]CW: Lmao
[Wed Dec 17 23:53:08 2025 GMT] Little Babbie,,, (Chihiro): Try the stove!
[OOC][Wed Dec 17 23:53:10 2025 GMT] $: [❗] [5] Big Man action:
[Holding the door back to block] Alright we need to deal with these Zombos before we hit a dead end!
[Wed Dec 17 23:53:10 2025 GMT] Big Man (Q-Taro): [Holding the door back to block] Alright we need to deal with these Zombos before we hit a dead end!
[OOC][Wed Dec 17 23:53:16 2025 GMT] Geck: Anzu was going to and you told her not now lo
[Wed Dec 17 23:53:21 2025 GMT] Big Man (Q-Taro): Stove?
[OOC][Wed Dec 17 23:53:24 2025 GMT] Smiles: did i?
[OOC][Wed Dec 17 23:53:34 2025 GMT] Smiles: i don't remember saying not to introduce-
[OOC][Wed Dec 17 23:53:34 2025 GMT] $: [❗] [5] Big Man action:
[Attempts to drag the stove over to the door]
[Wed Dec 17 23:53:34 2025 GMT] Big Man (Q-Taro): [Attempts to drag the stove over to the door]
[OOC][Wed Dec 17 23:53:38 2025 GMT] Geck: Max did
[Wed Dec 17 23:53:51 2025 GMT] : Roll form, 8 to succeed.
[OOC][Wed Dec 17 23:53:56 2025 GMT] $: Big Man rolled 5:5+5=10 out of 6.
[OOC][Wed Dec 17 23:53:57 2025 GMT] $: [❗] [3] ??? action:
*She'll help him, natch.*
[Wed Dec 17 23:53:57 2025 GMT] ??? (Anzu Kinashi): *She'll help him, natch.*
[OOC][Wed Dec 17 23:54:03 2025 GMT] $: [❗] [1]   action:
[The stove is dragged in front of the door.
[Wed Dec 17 23:54:03 2025 GMT] : [The stove is dragged in front of the door.
[Wed Dec 17 23:54:05 2025 GMT] Winnie (Chihiro): Oh yeah, uhh... Maybe we should at least give names. I'm Winnie.
[Wed Dec 17 23:54:10 2025 GMT] : Winning you 5 minutes.
[Wed Dec 17 23:54:19 2025 GMT] Big Man (Q-Taro): Okay. We need a plan to stop them. Anyone got a lighter?
[OOC][Wed Dec 17 23:54:28 2025 GMT] $: [❗] [0] Winnie action:
*Opening said stove afterwards to look inside.*
[Wed Dec 17 23:54:28 2025 GMT] Winnie (Chihiro): *Opening said stove afterwards to look inside.*
[Wed Dec 17 23:54:45 2025 GMT] ??? (Anzu Kinashi): It's...nice of you to assume we woke up with anything other than what we're wearing.
[Wed Dec 17 23:54:47 2025 GMT] : There's a frying pan inside. Durability 4. Dmg 1. Big.
[Wed Dec 17 23:54:50 2025 GMT] ??? (Anzu Kinashi): In my case, no.
[OOC][Wed Dec 17 23:55:09 2025 GMT] $: [❗] [5] Big Man action:
[Looking for another path]
[Wed Dec 17 23:55:09 2025 GMT] Big Man (Q-Taro): [Looking for another path]
[Wed Dec 17 23:55:17 2025 GMT] ??? (Anzu Kinashi): Though...this IS a kitchen. Surely there's a fire source here...
[OOC][Wed Dec 17 23:55:19 2025 GMT] $: [❗] [0] Winnie action:
This is not how a kitchen is supposed to work. *Bringing it out for someone else to take.*
[Wed Dec 17 23:55:19 2025 GMT] Winnie (Chihiro): This is not how a kitchen is supposed to work. *Bringing it out for someone else to take.*
[Wed Dec 17 23:55:27 2025 GMT] : ~You detect danger in this room.~
[OOC][Wed Dec 17 23:55:29 2025 GMT] $: [❗] [3] ??? action:
*She'll focus on looking for something like that.*
[Wed Dec 17 23:55:29 2025 GMT] ??? (Anzu Kinashi): *She'll focus on looking for something like that.*
[Wed Dec 17 23:55:34 2025 GMT] Winnie (Chihiro): ...Wait.
[Wed Dec 17 23:55:38 2025 GMT] Big Man (Q-Taro): One of you girls grab that pan. You might need to fight out way out
[OOC][Wed Dec 17 23:55:41 2025 GMT] [GM]CW: was supposed tobe a whisper
[OOC][Wed Dec 17 23:55:42 2025 GMT] [GM]CW: oop
[OOC][Wed Dec 17 23:55:51 2025 GMT] Geck: global danger sense
[OOC][Wed Dec 17 23:55:53 2025 GMT] RJ: Pretend not to notice
[Wed Dec 17 23:55:54 2025 GMT] Winnie (Chihiro): Guys, something's wrong.
[OOC][Wed Dec 17 23:55:58 2025 GMT] $: [❗] [1]   action:
[Besides the vent and the door you came from, there's nothing else.]
[Wed Dec 17 23:55:58 2025 GMT] : [Besides the vent and the door you came from, there's nothing else.]
[OOC][Wed Dec 17 23:56:02 2025 GMT] $: Winnie rolled 5:5+5=10 out of 6.
[Wed Dec 17 23:56:03 2025 GMT] Big Man (Q-Taro): What?!
[OOC][Wed Dec 17 23:56:10 2025 GMT] $: [❗] [3] ??? action:
U-Uh..what? |*Still looking.*|
[Wed Dec 17 23:56:10 2025 GMT] ??? (Anzu Kinashi): U-Uh..what? |*Still looking.*|
[Wed Dec 17 23:56:12 2025 GMT] : }}}[W0] {{{The fridge is shaking.
[OOC][Wed Dec 17 23:56:13 2025 GMT] Smiles: okay my good sir where's the problem
[OOC][Wed Dec 17 23:56:16 2025 GMT] $: [❗] [3] ??? action:
*Heat source*
[Wed Dec 17 23:56:16 2025 GMT] ??? (Anzu Kinashi): *Heat source*
[Wed Dec 17 23:56:25 2025 GMT] : }}}[W0] {{{Something is banging against it from the inside.
[Wed Dec 17 23:56:27 2025 GMT] Winnie (Chihiro): ...Something's in the fridge. Something that SHOULD NOT be there.
[Wed Dec 17 23:56:41 2025 GMT]   (CM 2) has played a song: suspense/[CP] Strange Passage.ogg
[Wed Dec 17 23:56:54 2025 GMT] ??? (Anzu Kinashi): W-Well, it's not like we were gonna find something hot in the fridge anyway...
[OOC][Wed Dec 17 23:57:04 2025 GMT] $: [❗] [0] Winnie action:
*Is the fridge one or two doors?*
[Wed Dec 17 23:57:04 2025 GMT] Winnie (Chihiro): *Is the fridge one or two doors?*
[Wed Dec 17 23:57:04 2025 GMT] ??? (Anzu Kinashi): Now I can stay away from it! Aha...hah...ha.
[OOC][Wed Dec 17 23:57:12 2025 GMT] $: [❗] [1]   action:
[Double-door fridge. Like in the background. ->]
[Wed Dec 17 23:57:12 2025 GMT] : [Double-door fridge. Like in the background. ->]
[OOC][Wed Dec 17 23:57:31 2025 GMT] $: [❗] [0] Winnie action:
*She grabs the frying pan and jams it between the handles to block it.*
[Wed Dec 17 23:57:31 2025 GMT] Winnie (Chihiro): *She grabs the frying pan and jams it between the handles to block it.*
[OOC][Wed Dec 17 23:57:40 2025 GMT] $: [❗] [3] ??? action:
*While she laughs off this possible threat on her life she's still looking for a fire source in this room.*
[Wed Dec 17 23:57:40 2025 GMT] ??? (Anzu Kinashi): *While she laughs off this possible threat on her life she's still looking for a fire source in this room.*
[OOC][Wed Dec 17 23:57:51 2025 GMT] $: [❗] [1]   action:
[Frying Pan is now stuck in the doors. Ambush prevented.
[Wed Dec 17 23:57:51 2025 GMT] : [Frying Pan is now stuck in the doors. Ambush prevented.
[Wed Dec 17 23:58:06 2025 GMT] Winnie (Chihiro): Maybe the microwave can start a fire?
[OOC][Wed Dec 17 23:58:09 2025 GMT] $: [❗] [1]   action:
[Stove is a good fire source. Electricty is still good, so is gas.]
[Wed Dec 17 23:58:09 2025 GMT] : [Stove is a good fire source. Electricty is still good, so is gas.]
[OOC][Wed Dec 17 23:58:10 2025 GMT] $: [2] JJK/TodoAoi_JJK enters from Hub [0] Main.
[Wed Dec 17 23:58:15 2025 GMT] Big Man (Q-Taro): ... Alright. This vent seems to be bigger. 
[OOC][Wed Dec 17 23:58:17 2025 GMT] [GM]CW: Hi
[OOC][Wed Dec 17 23:58:19 2025 GMT] RJ: Sup
[OOC][Wed Dec 17 23:58:21 2025 GMT] [GM]CW: I'll give you a cue when to show up
[OOC][Wed Dec 17 23:58:28 2025 GMT] Smiles: okay i pray he is our tech guy
[Wed Dec 17 23:58:32 2025 GMT] Big Man (Q-Taro): You girls think we can force it open?
[Wed Dec 17 23:58:37 2025 GMT] ??? (Anzu Kinashi): Doesn't look like there's anything small...if we want a fire we'll have to start something up-
[OOC][Wed Dec 17 23:58:40 2025 GMT] RJ: PLEASE
[OOC][Wed Dec 17 23:58:45 2025 GMT] [GM]CW: @rey as you wait
[OOC][Wed Dec 17 23:58:48 2025 GMT] [GM]CW: plz fill out your char sheet
[Wed Dec 17 23:58:50 2025 GMT] ??? (Anzu Kinashi): The vent? Hey, if you can get through this one then sure!
[OOC][Wed Dec 17 23:58:51 2025 GMT] [GM]CW: https://docs.google.com/document/d/153G9oAy5X0BesCAmoySz8kv1wa8c_q0T11q26E_0-E8/edit?tab=t.t26a1owcszzf
[OOC][Wed Dec 17 23:58:54 2025 GMT] [GM]CW: bare minimum I need is your attributes
[OOC][Wed Dec 17 23:58:58 2025 GMT] Smiles: plz plz PLZ take five on tech
[OOC][Wed Dec 17 23:58:59 2025 GMT] [GM]CW: you have 15, min 1, max 5 per attribute
[OOC][Wed Dec 17 23:59:12 2025 GMT] $: [❗] [5] Big Man action:
[Attempting to force the vent open]
[Wed Dec 17 23:59:12 2025 GMT] Big Man (Q-Taro): [Attempting to force the vent open]
[OOC][Wed Dec 17 23:59:18 2025 GMT] $: [❗] [3] ??? action:
*She'll abandon her search and head over to the vent. Let's see if we can get it open*
[Wed Dec 17 23:59:18 2025 GMT] ??? (Anzu Kinashi): *She'll abandon her search and head over to the vent. Let's see if we can get it open*
[OOC][Wed Dec 17 23:59:25 2025 GMT] $: [❗] [1]   action:
[Form, 7]
[Wed Dec 17 23:59:25 2025 GMT] : [Form, 7]
[OOC][Wed Dec 17 23:59:27 2025 GMT] $: Big Man rolled 1:1+5=6 out of 6.
[OOC][Wed Dec 17 23:59:36 2025 GMT] Smiles: bro really said no
[OOC][Wed Dec 17 23:59:36 2025 GMT] RJ: It was bound to happen eventually
[OOC][Wed Dec 17 23:59:38 2025 GMT] $: [❗] [1]   action:
[You force open the vent, creating more noise in the process.]
[Wed Dec 17 23:59:38 2025 GMT] : [You force open the vent, creating more noise in the process.]
[OOC][Wed Dec 17 23:59:47 2025 GMT] $: [❗] [1]   action:
[They're closer..]
[Wed Dec 17 23:59:47 2025 GMT] : [They're closer..]
[OOC][Wed Dec 17 23:59:53 2025 GMT] $: [❗] [1]   action:
[More agitated.]
[Wed Dec 17 23:59:53 2025 GMT] : [More agitated.]
[OOC][Wed Dec 17 23:59:55 2025 GMT] $: ??? rolled 5:5+3=8 out of 6.
[Wed Dec 17 23:59:57 2025 GMT] Big Man (Q-Taro): Holy hell this vent was difficult to open. Alright girls you first!
[Thu Dec 18 00:00:01 2025 GMT] Winnie (Chihiro): Ahhhhhhh crap.
[Thu Dec 18 00:00:06 2025 GMT]   (CM 2) has stopped the music: 
[OOC][Thu Dec 18 00:00:11 2025 GMT] Geck: took me a while to work out the command
[Thu Dec 18 00:00:14 2025 GMT]   (CM 2) has played a song: tension/[CP] Infirmary.ogg
[OOC][Thu Dec 18 00:00:16 2025 GMT] Geck: uhhh did that help?
[OOC][Thu Dec 18 00:00:21 2025 GMT] $: [❗] [0] Winnie action:
*Let's get in that vent!!!*
[Thu Dec 18 00:00:21 2025 GMT] Winnie (Chihiro): *Let's get in that vent!!!*
[OOC][Thu Dec 18 00:00:24 2025 GMT] [GM]CW: Nope big man was doing it
[Thu Dec 18 00:00:38 2025 GMT] Big Man (Q-Taro): Alright! Red head you go!
[OOC][Thu Dec 18 00:00:40 2025 GMT] $: [❗] [3] ??? action:
*In the vent she goes!*
[Thu Dec 18 00:00:40 2025 GMT] ??? (Anzu Kinashi): *In the vent she goes!*
[OOC][Thu Dec 18 00:00:40 2025 GMT] $: [❗] [1]   action:
[The vent door is destroyed so it can't be used to cover up your way.]
[Thu Dec 18 00:00:40 2025 GMT] : [The vent door is destroyed so it can't be used to cover up your way.]
[OOC][Thu Dec 18 00:00:48 2025 GMT] $: [❗] [5] Big Man action:
[In the vent]
[Thu Dec 18 00:00:48 2025 GMT] Big Man (Q-Taro): [In the vent]
[OOC][Thu Dec 18 00:00:50 2025 GMT] $: Position set to kitchen.
[OOC][Thu Dec 18 00:00:50 2025 GMT] $:   changed the background to fxdarkness.
[OOC][Thu Dec 18 00:00:53 2025 GMT] $: [❗] [1]   action:
[You are in the vent...]
[Thu Dec 18 00:00:53 2025 GMT] : [You are in the vent...]
[Thu Dec 18 00:00:56 2025 GMT] Big Man (Q-Taro): GO GO GO!
[OOC][Thu Dec 18 00:00:57 2025 GMT] $: [❗] [0] Winnie action:
*Can it at least be partially stuck in?*
[Thu Dec 18 00:00:57 2025 GMT] Winnie (Chihiro): *Can it at least be partially stuck in?*
[Thu Dec 18 00:01:10 2025 GMT] Big Man (Q-Taro): No time to hesitate just go!
[OOC][Thu Dec 18 00:01:18 2025 GMT] $: [❗] [0] Winnie action:
*Crawl crawl crawl!*
[Thu Dec 18 00:01:18 2025 GMT] Winnie (Chihiro): *Crawl crawl crawl!*
[Thu Dec 18 00:01:20 2025 GMT] : You can move left in this vent.
[OOC][Thu Dec 18 00:01:26 2025 GMT] $: [❗] [0] Winnie action:
*Yeah that!!!*
[Thu Dec 18 00:01:26 2025 GMT] Winnie (Chihiro): *Yeah that!!!*
[OOC][Thu Dec 18 00:01:28 2025 GMT] $: [❗] [3] ??? action:
*While moving she sticks her hands out to the sides to feel the walls.*
[Thu Dec 18 00:01:28 2025 GMT] ??? (Anzu Kinashi): *While moving she sticks her hands out to the sides to feel the walls.*
[Thu Dec 18 00:01:31 2025 GMT] : There's light coming from your left, or you can continue crawling forward.
[OOC][Thu Dec 18 00:01:35 2025 GMT] $: [❗] [5] Big Man action:
[THAT!]
[Thu Dec 18 00:01:35 2025 GMT] Big Man (Q-Taro): [THAT!]
[Thu Dec 18 00:01:42 2025 GMT] Big Man (Q-Taro): Head to the light!
[OOC][Thu Dec 18 00:01:43 2025 GMT] $: Timer 1 has expired.
[Thu Dec 18 00:01:45 2025 GMT] : 
[OOC][Thu Dec 18 00:01:48 2025 GMT] $: [❗] [0] Winnie action:
*To the light!*
[Thu Dec 18 00:01:48 2025 GMT] Winnie (Chihiro): *To the light!*
[OOC][Thu Dec 18 00:01:51 2025 GMT] $: [❗] [1]   action:
[The door is busted open behind you.]
[Thu Dec 18 00:01:51 2025 GMT] : [The door is busted open behind you.]
[OOC][Thu Dec 18 00:01:55 2025 GMT] $: Locked pos into recroom.
[OOC][Thu Dec 18 00:01:56 2025 GMT] $: [❗] [5] Big Man action:
[TO THE LIGHT]
[Thu Dec 18 00:01:56 2025 GMT] Big Man (Q-Taro): [TO THE LIGHT]
[OOC][Thu Dec 18 00:02:02 2025 GMT] $: Position set to recroom.
[OOC][Thu Dec 18 00:02:02 2025 GMT] $:   changed the background to Zombies.
[OOC][Thu Dec 18 00:02:07 2025 GMT] $:   changed the background to DeadPanic.
[Thu Dec 18 00:02:07 2025 GMT] : 
[OOC][Thu Dec 18 00:02:14 2025 GMT] $: [❗] [1]   action:
[You see the recroom from here...]
[Thu Dec 18 00:02:14 2025 GMT] : [You see the recroom from here...]
[Thu Dec 18 00:02:18 2025 GMT]   (CM 2) has stopped the music: 
[Thu Dec 18 00:02:18 2025 GMT]   (CM 2) has played a song: suspense/[999] Eternitybox.ogg
[Thu Dec 18 00:02:19 2025 GMT] Winnie (Chihiro): Oh. This again...
[OOC][Thu Dec 18 00:02:20 2025 GMT] $: [❗] [3] ??? action:
[Old trick I learned from the circus...k-keep your other senses sharp...]
[Thu Dec 18 00:02:20 2025 GMT] ??? (Anzu Kinashi): [Old trick I learned from the circus...k-keep your other senses sharp...]
[OOC][Thu Dec 18 00:02:26 2025 GMT] $: [❗] [5] Big Man action:
[Vending mashine on the kitchen door]
[Thu Dec 18 00:02:26 2025 GMT] Big Man (Q-Taro): [Vending mashine on the kitchen door]
[OOC][Thu Dec 18 00:02:32 2025 GMT] $: [❗] [1]   action:
[hol up]
[Thu Dec 18 00:02:32 2025 GMT] : [hol up]
[OOC][Thu Dec 18 00:02:41 2025 GMT] $: [❗] [1]   action:
[The zombies are still here. But they're crawling over the stove.]]
[Thu Dec 18 00:02:41 2025 GMT] : [The zombies are still here. But they're crawling over the stove.]]
[OOC][Thu Dec 18 00:02:42 2025 GMT] RJ: Oh
[OOC][Thu Dec 18 00:02:45 2025 GMT] $: [❗] [1]   action:
[They are not aware of your presence]
[Thu Dec 18 00:02:45 2025 GMT] : [They are not aware of your presence]
[OOC][Thu Dec 18 00:02:45 2025 GMT] Geck: I assume we're like
[OOC][Thu Dec 18 00:02:45 2025 GMT] RJ: I misunderstood
[OOC][Thu Dec 18 00:02:47 2025 GMT] Geck: above the room?
[OOC][Thu Dec 18 00:02:50 2025 GMT] Geck: not in it
[OOC][Thu Dec 18 00:02:53 2025 GMT] RJ: MB
[OOC][Thu Dec 18 00:02:56 2025 GMT] $: [❗] [1]   action:
[The vent is also still on, you'd have to get it open from inside the vent.]
[Thu Dec 18 00:02:56 2025 GMT] : [The vent is also still on, you'd have to get it open from inside the vent.]
[OOC][Thu Dec 18 00:03:01 2025 GMT] RJ: I assumed the same.
[OOC][Thu Dec 18 00:03:01 2025 GMT] $: [❗] [1]   action:
[The vent is in the background right above the TV.]
[Thu Dec 18 00:03:01 2025 GMT] : [The vent is in the background right above the TV.]
[OOC][Thu Dec 18 00:03:06 2025 GMT] $: [❗] [1]   action:
[Below*
[Thu Dec 18 00:03:06 2025 GMT] : [Below*
[OOC][Thu Dec 18 00:03:18 2025 GMT] Geck: so we ARE in the room then
[OOC][Thu Dec 18 00:03:20 2025 GMT] $: [❗] [1]   action:
[The zombies groan and moan as they're seeking their next meal.]
[Thu Dec 18 00:03:20 2025 GMT] : [The zombies groan and moan as they're seeking their next meal.]
[OOC][Thu Dec 18 00:03:24 2025 GMT] $: [❗] [0] Winnie action:
*Whisper.* Maybe we should try another direction...
[Thu Dec 18 00:03:24 2025 GMT] Winnie (Chihiro): *Whisper.* Maybe we should try another direction...
[OOC][Thu Dec 18 00:03:29 2025 GMT] [GM]CW: You can get in the room if youwant to
[OOC][Thu Dec 18 00:03:33 2025 GMT] [GM]CW: you'd have to open the vent somehow
[OOC][Thu Dec 18 00:03:42 2025 GMT] $: [❗] [5] Big Man action:
[Whisper Whisper] 'I don't think we got another direction. Best bet is to force it open and bolt it]
[Thu Dec 18 00:03:42 2025 GMT] Big Man (Q-Taro): [Whisper Whisper] 'I don't think we got another direction. Best bet is to force it open and bolt it]
[OOC][Thu Dec 18 00:03:44 2025 GMT] $: [❗] [3] ??? action:
[...I m-mean...there's not really anywhere else we can go...]
[Thu Dec 18 00:03:44 2025 GMT] ??? (Anzu Kinashi): [...I m-mean...there's not really anywhere else we can go...]
[OOC][Thu Dec 18 00:03:56 2025 GMT] $: [❗] [3] ??? action:
*She looks back behind her. Was there another turning?*
[Thu Dec 18 00:03:56 2025 GMT] ??? (Anzu Kinashi): *She looks back behind her. Was there another turning?*
[Thu Dec 18 00:04:02 2025 GMT] Winnie (Chihiro): Didn't we see a way forward in there?
[Thu Dec 18 00:04:12 2025 GMT] Winnie (Chihiro): Maybe it connects to another more distant room...
[OOC][Thu Dec 18 00:04:34 2025 GMT] $: [❗] [1]   action:
[If you turn back you can continue onward.]
[Thu Dec 18 00:04:34 2025 GMT] : [If you turn back you can continue onward.]
[OOC][Thu Dec 18 00:04:40 2025 GMT] $: [❗] [1]   action:
[The zombies flood into the kitchen.[]
[Thu Dec 18 00:04:40 2025 GMT] : [The zombies flood into the kitchen.[]
[OOC][Thu Dec 18 00:04:49 2025 GMT] Smiles: thanks zombreros for this information
[OOC][Thu Dec 18 00:04:51 2025 GMT] $: [❗] [1]   action:
[It looked like a Level 2 horde.]
[Thu Dec 18 00:04:51 2025 GMT] : [It looked like a Level 2 horde.]
[OOC][Thu Dec 18 00:04:59 2025 GMT] $: [❗] [3] ??? action:
[Either we turn around, or go back to the place we woke up.]
[Thu Dec 18 00:04:59 2025 GMT] ??? (Anzu Kinashi): [Either we turn around, or go back to the place we woke up.]
[OOC][Thu Dec 18 00:05:15 2025 GMT] $: [❗] [5] Big Man action:
[We're trapped here... We gotta open this vent somehow and get back]
[Thu Dec 18 00:05:15 2025 GMT] Big Man (Q-Taro): [We're trapped here... We gotta open this vent somehow and get back]
[OOC][Thu Dec 18 00:05:26 2025 GMT] $: [❗] [5] Big Man action:
[Eventually we need to fight]
[Thu Dec 18 00:05:26 2025 GMT] Big Man (Q-Taro): [Eventually we need to fight]
[OOC][Thu Dec 18 00:05:52 2025 GMT] RJ: Forgot to add shank as weapon
[Thu Dec 18 00:05:53 2025 GMT] Winnie (Chihiro): But there is no way back... We'll just corner ourselves... And I'm no fighter. I can literally slip on a worm if I step on it.
[OOC][Thu Dec 18 00:06:00 2025 GMT] $: [❗] [3] ??? action:
[H-Hey, I'm with you big guy. Whatever we do.]
[Thu Dec 18 00:06:00 2025 GMT] ??? (Anzu Kinashi): [H-Hey, I'm with you big guy. Whatever we do.]
[Thu Dec 18 00:06:50 2025 GMT] : You hear noise coming from the kitchen.
[OOC][Thu Dec 18 00:06:59 2025 GMT] $: [❗] [0] Winnie action:
*She turns right back around to go further into the vent.*
[Thu Dec 18 00:06:59 2025 GMT] Winnie (Chihiro): *She turns right back around to go further into the vent.*
[OOC][Thu Dec 18 00:07:09 2025 GMT] $: [❗] [5] Big Man action:
[Followin]
[Thu Dec 18 00:07:09 2025 GMT] Big Man (Q-Taro): [Followin]
[OOC][Thu Dec 18 00:07:10 2025 GMT] $: [❗] [3] ??? action:
[...sounds like something distracted them. We should-]
[Thu Dec 18 00:07:10 2025 GMT] ??? (Anzu Kinashi): [...sounds like something distracted them. We should-]
[OOC][Thu Dec 18 00:07:23 2025 GMT] $: [❗] [3] ??? action:
*Okay she's following them. She's not bein left alone*
[Thu Dec 18 00:07:23 2025 GMT] ??? (Anzu Kinashi): *Okay she's following them. She's not bein left alone*
[OOC][Thu Dec 18 00:07:25 2025 GMT] $:   changed the background to fxdarkness.
[Thu Dec 18 00:07:26 2025 GMT] : ....
[OOC][Thu Dec 18 00:07:38 2025 GMT] $: [❗] [1]   action:
[Another light left, and this time there's a sharp ascent - no climbing that.
[Thu Dec 18 00:07:38 2025 GMT] : [Another light left, and this time there's a sharp ascent - no climbing that.
[OOC][Thu Dec 18 00:07:56 2025 GMT] $: Locked pos into barracks.
[OOC][Thu Dec 18 00:07:58 2025 GMT] $: [❗] [0] Winnie action:
*We're stuck checking out this light then.*
[Thu Dec 18 00:07:58 2025 GMT] Winnie (Chihiro): *We're stuck checking out this light then.*
[OOC][Thu Dec 18 00:08:10 2025 GMT] $: [❗] [3] ??? action:
*She's feeling her way along...and also feels the height difference.*
[Thu Dec 18 00:08:10 2025 GMT] ??? (Anzu Kinashi): *She's feeling her way along...and also feels the height difference.*
[OOC][Thu Dec 18 00:08:21 2025 GMT] $: [❗] [1]   action:
[Looking through...]
[Thu Dec 18 00:08:21 2025 GMT] : [Looking through...]
[OOC][Thu Dec 18 00:08:22 2025 GMT] $: Position set to barracks.
[OOC][Thu Dec 18 00:08:22 2025 GMT] $:   changed the background to DeadPanic.
[OOC][Thu Dec 18 00:08:30 2025 GMT] $: [❗] [3] ??? action:
*If only she trained as an acrobat.*
[Thu Dec 18 00:08:30 2025 GMT] ??? (Anzu Kinashi): *If only she trained as an acrobat.*
[OOC][Thu Dec 18 00:08:41 2025 GMT] $: [❗] [1]   action:
[The vent cover is flimsy here. Roll 7 Form or Tech.]
[Thu Dec 18 00:08:41 2025 GMT] : [The vent cover is flimsy here. Roll 7 Form or Tech.]
[Thu Dec 18 00:08:47 2025 GMT]   (CM 2) has stopped the music: 
[OOC][Thu Dec 18 00:08:49 2025 GMT] $: [❗] [5] Big Man action:
[Form!]
[Thu Dec 18 00:08:49 2025 GMT] Big Man (Q-Taro): [Form!]
[OOC][Thu Dec 18 00:08:56 2025 GMT] $: Big Man rolled 6:6+5=11 out of 6.
[OOC][Thu Dec 18 00:08:58 2025 GMT] Smiles: ig we're getting rey here
[Thu Dec 18 00:09:06 2025 GMT] : You effortlessly kick over the vent, creating minimal noise.
[OOC][Thu Dec 18 00:09:20 2025 GMT] $: [❗] [5] Big Man action:
[kicking the vent, holding a finger over his lips as he gets up]
[Thu Dec 18 00:09:20 2025 GMT] Big Man (Q-Taro): [kicking the vent, holding a finger over his lips as he gets up]
[OOC][Thu Dec 18 00:09:30 2025 GMT] Smiles: oh thank goodness he is tech guy
[OOC][Thu Dec 18 00:09:30 2025 GMT] $: [❗] [3] ??? action:
*She slides out the vent like a snake...or something slippery*
[Thu Dec 18 00:09:30 2025 GMT] ??? (Anzu Kinashi): *She slides out the vent like a snake...or something slippery*
[OOC][Thu Dec 18 00:09:43 2025 GMT] $: [❗] [3] ??? action:
[...it l-looks empty...]
[Thu Dec 18 00:09:43 2025 GMT] ??? (Anzu Kinashi): [...it l-looks empty...]
[OOC][Thu Dec 18 00:09:51 2025 GMT] $: [❗] [5] Big Man action:
[Sorry for the chaos back there... Good thing it's empty]
[Thu Dec 18 00:09:51 2025 GMT] Big Man (Q-Taro): [Sorry for the chaos back there... Good thing it's empty]
[OOC][Thu Dec 18 00:10:08 2025 GMT] $: [❗] [0] Winnie action:
*Go, my Winnie!* I'm so tired already-
[Thu Dec 18 00:10:08 2025 GMT] Winnie (Chihiro): *Go, my Winnie!* I'm so tired already-
[OOC][Thu Dec 18 00:10:14 2025 GMT] $: [❗] [2] Aoi Todo action:
AAAAAA [he emerges from under the bed]
[Thu Dec 18 00:10:14 2025 GMT] Aoi Todo (Todo): AAAAAA [he emerges from under the bed]
[Thu Dec 18 00:10:15 2025 GMT]   (CM 2) has played a song: room escape and gameplay/[RE2] Save Theme.ogg
[Thu Dec 18 00:10:20 2025 GMT] ??? (Anzu Kinashi): I m-mean, I could've acted better to-
[OOC][Thu Dec 18 00:10:22 2025 GMT] $: [❗] [5] Big Man action:
[\sPunches him in the face]
[Thu Dec 18 00:10:22 2025 GMT] Big Man (Q-Taro): [\sPunches him in the face]
[OOC][Thu Dec 18 00:10:26 2025 GMT] [GM]CW: LOL
[OOC][Thu Dec 18 00:10:28 2025 GMT] $: [❗] [0] Winnie action:
*She jumps almost into the FUCKING CEILING.*
[Thu Dec 18 00:10:28 2025 GMT] Winnie (Chihiro): *She jumps almost into the FUCKING CEILING.*
[Thu Dec 18 00:10:30 2025 GMT] Aoi Todo (Todo): OUCHHHH
[OOC][Thu Dec 18 00:10:32 2025 GMT] $: [❗] [1]   action:
[ROLL FORM]
[Thu Dec 18 00:10:32 2025 GMT] : [ROLL FORM]
[OOC][Thu Dec 18 00:10:38 2025 GMT] $: Big Man rolled 2:2+5=7 out of 6.
[OOC][Thu Dec 18 00:10:41 2025 GMT] $: [❗] [3] ??? action:
AAAAAAAAAAH! |*She screams*|
[Thu Dec 18 00:10:41 2025 GMT] ??? (Anzu Kinashi): AAAAAAAAAAH! |*She screams*|
[Thu Dec 18 00:10:45 2025 GMT] Winnie (Chihiro): Stop making noise stop making noise stop making-
[OOC][Thu Dec 18 00:10:46 2025 GMT] $: [❗] [1]   action:
[Ok, Todo roll endurance to dodge]
[Thu Dec 18 00:10:46 2025 GMT] : [Ok, Todo roll endurance to dodge]
[OOC][Thu Dec 18 00:11:03 2025 GMT] RJ: 4 or higher!
[OOC][Thu Dec 18 00:11:04 2025 GMT] $: [❗] [2] Aoi Todo action:
[uh how do that work]
[Thu Dec 18 00:11:04 2025 GMT] Aoi Todo (Todo): [uh how do that work]
[Thu Dec 18 00:11:10 2025 GMT] : ./roll 1d6 +endurance
[Thu Dec 18 00:11:14 2025 GMT] ??? (Anzu Kinashi): M-Maybe I wouldn't make noise if things didn't just appear with no warning!!
[Thu Dec 18 00:11:17 2025 GMT] : so /roll 1d6 +3
[Thu Dec 18 00:11:25 2025 GMT]   (CM 2) has played a song: suspense/[CP] Strange Passage.ogg
[OOC][Thu Dec 18 00:11:25 2025 GMT] $: Aoi Todo rolled 6:6+3=9 out of 6.
[OOC][Thu Dec 18 00:11:30 2025 GMT] $: [❗] [2] Aoi Todo action:
[9]
[Thu Dec 18 00:11:30 2025 GMT] Aoi Todo (Todo): [9]
[OOC][Thu Dec 18 00:11:33 2025 GMT] $: [❗] [1]   action:
[Todo masterfully avoids the punch.]
[Thu Dec 18 00:11:33 2025 GMT] : [Todo masterfully avoids the punch.]
[Thu Dec 18 00:11:41 2025 GMT] Big Man (Q-Taro): S-shit Sorry man... Scared the crap out of me
[OOC][Thu Dec 18 00:11:46 2025 GMT] $: [❗] [0] Winnie action:
*Trying to get the vent grate back in place.*
[Thu Dec 18 00:11:47 2025 GMT] Winnie (Chihiro): *Trying to get the vent grate back in place.*
[Thu Dec 18 00:11:48 2025 GMT] Aoi Todo (Todo): hey there my fellow friends
[Thu Dec 18 00:12:01 2025 GMT] Aoi Todo (Todo): dont worry about it
[OOC][Thu Dec 18 00:12:05 2025 GMT] $: [❗] [5] Big Man action:
[Holding a shank made of his hat and glass] Hey, do you happe to know where we are?
[Thu Dec 18 00:12:05 2025 GMT] Big Man (Q-Taro): [Holding a shank made of his hat and glass] Hey, do you happe to know where we are?
[Thu Dec 18 00:12:16 2025 GMT] Big Man (Q-Taro): Agh right. Introductions I keep on forgettin
[Thu Dec 18 00:12:20 2025 GMT] ??? (Anzu Kinashi): U-Uh...okay? You're pretty calm for someone who just made me jump out of my skin.
[OOC][Thu Dec 18 00:12:30 2025 GMT] $: [❗] [5] Big Man action:
Name's Max, |Max Form|
[Thu Dec 18 00:12:30 2025 GMT] Big Man (Q-Taro): Name's Max, |Max Form|
[Thu Dec 18 00:12:45 2025 GMT] Aoi Todo (Todo): I am the only and only Aoi Todo
[Thu Dec 18 00:12:50 2025 GMT] Aoi Todo (Todo): and its nice to meet yall
[OOC][Thu Dec 18 00:12:58 2025 GMT] $: [❗] [2] Aoi Todo action:
*one and only
[Thu Dec 18 00:12:58 2025 GMT] Aoi Todo (Todo): *one and only
[OOC][Thu Dec 18 00:13:06 2025 GMT] $: [❗] [0] Winnie action:
*In the middle of putting the vent grate back ig.* Reintroducing as Winnie. Uhh... Winnie Sage, I guess...
[Thu Dec 18 00:13:06 2025 GMT] Winnie (Chihiro): *In the middle of putting the vent grate back ig.* Reintroducing as Winnie. Uhh... Winnie Sage, I guess...
[Thu Dec 18 00:13:12 2025 GMT] ??? (Anzu Kinashi): W-Well...as I was gonna say earlier...I'm A-Anzu. Anzu Kinashi.
[Thu Dec 18 00:13:24 2025 GMT] Max Form (Q-Taro): Nice to meet ya Aoi, We encountered some strange people earlier. Looked Kind of like corpses walking. You happen to know anything about that?
[Thu Dec 18 00:13:32 2025 GMT]   (CM 2) has played a song: room escape and gameplay/[RE2] Save Theme.ogg
[Thu Dec 18 00:13:34 2025 GMT] Anzu Kinashi: I'm glad I'm...n-not alone in this, anyway.
[Thu Dec 18 00:13:47 2025 GMT] Aoi Todo (Todo): ah yes those zonkers
[OOC][Thu Dec 18 00:13:49 2025 GMT] $: [❗] [3] YTTD/Anzu Kinashi action:
*She notably extends this sentence to the other two. Not Aoi*
[Thu Dec 18 00:13:49 2025 GMT] Anzu Kinashi: *She notably extends this sentence to the other two. Not Aoi*
[OOC][Thu Dec 18 00:13:56 2025 GMT] $: [❗] [0] Winnie action:
*I'll assume the grate is back on and look under all these beds.*
[Thu Dec 18 00:13:56 2025 GMT] Winnie (Chihiro): *I'll assume the grate is back on and look under all these beds.*
[OOC][Thu Dec 18 00:14:07 2025 GMT] $: [❗] [1]   action:
[Bad assumption, it ain't.]
[Thu Dec 18 00:14:07 2025 GMT] : [Bad assumption, it ain't.]
[Thu Dec 18 00:14:12 2025 GMT] Aoi Todo (Todo): im not sure where they came from
[OOC][Thu Dec 18 00:14:12 2025 GMT] $: [❗] [1]   action:
[It's still on the ground where it got kicked]
[Thu Dec 18 00:14:12 2025 GMT] : [It's still on the ground where it got kicked]
[OOC][Thu Dec 18 00:14:16 2025 GMT] $: [❗] [0] Winnie action:
*Well I said it twice!!!*
[Thu Dec 18 00:14:16 2025 GMT] Winnie (Chihiro): *Well I said it twice!!!*
[OOC][Thu Dec 18 00:14:25 2025 GMT] $: [❗] [1]   action:
[oh dang you're right]
[Thu Dec 18 00:14:25 2025 GMT] : [oh dang you're right]
[OOC][Thu Dec 18 00:14:28 2025 GMT] $: [❗] [1]   action:
[it back on
[Thu Dec 18 00:14:28 2025 GMT] : [it back on
[OOC][Thu Dec 18 00:14:37 2025 GMT] Smiles: bullies the gm cutely
[OOC][Thu Dec 18 00:14:43 2025 GMT] $: [❗] [1]   action:
[Roll scavenge, beat a 7 to find anything of use under silly beds
[Thu Dec 18 00:14:43 2025 GMT] : [Roll scavenge, beat a 7 to find anything of use under silly beds
[Thu Dec 18 00:14:46 2025 GMT] Anzu Kinashi: L-Look, it's nice and all but, I have the distinct feeling we won't be alone here for much longer.
[OOC][Thu Dec 18 00:14:57 2025 GMT] $: Winnie rolled 6:6+2=8 out of 6.
[Thu Dec 18 00:15:02 2025 GMT] : daym
[OOC][Thu Dec 18 00:15:05 2025 GMT] $: [❗] [3] YTTD/Anzu Kinashi action:
*She looks for exits. Any way out except the door at the end?*
[Thu Dec 18 00:15:05 2025 GMT] Anzu Kinashi: *She looks for exits. Any way out except the door at the end?*
[Thu Dec 18 00:15:05 2025 GMT] Max Form (Q-Taro): Where are we and what's going on?
[Thu Dec 18 00:15:08 2025 GMT] : You find a combat knife.
[OOC][Thu Dec 18 00:15:10 2025 GMT] Smiles: nat 6's a random scavenge roll
[Thu Dec 18 00:15:14 2025 GMT] Aoi Todo (Todo): we aren't alone! we have each other now!
[Thu Dec 18 00:15:31 2025 GMT] Aoi Todo (Todo): my new...best friends
[OOC][Thu Dec 18 00:15:34 2025 GMT] $: [❗] [0] Winnie action:
*Very carefully pulling this knife out.* Who's leaving these things here?
[Thu Dec 18 00:15:34 2025 GMT] Winnie (Chihiro): *Very carefully pulling this knife out.* Who's leaving these things here?
[Thu Dec 18 00:15:37 2025 GMT] Anzu Kinashi: O-Oh, um. By 'alone' I meant, 'with the addition of the zombies'.
[Thu Dec 18 00:15:44 2025 GMT] Anzu Kinashi: The scary ones.
[Thu Dec 18 00:15:51 2025 GMT] : Durability: 6. Damage: 2. Special: Instantly kill a Straggler Zombie from behind.
[Thu Dec 18 00:15:57 2025 GMT] Aoi Todo (Todo): OH YEAH THE ZONKERS RIGHT
[OOC][Thu Dec 18 00:16:06 2025 GMT] [GM]CW: ZONKERS
[OOC][Thu Dec 18 00:16:10 2025 GMT] Smiles: so no roll to hit a zombie with this?
[OOC][Thu Dec 18 00:16:19 2025 GMT] [GM]CW: If you catch a straggler zombie from behind
[OOC][Thu Dec 18 00:16:20 2025 GMT] [GM]CW: yes
[OOC][Thu Dec 18 00:16:22 2025 GMT] $: [❗] [3] YTTD/Anzu Kinashi action:
[Why does he call them that...?] *Still looking for exits.*
[Thu Dec 18 00:16:23 2025 GMT] Anzu Kinashi: [Why does he call them that...?] *Still looking for exits.*
[Thu Dec 18 00:16:30 2025 GMT] Winnie (Chihiro): The zombreros...
[OOC][Thu Dec 18 00:16:31 2025 GMT] $: [❗] [1]   action:
[There is a single door in front of you, but it's locked.
[Thu Dec 18 00:16:31 2025 GMT] : [There is a single door in front of you, but it's locked.
[Thu Dec 18 00:16:55 2025 GMT] Anzu Kinashi: F-Feels like every door in this place is locked or otherwise inconvenienced...
[OOC][Thu Dec 18 00:17:16 2025 GMT] $: [❗] [3] YTTD/Anzu Kinashi action:
*She's gonna scavenge in the boxes in the room. Surely she can find a key or something useful.*
[Thu Dec 18 00:17:16 2025 GMT] Anzu Kinashi: *She's gonna scavenge in the boxes in the room. Surely she can find a key or something useful.*
[Thu Dec 18 00:17:21 2025 GMT] Winnie (Chihiro): Is somebody trying to get us all killed in here? 
[Thu Dec 18 00:17:31 2025 GMT] : Scavenge Roll, beat a 6.
[OOC][Thu Dec 18 00:17:40 2025 GMT] $: YTTD/Anzu Kinashi rolled 3:3+4=7 out of 6.
[OOC][Thu Dec 18 00:17:53 2025 GMT] Smiles: todo stole calem's perk lmao
[Thu Dec 18 00:17:56 2025 GMT] : Effortless. You find a key to this door, as well as a 9mm firearm with 2 magazines.
[Thu Dec 18 00:17:58 2025 GMT]   (CM 2) has played a song: room escape and gameplay/[CP] Puzzled.ogg
[Thu Dec 18 00:18:11 2025 GMT] Anzu Kinashi: A-Ah! NEVER have I been more glad to find a ke-
[Thu Dec 18 00:18:16 2025 GMT] Anzu Kinashi: . . .
[OOC][Thu Dec 18 00:18:26 2025 GMT] $: [❗] [2] Aoi Todo action:
[he wants to scavenge too]
[Thu Dec 18 00:18:26 2025 GMT] Aoi Todo (Todo): [he wants to scavenge too]
[Thu Dec 18 00:18:34 2025 GMT] : Beat a 7
[Thu Dec 18 00:18:37 2025 GMT] Aoi Todo (Todo): dont worry everybody i will get rid of the zonkers
[Thu Dec 18 00:18:41 2025 GMT] Anzu Kinashi: ...o-okay. Nice for someone to just...l-leave their gun here...and a-ammo...
[Thu Dec 18 00:18:44 2025 GMT] : You will investigate the last area which is the lockers.
[OOC][Thu Dec 18 00:18:49 2025 GMT] $: [❗] [0] Winnie action:
*She listens up to the door rq to make sure there's no sound behind it.*
[Thu Dec 18 00:18:49 2025 GMT] Winnie (Chihiro): *She listens up to the door rq to make sure there's no sound behind it.*
[Thu Dec 18 00:18:51 2025 GMT] Anzu Kinashi: ....aha...ha...h-ha....
[OOC][Thu Dec 18 00:18:54 2025 GMT] $: Aoi Todo rolled 1:1+3=4 out of 6.
[Thu Dec 18 00:18:58 2025 GMT] : }}}[W0] {{{You hear nothing
[OOC][Thu Dec 18 00:19:05 2025 GMT] $: [❗] [2] Aoi Todo action:
[4]
[Thu Dec 18 00:19:05 2025 GMT] Aoi Todo (Todo): [4]
[OOC][Thu Dec 18 00:19:07 2025 GMT] $: [❗] [3] YTTD/Anzu Kinashi action:
*...for now she'll put the gun and ammo away.*
[Thu Dec 18 00:19:07 2025 GMT] Anzu Kinashi: *...for now she'll put the gun and ammo away.*
[OOC][Thu Dec 18 00:19:12 2025 GMT] $: [❗] [3] YTTD/Anzu Kinashi action:
*Maybe it'll help.*
[Thu Dec 18 00:19:12 2025 GMT] Anzu Kinashi: *Maybe it'll help.*
[Thu Dec 18 00:19:13 2025 GMT] Winnie (Chihiro): Just be grateful there's weapons. I sure as heck don't want to die.
[Thu Dec 18 00:19:17 2025 GMT] : Aoi Todo manages to find a bunch of military uniforms and some labcoats mixed in.
[Thu Dec 18 00:19:27 2025 GMT] Max Form (Q-Taro): What in the... What's that?
[OOC][Thu Dec 18 00:19:28 2025 GMT] $: [❗] [3] YTTD/Anzu Kinashi action:
*She then approaches the door with the key. Let's see if it unlocks.*
[Thu Dec 18 00:19:28 2025 GMT] Anzu Kinashi: *She then approaches the door with the key. Let's see if it unlocks.*
[Thu Dec 18 00:19:33 2025 GMT] Aoi Todo (Todo): oh sweet!
[Thu Dec 18 00:19:34 2025 GMT] Winnie (Chihiro): Okay, we should be clear. I don't hear anything behind the door...
[OOC][Thu Dec 18 00:19:35 2025 GMT] $: [❗] [3] YTTD/Anzu Kinashi action:
*SHE DOES NOT OPEN IT. JUST UNLOCKS IT*
[Thu Dec 18 00:19:35 2025 GMT] Anzu Kinashi: *SHE DOES NOT OPEN IT. JUST UNLOCKS IT*
[OOC][Thu Dec 18 00:19:41 2025 GMT] $: [❗] [1]   action:
*Click!*. It unlocks.
[Thu Dec 18 00:19:41 2025 GMT] : *Click!*. It unlocks.
[Thu Dec 18 00:19:48 2025 GMT] Anzu Kinashi: Ha, it worked!
[Thu Dec 18 00:19:52 2025 GMT] Aoi Todo (Todo): yall wanna put these on?
[Thu Dec 18 00:19:54 2025 GMT] Anzu Kinashi: C'mon, let's get outta here.
[Thu Dec 18 00:20:17 2025 GMT] Winnie (Chihiro): Would it even fit me...? I'm incredibly short.
[Thu Dec 18 00:20:18 2025 GMT] Anzu Kinashi: T-thanks for the offer, but...uh. I prefer my uniform.
[Thu Dec 18 00:20:23 2025 GMT] Anzu Kinashi: Sentimental reasons.
[Thu Dec 18 00:20:24 2025 GMT] : }}}[W0] {{{Sense of impending danger.
[Thu Dec 18 00:20:30 2025 GMT] Anzu Kinashi: P-Please, let's go.
[Thu Dec 18 00:20:32 2025 GMT] Winnie (Chihiro): . . .
[OOC][Thu Dec 18 00:20:40 2025 GMT] $: [❗] [2] Aoi Todo action:
[he puts his on] perfect fit!
[Thu Dec 18 00:20:40 2025 GMT] Aoi Todo (Todo): [he puts his on] perfect fit!
[OOC][Thu Dec 18 00:20:42 2025 GMT] $: Winnie rolled 5:5+5=10 out of 6.
[OOC][Thu Dec 18 00:20:42 2025 GMT] $: [❗] [3] YTTD/Anzu Kinashi action:
*She's opening the door and leaving on their go.*
[Thu Dec 18 00:20:42 2025 GMT] Anzu Kinashi: *She's opening the door and leaving on their go.*
[OOC][Thu Dec 18 00:20:46 2025 GMT] $: [❗] [5] Max Form action:
[Takes a military hat]
[Thu Dec 18 00:20:46 2025 GMT] Max Form (Q-Taro): [Takes a military hat]
[OOC][Thu Dec 18 00:20:53 2025 GMT] $: [❗] [2] Aoi Todo action:
[he leaves too]
[Thu Dec 18 00:20:53 2025 GMT] Aoi Todo (Todo): [he leaves too]
[Thu Dec 18 00:20:55 2025 GMT]   (CM 2) has stopped the music: 
[OOC][Thu Dec 18 00:20:56 2025 GMT] Smiles: what is the danger...
[OOC][Thu Dec 18 00:21:00 2025 GMT] $: [❗] [5] Max Form action:
[Following]
[Thu Dec 18 00:21:00 2025 GMT] Max Form (Q-Taro): [Following]
[OOC][Thu Dec 18 00:21:02 2025 GMT] $: [❗] [0] Winnie action:
*Leave!*
[Thu Dec 18 00:21:02 2025 GMT] Winnie (Chihiro): *Leave!*
[OOC][Thu Dec 18 00:21:03 2025 GMT] $: Timer 1 has expired.
[Thu Dec 18 00:21:04 2025 GMT] : 
[OOC][Thu Dec 18 00:21:14 2025 GMT] $:   changed the background to fxdarkness.
[Thu Dec 18 00:21:15 2025 GMT] : ....
[Thu Dec 18 00:21:18 2025 GMT] : You are out in a dark hallway.
[OOC][Thu Dec 18 00:21:20 2025 GMT] Geck: I DID take the gun and ammo
[OOC][Thu Dec 18 00:21:22 2025 GMT] Geck: add it pls
[Thu Dec 18 00:21:30 2025 GMT] : Leaving behind the barracks, you notice there's another door on the north side where you came from
[Thu Dec 18 00:21:34 2025 GMT] : As well as a door on the south side,.
[OOC][Thu Dec 18 00:21:36 2025 GMT] [GM]CW: Ya you did
[OOC][Thu Dec 18 00:21:40 2025 GMT] [GM]CW: you can add it yourself if I didn't
[OOC][Thu Dec 18 00:21:42 2025 GMT] $: [❗] [0] Winnie action:
*Whisper.* Lock the door...
[Thu Dec 18 00:21:42 2025 GMT] Winnie (Chihiro): *Whisper.* Lock the door...
[OOC][Thu Dec 18 00:21:46 2025 GMT] [GM]CW: Small Weapo slot
[Thu Dec 18 00:22:09 2025 GMT]   (CM 2) has played a song: investigation/[SH] Killing Time.ogg
[OOC][Thu Dec 18 00:22:12 2025 GMT] $: [❗] [2] Aoi Todo action:
[he locks it?]
[Thu Dec 18 00:22:12 2025 GMT] Aoi Todo (Todo): [he locks it?]
[OOC][Thu Dec 18 00:22:21 2025 GMT] $: [❗] [1]   action:
[Whoever had the key can lock it from this side.]
[Thu Dec 18 00:22:21 2025 GMT] : [Whoever had the key can lock it from this side.]
[OOC][Thu Dec 18 00:22:24 2025 GMT] $: [❗] [3] YTTD/Anzu Kinashi action:
*SHE does. She has the key, thank you.*
[Thu Dec 18 00:22:24 2025 GMT] Anzu Kinashi: *SHE does. She has the key, thank you.*
[OOC][Thu Dec 18 00:22:29 2025 GMT] $: [❗] [1]   action:
[Indeed. It is now locked.
[Thu Dec 18 00:22:29 2025 GMT] : [Indeed. It is now locked.
[Thu Dec 18 00:22:41 2025 GMT] Aoi Todo (Todo): we are such a good team
[Thu Dec 18 00:22:47 2025 GMT] : ~~~You hear shuffling inside the barracks now.
[Thu Dec 18 00:23:03 2025 GMT] Aoi Todo (Todo): can we get some light in here?
[OOC][Thu Dec 18 00:23:04 2025 GMT] $: [❗] [3] YTTD/Anzu Kinashi action:
[G-good thing I locked it...]
[Thu Dec 18 00:23:04 2025 GMT] Anzu Kinashi: [G-good thing I locked it...]
[OOC][Thu Dec 18 00:23:07 2025 GMT] $: [❗] [5] Max Form action:
[standing at the door on guard]
[Thu Dec 18 00:23:07 2025 GMT] Max Form (Q-Taro): [standing at the door on guard]
[OOC][Thu Dec 18 00:23:16 2025 GMT] $: [❗] [0] Winnie action:
*Getting her phone out and using the lowest flash setting.*
[Thu Dec 18 00:23:16 2025 GMT] Winnie (Chihiro): *Getting her phone out and using the lowest flash setting.*
[Thu Dec 18 00:23:29 2025 GMT] : if only your phones were that advanced.
[Thu Dec 18 00:23:37 2025 GMT] : It's all or nothing, so you illuminate the room.
[Thu Dec 18 00:23:53 2025 GMT] : Fortunately, it's just a hallway. There's another door east of the barracks, and a door south. So 2 doors you can go in.
[OOC][Thu Dec 18 00:23:57 2025 GMT] Smiles: damn winnie can't even get a phone with flash settings
[OOC][Thu Dec 18 00:24:17 2025 GMT] $: [❗] [0] Winnie action:
*Listen to the East door real quick...*
[Thu Dec 18 00:24:17 2025 GMT] Winnie (Chihiro): *Listen to the East door real quick...*
[OOC][Thu Dec 18 00:24:21 2025 GMT] $: [❗] [2] Aoi Todo action:
[he will look around for anything if theres something hidden]
[Thu Dec 18 00:24:21 2025 GMT] Aoi Todo (Todo): [he will look around for anything if theres something hidden]
[Thu Dec 18 00:24:28 2025 GMT] : }}}[W0] {{{Nothing.
[Thu Dec 18 00:24:34 2025 GMT] : Roll Scavenge, beat a 9.
[OOC][Thu Dec 18 00:24:37 2025 GMT] $: [❗] [0] Winnie action:
*And now the South door...*
[Thu Dec 18 00:24:37 2025 GMT] Winnie (Chihiro): *And now the South door...*
[OOC][Thu Dec 18 00:24:43 2025 GMT] $: Aoi Todo rolled 4:4+3=7 out of 6.
[Thu Dec 18 00:24:49 2025 GMT] : Aoi finds nothing
[OOC][Thu Dec 18 00:24:50 2025 GMT] $: [❗] [3] YTTD/Anzu Kinashi action:
[Am I the only one still wondering how we ended up here?]
[Thu Dec 18 00:24:50 2025 GMT] Anzu Kinashi: [Am I the only one still wondering how we ended up here?]
[Thu Dec 18 00:24:54 2025 GMT] : }}}[W0] {{{You hear wind.
[Thu Dec 18 00:25:06 2025 GMT] Winnie (Chihiro): ...Wind sounds?
[Thu Dec 18 00:25:27 2025 GMT] Aoi Todo (Todo): the wind means outside...
[Thu Dec 18 00:25:28 2025 GMT] Winnie (Chihiro): Maybe this leads to the roof...
[Thu Dec 18 00:25:38 2025 GMT] Aoi Todo (Todo): and outside is FREEDOM
[Thu Dec 18 00:25:50 2025 GMT] : 
[Thu Dec 18 00:25:55 2025 GMT] : The barracks door is being banged on lazily.
[OOC][Thu Dec 18 00:26:06 2025 GMT] $: [❗] [5] Max Form action:
[holds a finger over his lips]
[Thu Dec 18 00:26:06 2025 GMT] Max Form (Q-Taro): [holds a finger over his lips]
[OOC][Thu Dec 18 00:26:13 2025 GMT] $: [❗] [0] Winnie action:
*Let's go crack open the south door. JUST a crack, see if any light comes through.*
[Thu Dec 18 00:26:13 2025 GMT] Winnie (Chihiro): *Let's go crack open the south door. JUST a crack, see if any light comes through.*
[OOC][Thu Dec 18 00:26:15 2025 GMT] $: [❗] [3] YTTD/Anzu Kinashi action:
[These zombies are more persistent than an angry circus crowd...]
[Thu Dec 18 00:26:15 2025 GMT] Anzu Kinashi: [These zombies are more persistent than an angry circus crowd...]
[Thu Dec 18 00:26:22 2025 GMT] : The light does pour through.
[Thu Dec 18 00:26:32 2025 GMT] : }}}[W0] {{{~~~Danger.
[Thu Dec 18 00:26:40 2025 GMT] : It starts opening wider.
[OOC][Thu Dec 18 00:26:40 2025 GMT] $: [❗] [0] Winnie action:
*She closes it immediately.*
[Thu Dec 18 00:26:40 2025 GMT] Winnie (Chihiro): *She closes it immediately.*
[Thu Dec 18 00:26:49 2025 GMT] : 
[Thu Dec 18 00:27:02 2025 GMT] Winnie (Chihiro): Of course we can't even go outside in peace.
[Thu Dec 18 00:27:03 2025 GMT] : Something starts slamming on the south door as well.
[OOC][Thu Dec 18 00:27:33 2025 GMT] $: [❗] [3] YTTD/Anzu Kinashi action:
[A-At least we know there's friends on the other side of that door too...]
[Thu Dec 18 00:27:33 2025 GMT] Anzu Kinashi: [A-At least we know there's friends on the other side of that door too...]
[Thu Dec 18 00:27:38 2025 GMT] Winnie (Chihiro): Oh god, we might HAVE to fight now.
[OOC][Thu Dec 18 00:27:39 2025 GMT] $: [❗] [2] Aoi Todo action:
we might be surrounded... [he whispers]
[Thu Dec 18 00:27:39 2025 GMT] Aoi Todo (Todo): we might be surrounded... [he whispers]
[OOC][Thu Dec 18 00:27:43 2025 GMT] $: [❗] [3] YTTD/Anzu Kinashi action:
*She silently laughs at her own terrible joke.*
[Thu Dec 18 00:27:43 2025 GMT] Anzu Kinashi: *She silently laughs at her own terrible joke.*
[Thu Dec 18 00:27:52 2025 GMT] Max Form (Q-Taro): Outside?
[Thu Dec 18 00:28:06 2025 GMT] Winnie (Chihiro): There's definitely at least one zombie out there.
[OOC][Thu Dec 18 00:28:16 2025 GMT] $: [❗] [3] YTTD/Anzu Kinashi action:
[T-That...or we go east.]
[Thu Dec 18 00:28:16 2025 GMT] Anzu Kinashi: [T-That...or we go east.]
[Thu Dec 18 00:28:19 2025 GMT] Winnie (Chihiro): One entire zombrero, at MINIMUM.
[OOC][Thu Dec 18 00:28:46 2025 GMT] $: [❗] [3] YTTD/Anzu Kinashi action:
[B-But hey, I'm not gonna be a whiner. We'll go together, wherever it is.]
[Thu Dec 18 00:28:46 2025 GMT] Anzu Kinashi: [B-But hey, I'm not gonna be a whiner. We'll go together, wherever it is.]
[Thu Dec 18 00:28:52 2025 GMT] Max Form (Q-Taro): ... I can take one.
[OOC][Thu Dec 18 00:29:04 2025 GMT] $: [❗] [0] Winnie action:
*Can Awareness sense how many zombreros are on the other side of that door?*
[Thu Dec 18 00:29:04 2025 GMT] Winnie (Chihiro): *Can Awareness sense how many zombreros are on the other side of that door?*
[Thu Dec 18 00:29:12 2025 GMT] : That'd be so easy wouldn't it.
[Thu Dec 18 00:29:12 2025 GMT] Aoi Todo (Todo): wait guys what if i build us a TODO TURRET?
[OOC][Thu Dec 18 00:29:22 2025 GMT] $: [❗] [0] Winnie action:
*Like a general range at least*
[Thu Dec 18 00:29:22 2025 GMT] Winnie (Chihiro): *Like a general range at least*
[Thu Dec 18 00:29:30 2025 GMT] Max Form (Q-Taro): A fucking what?
[OOC][Thu Dec 18 00:29:35 2025 GMT] $: [❗] [3] YTTD/Anzu Kinashi action:
[...one, what is that? And two, keep your voice down...!]
[Thu Dec 18 00:29:35 2025 GMT] Anzu Kinashi: [...one, what is that? And two, keep your voice down...!]
[OOC][Thu Dec 18 00:29:40 2025 GMT] $: [❗] [1]   action:
[The barracks door is starting to give.]
[Thu Dec 18 00:29:40 2025 GMT] : [The barracks door is starting to give.]
[Thu Dec 18 00:29:51 2025 GMT] Aoi Todo (Todo): I specialize in todo technology
[Thu Dec 18 00:29:57 2025 GMT] Aoi Todo (Todo): all we need is some junk
[OOC][Thu Dec 18 00:29:58 2025 GMT] $: [❗] [0] Winnie action:
*Sigh.* God, just go stand in the front, please. I'll die instantly if I get hit, probably.
[Thu Dec 18 00:29:58 2025 GMT] Winnie (Chihiro): *Sigh.* God, just go stand in the front, please. I'll die instantly if I get hit, probably.
[Thu Dec 18 00:30:00 2025 GMT]   (CM 2) has stopped the music: 
[Thu Dec 18 00:30:03 2025 GMT] : 
[Thu Dec 18 00:30:04 2025 GMT] : 
[Thu Dec 18 00:30:08 2025 GMT] Winnie (Chihiro): We've gotta open this door.
[OOC][Thu Dec 18 00:30:09 2025 GMT] $: [❗] [3] YTTD/Anzu Kinashi action:
*...she's gonna pick a door.*
[Thu Dec 18 00:30:09 2025 GMT] Anzu Kinashi: *...she's gonna pick a door.*
[Thu Dec 18 00:30:13 2025 GMT] : 
[OOC][Thu Dec 18 00:30:14 2025 GMT] $: YTTD/Anzu Kinashi rolled 2 out of 2.
[OOC][Thu Dec 18 00:30:21 2025 GMT] $: [❗] [3] YTTD/Anzu Kinashi action:
*West it is!*
[Thu Dec 18 00:30:21 2025 GMT] Anzu Kinashi: *West it is!*
[OOC][Thu Dec 18 00:30:26 2025 GMT] $: [❗] [1]   action:
[the barracks?]
[Thu Dec 18 00:30:26 2025 GMT] : [the barracks?]
[Thu Dec 18 00:30:36 2025 GMT] Aoi Todo (Todo): LETS GO AWAY
[OOC][Thu Dec 18 00:30:36 2025 GMT] $: [❗] [3] YTTD/Anzu Kinashi action:
*oh wait*
[Thu Dec 18 00:30:36 2025 GMT] Anzu Kinashi: *oh wait*
[OOC][Thu Dec 18 00:30:44 2025 GMT] $: [❗] [1]   action:
[east is the unknown door]
[Thu Dec 18 00:30:44 2025 GMT] : [east is the unknown door]
[OOC][Thu Dec 18 00:30:48 2025 GMT] $: [❗] [3] YTTD/Anzu Kinashi action:
*wrong direction. Though Winnie was west*
[Thu Dec 18 00:30:48 2025 GMT] Anzu Kinashi: *wrong direction. Though Winnie was west*
[OOC][Thu Dec 18 00:30:53 2025 GMT] $: [❗] [3] YTTD/Anzu Kinashi action:
*So east it is.*
[Thu Dec 18 00:30:53 2025 GMT] Anzu Kinashi: *So east it is.*
[OOC][Thu Dec 18 00:31:01 2025 GMT] $: [❗] [2] Aoi Todo action:
[he heads east]
[Thu Dec 18 00:31:01 2025 GMT] Aoi Todo (Todo): [he heads east]
[OOC][Thu Dec 18 00:31:02 2025 GMT] $: [❗] [1]   action:
[You pour inside, effortlessly opening the door.]
[Thu Dec 18 00:31:02 2025 GMT] : [You pour inside, effortlessly opening the door.]
[Thu Dec 18 00:31:11 2025 GMT] : 
[OOC][Thu Dec 18 00:31:17 2025 GMT] $: Locked pos into scifihallway.
[OOC][Thu Dec 18 00:31:20 2025 GMT] $: Position set to scifihallway.
[OOC][Thu Dec 18 00:31:20 2025 GMT] $:   changed the background to DeadPanic.
[OOC][Thu Dec 18 00:31:24 2025 GMT] $: Locked pos into scifihall.
[Thu Dec 18 00:31:27 2025 GMT] : 
[Thu Dec 18 00:31:30 2025 GMT]   (CM 2) has played a song: realisation and logic/[SH2] Forest.ogg
[OOC][Thu Dec 18 00:31:37 2025 GMT] $: [❗] [1]   action:
[This is where you emerge.
[Thu Dec 18 00:31:37 2025 GMT] : [This is where you emerge.
[OOC][Thu Dec 18 00:31:42 2025 GMT] $: [❗] [1]   action:
[From the door on the south end...]
[Thu Dec 18 00:31:42 2025 GMT] : [From the door on the south end...]
[OOC][Thu Dec 18 00:31:55 2025 GMT] $: [❗] [3] YTTD/Anzu Kinashi action:
[...it's a bit like where we woke up...]
[Thu Dec 18 00:31:55 2025 GMT] Anzu Kinashi: [...it's a bit like where we woke up...]
[Thu Dec 18 00:31:55 2025 GMT] Winnie (Chihiro): ...Were we here, or do all the hallways look the same?
[Thu Dec 18 00:32:00 2025 GMT] Aoi Todo (Todo): are we in some hotel?
[Thu Dec 18 00:32:10 2025 GMT] Winnie (Chihiro): We fancy it's a hospital.
[OOC][Thu Dec 18 00:32:26 2025 GMT] $: [❗] [3] YTTD/Anzu Kinashi action:
*She'll look a bit closer. Anything distinguishing on the doors here?*
[Thu Dec 18 00:32:26 2025 GMT] Anzu Kinashi: *She'll look a bit closer. Anything distinguishing on the doors here?*
[OOC][Thu Dec 18 00:32:30 2025 GMT] $: [❗] [1]   action:
[You hear a door breaking behind you. Sounded like barracks.]
[Thu Dec 18 00:32:30 2025 GMT] : [You hear a door breaking behind you. Sounded like barracks.]
[Thu Dec 18 00:32:33 2025 GMT] Aoi Todo (Todo): hotel or not it looks...SPICY
[Thu Dec 18 00:32:34 2025 GMT] Winnie (Chihiro): They had a surgical saw here...
[OOC][Thu Dec 18 00:32:49 2025 GMT] $: [❗] [1]   action:
[The nameplates have numbers #0001 to #0100
[Thu Dec 18 00:32:49 2025 GMT] : [The nameplates have numbers #0001 to #0100
[OOC][Thu Dec 18 00:33:00 2025 GMT] $: [❗] [0] Winnie action:
*Eyeing Max to go block that door!*
[Thu Dec 18 00:33:00 2025 GMT] Winnie (Chihiro): *Eyeing Max to go block that door!*
[OOC][Thu Dec 18 00:33:06 2025 GMT] $: [❗] [2] Aoi Todo action:
[he tries hearing behind a door]
[Thu Dec 18 00:33:06 2025 GMT] Aoi Todo (Todo): [he tries hearing behind a door]
[OOC][Thu Dec 18 00:33:07 2025 GMT] $: [❗] [3] YTTD/Anzu Kinashi action:
[...if we're thinking hospital, could these be...patient numbers?]
[Thu Dec 18 00:33:07 2025 GMT] Anzu Kinashi: [...if we're thinking hospital, could these be...patient numbers?]
[OOC][Thu Dec 18 00:33:12 2025 GMT] $: [❗] [3] YTTD/Anzu Kinashi action:
[Or something like that.]
[Thu Dec 18 00:33:12 2025 GMT] Anzu Kinashi: [Or something like that.]
[Thu Dec 18 00:33:15 2025 GMT] : Pick a number 1 to 100 :)
[OOC][Thu Dec 18 00:33:19 2025 GMT] $: [❗] [5] Max Form action:
[Blocks the door]
[Thu Dec 18 00:33:19 2025 GMT] Max Form (Q-Taro): [Blocks the door]
[Thu Dec 18 00:33:21 2025 GMT] : unless you have a preference for a door
[OOC][Thu Dec 18 00:33:23 2025 GMT] $: [❗] [3] YTTD/Anzu Kinashi action:
*...let's see...*
[Thu Dec 18 00:33:23 2025 GMT] Anzu Kinashi: *...let's see...*
[OOC][Thu Dec 18 00:33:27 2025 GMT] $: YTTD/Anzu Kinashi rolled 36 out of 100.
[OOC][Thu Dec 18 00:33:30 2025 GMT] $: [❗] [2] Aoi Todo action:
[21]
[Thu Dec 18 00:33:30 2025 GMT] Aoi Todo (Todo): [21]
[OOC][Thu Dec 18 00:33:35 2025 GMT] $: [❗] [1]   action:
[You hear slamming... but it isn't the door you're blocking.
[Thu Dec 18 00:33:35 2025 GMT] : [You hear slamming... but it isn't the door you're blocking.
[OOC][Thu Dec 18 00:33:38 2025 GMT] $: [❗] [3] YTTD/Anzu Kinashi action:
*That's her door chief.*
[Thu Dec 18 00:33:38 2025 GMT] Anzu Kinashi: *That's her door chief.*
[OOC][Thu Dec 18 00:34:10 2025 GMT] $: [❗] [2] Aoi Todo action:
[he tries opening it]
[Thu Dec 18 00:34:10 2025 GMT] Aoi Todo (Todo): [he tries opening it]
[Thu Dec 18 00:34:11 2025 GMT] Anzu Kinashi: . . . . .
[OOC][Thu Dec 18 00:34:26 2025 GMT] $: [❗] [3] YTTD/Anzu Kinashi action:
*She stares at #36 with an..odd, expression. Sorrow, almost.*
[Thu Dec 18 00:34:26 2025 GMT] Anzu Kinashi: *She stares at #36 with an..odd, expression. Sorrow, almost.*
[OOC][Thu Dec 18 00:34:29 2025 GMT] $: [❗] [1]   action:
[Todo opens the door and sees a simple cubicle. Only a bed, a table, and a stack of papers.]
[Thu Dec 18 00:34:29 2025 GMT] : [Todo opens the door and sees a simple cubicle. Only a bed, a table, and a stack of papers.]
[Thu Dec 18 00:34:30 2025 GMT] Aoi Todo (Todo): i think we might find some food in here...
[Thu Dec 18 00:34:33 2025 GMT] Anzu Kinashi: ...something's behind here.
[Thu Dec 18 00:34:41 2025 GMT]   (CM 2) has stopped the music: 
[Thu Dec 18 00:34:43 2025 GMT] Winnie (Chihiro): We have food...
[OOC][Thu Dec 18 00:34:51 2025 GMT] $: [❗] [2] Aoi Todo action:
[he explores the room]
[Thu Dec 18 00:34:51 2025 GMT] Aoi Todo (Todo): [he explores the room]
[Thu Dec 18 00:35:01 2025 GMT] Aoi Todo (Todo): ew an office!
[Thu Dec 18 00:35:03 2025 GMT] Anzu Kinashi: U-Um...watch my back, okay? For some reason, I don't think this is a threat.
[OOC][Thu Dec 18 00:35:08 2025 GMT] $: [❗] [0] Winnie action:
*Listen to that door she's mentioning to see if the danger sense kicks in.*
[Thu Dec 18 00:35:08 2025 GMT] Winnie (Chihiro): *Listen to that door she's mentioning to see if the danger sense kicks in.*
[OOC][Thu Dec 18 00:35:11 2025 GMT] $: [❗] [3] YTTD/Anzu Kinashi action:
*She'll open #36.*
[Thu Dec 18 00:35:11 2025 GMT] Anzu Kinashi: *She'll open #36.*
[OOC][Thu Dec 18 00:35:41 2025 GMT] $: [❗] [1]   action:
[Anzu gets grabbed by a zombie that is wailing!]
[Thu Dec 18 00:35:41 2025 GMT] : [Anzu gets grabbed by a zombie that is wailing!]
[Thu Dec 18 00:35:42 2025 GMT]   (CM 2) has played a song: room escape and gameplay/[SH] Claw Finger.ogg
[Thu Dec 18 00:35:46 2025 GMT]   (CM 2) has played a song: tension/[SHSM] Hostility.ogg
[Thu Dec 18 00:35:55 2025 GMT] Anzu Kinashi: HUH-
[Thu Dec 18 00:35:55 2025 GMT] : Roll Endurance! Beat a 8!
[OOC][Thu Dec 18 00:35:57 2025 GMT] Smiles: is this a dodge roll
[OOC][Thu Dec 18 00:35:58 2025 GMT] $: [❗] [2] Aoi Todo action:
[he peaks out of his room] huh?
[Thu Dec 18 00:35:58 2025 GMT] Aoi Todo (Todo): [he peaks out of his room] huh?
[Thu Dec 18 00:36:03 2025 GMT] : Wuhghhh.h.. Waaaughhh!
[OOC][Thu Dec 18 00:36:09 2025 GMT] $: YTTD/Anzu Kinashi rolled 1:1+4=5 out of 6.
[Thu Dec 18 00:36:11 2025 GMT] Winnie (Chihiro): This is why you wait for me to listen first!
[Thu Dec 18 00:36:13 2025 GMT] Max Form (Q-Taro): O-Oh Sweet Baby Jesus
[OOC][Thu Dec 18 00:36:17 2025 GMT] Geck: my 1 life
[OOC][Thu Dec 18 00:36:20 2025 GMT] $: [❗] [1]   action:
[Crunch! Danger level increased...]
[Thu Dec 18 00:36:20 2025 GMT]  (CM 2) shouts: OBJECTION!
[Thu Dec 18 00:36:20 2025 GMT] : [Crunch! Danger level increased...]
[OOC][Thu Dec 18 00:36:33 2025 GMT] RJ: I'll take the next hit for ya
[Thu Dec 18 00:36:36 2025 GMT] : Anzu is now on Worriesome due to the zombie scratching her.]
[Thu Dec 18 00:36:42 2025 GMT] : Ghuuuruhhghh!
[Thu Dec 18 00:36:45 2025 GMT] Anzu Kinashi: W-Waaah! I d-didn't think a zombie could cry like that...!
[OOC][Thu Dec 18 00:36:49 2025 GMT] $: [❗] [1]   action:
[Anzu and the zombie collapse in a pile!]
[Thu Dec 18 00:36:49 2025 GMT] : [Anzu and the zombie collapse in a pile!]
[OOC][Thu Dec 18 00:36:49 2025 GMT] $: [❗] [0] Winnie action:
*She darts behind the zombie and shanks it with the combat knife!*
[Thu Dec 18 00:36:49 2025 GMT] Winnie (Chihiro): *She darts behind the zombie and shanks it with the combat knife!*
[Thu Dec 18 00:36:56 2025 GMT]   (CM 2) has stopped the music: 
[Thu Dec 18 00:36:56 2025 GMT] Aoi Todo (Todo): EW A ZONKIE!
[Thu Dec 18 00:36:57 2025 GMT]  (CM 2) shouts: OBJECTION!
[Thu Dec 18 00:36:57 2025 GMT] : 
[OOC][Thu Dec 18 00:37:01 2025 GMT] $: [❗] [3] YTTD/Anzu Kinashi action:
*She falls with the zombie*
[Thu Dec 18 00:37:01 2025 GMT] Anzu Kinashi: *She falls with the zombie*
[Thu Dec 18 00:37:05 2025 GMT] : Winnie effortlessly dispatches the zombie.
[OOC][Thu Dec 18 00:37:15 2025 GMT] [GM]CW: aw dang it 
[Thu Dec 18 00:37:19 2025 GMT] Max Form (Q-Taro): G-god... You alright Anzu? 
[OOC][Thu Dec 18 00:37:20 2025 GMT] [GM]CW: what did I say durability was? 5?
[OOC][Thu Dec 18 00:37:26 2025 GMT] Smiles: i think 6
[OOC][Thu Dec 18 00:37:30 2025 GMT] $: [❗] [3] YTTD/Anzu Kinashi action:
*She stares up at the dead zom from her position, clearly horrified. She's shaking.*
[Thu Dec 18 00:37:30 2025 GMT] Anzu Kinashi: *She stares up at the dead zom from her position, clearly horrified. She's shaking.*
[OOC][Thu Dec 18 00:37:30 2025 GMT] Smiles: so it should be five now
[OOC][Thu Dec 18 00:37:32 2025 GMT] [GM]CW: kk
[Thu Dec 18 00:37:39 2025 GMT] Anzu Kinashi: U-Uh...I....I....
[Thu Dec 18 00:37:48 2025 GMT] Aoi Todo (Todo): he like growled at you-
[Thu Dec 18 00:37:56 2025 GMT]   (CM 2) has played a song: suspense/[SH2] Fermata In Mistic Air.ogg
[OOC][Thu Dec 18 00:37:58 2025 GMT] $: [❗] [3] YTTD/Anzu Kinashi action:
*She stammers a bit and shoves the zombie off of her.*
[Thu Dec 18 00:37:58 2025 GMT] Anzu Kinashi: *She stammers a bit and shoves the zombie off of her.*
[Thu Dec 18 00:38:02 2025 GMT] Max Form (Q-Taro): C-calm down Anzu. Just... take a deep breath.
[OOC][Thu Dec 18 00:38:03 2025 GMT] $: [❗] [0] Winnie action:
*Checking the wound over despite the lack of any medical supplies.*
[Thu Dec 18 00:38:03 2025 GMT] Winnie (Chihiro): *Checking the wound over despite the lack of any medical supplies.*
[Thu Dec 18 00:38:07 2025 GMT] Aoi Todo (Todo): if only i had my todo tech!
[OOC][Thu Dec 18 00:38:23 2025 GMT] $: [❗] [1]   action:
[Her neck got scratched. It's not a deep wound but it looks painful.]
[Thu Dec 18 00:38:23 2025 GMT] : [Her neck got scratched. It's not a deep wound but it looks painful.]
[OOC][Thu Dec 18 00:38:27 2025 GMT] $: [❗] [3] YTTD/Anzu Kinashi action:
*She then takes Max's advice...taking a breath. Several, actually.*
[Thu Dec 18 00:38:27 2025 GMT] Anzu Kinashi: *She then takes Max's advice...taking a breath. Several, actually.*
[OOC][Thu Dec 18 00:38:41 2025 GMT] $: [❗] [2] Aoi Todo action:
[he searches his room for anything.......crafty]
[Thu Dec 18 00:38:41 2025 GMT] Aoi Todo (Todo): [he searches his room for anything.......crafty]
[Thu Dec 18 00:38:57 2025 GMT] Anzu Kinashi: ...I'm...I'm...g-glad, you're here Max.
[Thu Dec 18 00:39:04 2025 GMT] Anzu Kinashi: If it was just me here, then I...
[Thu Dec 18 00:39:06 2025 GMT] : Scavenge roll, beat a 6 @Todo
[OOC][Thu Dec 18 00:39:10 2025 GMT] $: [❗] [3] YTTD/Anzu Kinashi action:
*Shakes her head.*
[Thu Dec 18 00:39:10 2025 GMT] Anzu Kinashi: *Shakes her head.*
[OOC][Thu Dec 18 00:39:15 2025 GMT] $: Aoi Todo rolled 1:1+3=4 out of 6.
[Thu Dec 18 00:39:17 2025 GMT] Anzu Kinashi: ...s-shouldn't think about that...
[Thu Dec 18 00:39:18 2025 GMT] Max Form (Q-Taro): You''ll be alright. I'll make sure you don't get hurt again
[OOC][Thu Dec 18 00:39:26 2025 GMT] $: [❗] [2] Aoi Todo action:
[4]
[Thu Dec 18 00:39:26 2025 GMT] Aoi Todo (Todo): [4]
[Thu Dec 18 00:39:28 2025 GMT] Max Form (Q-Taro): Promise. Just stick close to me
[OOC][Thu Dec 18 00:39:31 2025 GMT] Smiles: bro CANNOT scavenge lol
[OOC][Thu Dec 18 00:39:36 2025 GMT] $: [❗] [3] YTTD/Anzu Kinashi action:
*She gets up slowly, slightly rubbing her neck.*
[Thu Dec 18 00:39:36 2025 GMT] Anzu Kinashi: *She gets up slowly, slightly rubbing her neck.*
[Thu Dec 18 00:40:04 2025 GMT] Anzu Kinashi: N-Normally I would be panicking right n-now that this could be infectious, but...
[Thu Dec 18 00:40:14 2025 GMT] Anzu Kinashi: I'm...gonna be hopeful.
[OOC][Thu Dec 18 00:40:23 2025 GMT] $: [❗] [0] Winnie action:
*Poking her head into the room that zombie came out of slowly to make sure nothing else bullies her for existing.*
[Thu Dec 18 00:40:23 2025 GMT] Winnie (Chihiro): *Poking her head into the room that zombie came out of slowly to make sure nothing else bullies her for existing.*
[Thu Dec 18 00:40:24 2025 GMT] Anzu Kinashi: At least, hopeful this isn't like every zombie movie I've watched.
[OOC][Thu Dec 18 00:40:28 2025 GMT] [GM]CW: zomboid experience:
[OOC][Thu Dec 18 00:40:30 2025 GMT] $: [❗] [2] Aoi Todo action:
[he leaves his room] are you okay friend?
[Thu Dec 18 00:40:30 2025 GMT] Aoi Todo (Todo): [he leaves his room] are you okay friend?
[OOC][Thu Dec 18 00:40:32 2025 GMT] [GM]CW: >gets scratched once
[OOC][Thu Dec 18 00:40:33 2025 GMT] [GM]CW: >fucking dies
[Thu Dec 18 00:40:47 2025 GMT] Anzu Kinashi: Okay? No. But...I'll manage.
[Thu Dec 18 00:40:58 2025 GMT] : }}}[W0] {{{You find a corpse of a woman researcher.
[Thu Dec 18 00:41:07 2025 GMT] : }}}[W0] {{{She has a bite wound on her neck.
[Thu Dec 18 00:41:10 2025 GMT] Aoi Todo (Todo): we're in this together. remember that
[OOC][Thu Dec 18 00:41:11 2025 GMT] $: [❗] [3] YTTD/Anzu Kinashi action:
B-But... |*She stares at the door again. Is there anything inside the room?*|
[Thu Dec 18 00:41:11 2025 GMT] Anzu Kinashi: B-But... |*She stares at the door again. Is there anything inside the room?*|
[OOC][Thu Dec 18 00:41:21 2025 GMT] $: [❗] [0] Winnie action:
*She staggers back and goes slightly green in the face.*
[Thu Dec 18 00:41:21 2025 GMT] Winnie (Chihiro): *She staggers back and goes slightly green in the face.*
[Thu Dec 18 00:41:37 2025 GMT] : }}}[W0] {{{~Danger sense. That woman is dangerous.
[Thu Dec 18 00:41:40 2025 GMT] Anzu Kinashi: It's...w-weird. It sounded so realistic...I t-though it was a baby...
[Thu Dec 18 00:41:42 2025 GMT] Winnie (Chihiro): Corpse. Corpse. Cooooorpse-
[OOC][Thu Dec 18 00:41:50 2025 GMT] $: [❗] [0] Winnie action:
*CLOSE THAT DOOR.*
[Thu Dec 18 00:41:50 2025 GMT] Winnie (Chihiro): *CLOSE THAT DOOR.*
[Thu Dec 18 00:41:52 2025 GMT]   (CM 2) has played a song: suspense/[SH4] Wounded Warsong.ogg
[Thu Dec 18 00:41:56 2025 GMT] Winnie (Chihiro): She's going to turn.
[OOC][Thu Dec 18 00:41:59 2025 GMT] $: [❗] [3] YTTD/Anzu Kinashi action:
*She looks down at what she sees with a...haunted expression.*
[Thu Dec 18 00:41:59 2025 GMT] Anzu Kinashi: *She looks down at what she sees with a...haunted expression.*
[Thu Dec 18 00:42:07 2025 GMT] Max Form (Q-Taro): W-what? The hell are you talking about?
[OOC][Thu Dec 18 00:42:08 2025 GMT] $: [❗] [2] Aoi Todo action:
[he steps in] AUGHHHH
[Thu Dec 18 00:42:08 2025 GMT] Aoi Todo (Todo): [he steps in] AUGHHHH
[Thu Dec 18 00:42:18 2025 GMT] Winnie (Chihiro): She's infected. The bites infect.
[Thu Dec 18 00:42:29 2025 GMT] Max Form (Q-Taro): S-She was scratched though!
[Thu Dec 18 00:42:37 2025 GMT] Anzu Kinashi: W-Winnie, I j-just said I was gonna be positive about this....
[OOC][Thu Dec 18 00:42:37 2025 GMT] $: [❗] [1]   action:
[Todo did you just go into the room to which Winnie closed the door?]
[Thu Dec 18 00:42:37 2025 GMT] : [Todo did you just go into the room to which Winnie closed the door?]
[Thu Dec 18 00:42:40 2025 GMT] Winnie (Chihiro): I sense danger around her. Stay away. I mean the corpse!
[Thu Dec 18 00:42:50 2025 GMT] Winnie (Chihiro): Not Anzu! The corpse!
[OOC][Thu Dec 18 00:42:53 2025 GMT] $: [❗] [2] Aoi Todo action:
[he got hit from her closing the door]
[Thu Dec 18 00:42:53 2025 GMT] Aoi Todo (Todo): [he got hit from her closing the door]
[OOC][Thu Dec 18 00:43:03 2025 GMT] $: [❗] [1]   action:
[You hear scratching on the door...
[Thu Dec 18 00:43:03 2025 GMT] : [You hear scratching on the door...
[OOC][Thu Dec 18 00:43:15 2025 GMT] $: [❗] [1]   action:
[The scream attracted zombies.]
[Thu Dec 18 00:43:15 2025 GMT] : [The scream attracted zombies.]
[Thu Dec 18 00:43:17 2025 GMT] Anzu Kinashi: B-But hey...if you're sure, I won't. I w-was just gonna search her...
[OOC][Thu Dec 18 00:43:19 2025 GMT] $: [❗] [2] Aoi Todo action:
[brb]
[Thu Dec 18 00:43:19 2025 GMT] Aoi Todo (Todo): [brb]
[Thu Dec 18 00:43:21 2025 GMT] Winnie (Chihiro): The corpse the corpse I meant the corpse I'm sorry-
[OOC][Thu Dec 18 00:43:28 2025 GMT] Rey: brb yall
[OOC][Thu Dec 18 00:43:29 2025 GMT] $: [❗] [3] YTTD/Anzu Kinashi action:
*She backs off and closes the door.*
[Thu Dec 18 00:43:29 2025 GMT] Anzu Kinashi: *She backs off and closes the door.*
[OOC][Thu Dec 18 00:43:32 2025 GMT] [GM]CW: Kk
[OOC][Thu Dec 18 00:43:33 2025 GMT] $: [❗] [5] Max Form action:
[Stabs the corpse in the head with the glass shard]
[Thu Dec 18 00:43:33 2025 GMT] Max Form (Q-Taro): [Stabs the corpse in the head with the glass shard]
[OOC][Thu Dec 18 00:43:46 2025 GMT] Smiles: i love the seventeen repetitive and contradicting actions
[OOC][Thu Dec 18 00:43:50 2025 GMT] $: [❗] [1]   action:
[Due to it being prone, Max manages to dispatch the woman safely.
[Thu Dec 18 00:43:50 2025 GMT] : [Due to it being prone, Max manages to dispatch the woman safely.
[OOC][Thu Dec 18 00:43:53 2025 GMT] [GM]CW: hahaha
[Thu Dec 18 00:44:04 2025 GMT] Anzu Kinashi: ...o-okay, nevermind.
[Thu Dec 18 00:44:07 2025 GMT]   (CM 2) has stopped the music: 
[OOC][Thu Dec 18 00:44:08 2025 GMT] $: [❗] [1]   action:
[Problem. Max was holding the south door shut.
[Thu Dec 18 00:44:08 2025 GMT] : [Problem. Max was holding the south door shut.
[OOC][Thu Dec 18 00:44:14 2025 GMT] $: [❗] [1]   action:
[Noise attracts zombies.
[Thu Dec 18 00:44:14 2025 GMT] : [Noise attracts zombies.
[Thu Dec 18 00:44:17 2025 GMT] : Therefoooreeee...
[Thu Dec 18 00:44:24 2025 GMT] : 
[Thu Dec 18 00:44:27 2025 GMT]   (CM 2) has played a song: suspense/[SHDP] Dont Go In The Basement.ogg
[OOC][Thu Dec 18 00:44:28 2025 GMT] $: [❗] [0] Winnie action:
*She races to the door to do ANYTHING to hold it shut-*
[Thu Dec 18 00:44:28 2025 GMT] Winnie (Chihiro): *She races to the door to do ANYTHING to hold it shut-*
[Thu Dec 18 00:44:28 2025 GMT] Max Form (Q-Taro): ... You've gotta be fucking with me
[OOC][Thu Dec 18 00:44:35 2025 GMT] $: [❗] [5] Max Form action:
[Pulls her back]
[Thu Dec 18 00:44:35 2025 GMT] Max Form (Q-Taro): [Pulls her back]
[OOC][Thu Dec 18 00:44:37 2025 GMT] $: [❗] [0] Winnie action:
*Well fuck.*
[Thu Dec 18 00:44:37 2025 GMT] Winnie (Chihiro): *Well fuck.*
[Thu Dec 18 00:44:41 2025 GMT] : Level 1 horde composed of about 4 zombies approach.
[OOC][Thu Dec 18 00:44:42 2025 GMT] $: [❗] [3] YTTD/Anzu Kinashi action:
*OKAY SHE'S SEARCHING THE WOMAN NOW THAT SHE'S DEAD.*
[Thu Dec 18 00:44:43 2025 GMT] Anzu Kinashi: *OKAY SHE'S SEARCHING THE WOMAN NOW THAT SHE'S DEAD.*
[OOC][Thu Dec 18 00:44:56 2025 GMT] $: [❗] [1]   action:
[Gotta do it on your turn BUCKAROO
[Thu Dec 18 00:44:56 2025 GMT] : [Gotta do it on your turn BUCKAROO
[Thu Dec 18 00:45:05 2025 GMT]   (CM 2) has played a song: tension/[SH3] Flower Crown Of Poppy.ogg
[OOC][Thu Dec 18 00:45:07 2025 GMT] $: [❗] [2] Aoi Todo action:
[now im back]
[Thu Dec 18 00:45:07 2025 GMT] Aoi Todo (Todo): [now im back]
[OOC][Thu Dec 18 00:45:07 2025 GMT] $: [❗] [5] Max Form action:
[Holding the glass shard] Anyone got a better weapon? This thing is gonna break
[Thu Dec 18 00:45:07 2025 GMT] Max Form (Q-Taro): [Holding the glass shard] Anyone got a better weapon? This thing is gonna break
[Thu Dec 18 00:45:14 2025 GMT] : Max Form's turn.
[OOC][Thu Dec 18 00:45:17 2025 GMT] Smiles: Hi Rey we are fighting zonkers now
[Thu Dec 18 00:45:22 2025 GMT] : ~~COMBAT AGAINST LEVEL 1 HORDE, 4 HP, 2 turns.
[OOC][Thu Dec 18 00:45:25 2025 GMT] RJ: Is passing items a turn?
[OOC][Thu Dec 18 00:45:28 2025 GMT] [GM]CW: Yes
[OOC][Thu Dec 18 00:45:32 2025 GMT] [GM]CW: Fast action
[OOC][Thu Dec 18 00:45:34 2025 GMT] [GM]CW: you have 3 AP right now
[OOC][Thu Dec 18 00:45:35 2025 GMT] RJ: How close are the zombies?
[Thu Dec 18 00:45:42 2025 GMT] Anzu Kinashi: W-Well...I DO have that gun. N-Not that I've ever held a gun in my life before.
[OOC][Thu Dec 18 00:45:44 2025 GMT] [GM]CW: Slow Actions cost 2 AP
Fast Actions cost 1 AP
[Thu Dec 18 00:45:52 2025 GMT] : The zombies are at Medium Range
[Thu Dec 18 00:45:57 2025 GMT] Max Form (Q-Taro): Have at me ya walking pile of bones!
[Thu Dec 18 00:46:15 2025 GMT] Aoi Todo (Todo): those damn zonkies
[OOC][Thu Dec 18 00:46:16 2025 GMT] $: [❗] [5] Max Form action:
[One action to approach, one action to stab, one action to step back]
[Thu Dec 18 00:46:16 2025 GMT] Max Form (Q-Taro): [One action to approach, one action to stab, one action to step back]
[OOC][Thu Dec 18 00:46:26 2025 GMT] RJ: Like that right?
[OOC][Thu Dec 18 00:46:31 2025 GMT] Smiles: well shit idk what to even do here
[OOC][Thu Dec 18 00:46:35 2025 GMT] $: [❗] [1]   action:
[you gotta be in Engaged Range for this weapon. 2 Action s to step close :)
[Thu Dec 18 00:46:35 2025 GMT] : [you gotta be in Engaged Range for this weapon. 2 Action s to step close :)
[OOC][Thu Dec 18 00:46:54 2025 GMT] $: [❗] [5] Max Form action:
[Damn]
[Thu Dec 18 00:46:54 2025 GMT] Max Form (Q-Taro): [Damn]
[OOC][Thu Dec 18 00:47:00 2025 GMT] $: [❗] [5] Max Form action:
[WE BALL!]
[Thu Dec 18 00:47:00 2025 GMT] Max Form (Q-Taro): [WE BALL!]
[OOC][Thu Dec 18 00:47:05 2025 GMT] $: [❗] [1]   action:
[You go for it
[Thu Dec 18 00:47:05 2025 GMT] : [You go for it
[Thu Dec 18 00:47:06 2025 GMT] : ?
[OOC][Thu Dec 18 00:47:09 2025 GMT] $: [❗] [5] Max Form action:
[Yes]
[Thu Dec 18 00:47:09 2025 GMT] Max Form (Q-Taro): [Yes]
[Thu Dec 18 00:47:13 2025 GMT]   (CM 2) has played a song: tension/[SH2] The Darkness That Lurks In Our Mind.ogg
[OOC][Thu Dec 18 00:47:30 2025 GMT] [GM]CW: To attack, a Survivor must have a weapon. Weapons have defined attributes and its difficulty check, damage, range, and special effects detailed in their item descriptions.

[OOC][Thu Dec 18 00:47:37 2025 GMT] [GM]CW: a DIY shank
1 DMG
2 durability 
Range: Engaged

[OOC][Thu Dec 18 00:47:43 2025 GMT] Rey: what if todo takes a gun
[OOC][Thu Dec 18 00:47:50 2025 GMT] [GM]CW: Ok your DC for the shard is 6
[OOC][Thu Dec 18 00:47:52 2025 GMT] [GM]CW: roll form
[OOC][Thu Dec 18 00:47:55 2025 GMT] $: Max Form rolled 5:5+5=10 out of 6.
[OOC][Thu Dec 18 00:48:00 2025 GMT] Smiles: he probably should lol given guns are usually tech rolls
[OOC][Thu Dec 18 00:48:05 2025 GMT] $: [❗] [1]   action:
[You dispatch of a single zombie. -1 HP]
[Thu Dec 18 00:48:05 2025 GMT] : [You dispatch of a single zombie. -1 HP]
[Thu Dec 18 00:48:10 2025 GMT] : 3 HP remain on the zombies.
[Thu Dec 18 00:48:28 2025 GMT] Max Form (Q-Taro): No mussle all skin and bone
[Thu Dec 18 00:48:33 2025 GMT] : Anzu's turn
[Thu Dec 18 00:48:35 2025 GMT] Max Form (Q-Taro): HAVE AT ME!
[OOC][Thu Dec 18 00:48:42 2025 GMT] [GM]CW: Aoi next, then Winnie
[OOC][Thu Dec 18 00:48:44 2025 GMT] [GM]CW: after Anzu
[OOC][Thu Dec 18 00:49:01 2025 GMT] RJ: Anzu I need to get an injury for that +6 form
[OOC][Thu Dec 18 00:49:14 2025 GMT] $: [❗] [3] YTTD/Anzu Kinashi action:
*Priorities. She pulls out the gun. Does she trust herself that she can kill with it? No.*
[Thu Dec 18 00:49:14 2025 GMT] Anzu Kinashi: *Priorities. She pulls out the gun. Does she trust herself that she can kill with it? No.*
[OOC][Thu Dec 18 00:49:22 2025 GMT] $: [❗] [3] YTTD/Anzu Kinashi action:
*But when there's a will, there's a way.*
[Thu Dec 18 00:49:22 2025 GMT] Anzu Kinashi: *But when there's a will, there's a way.*
[OOC][Thu Dec 18 00:49:37 2025 GMT] $: [❗] [3] YTTD/Anzu Kinashi action:
*Let's see if she can shoot the head of at least one zombie.*
[Thu Dec 18 00:49:37 2025 GMT] Anzu Kinashi: *Let's see if she can shoot the head of at least one zombie.*
[OOC][Thu Dec 18 00:49:47 2025 GMT] Smiles: why does winnie have a better gun firing stat than most of us
[OOC][Thu Dec 18 00:49:53 2025 GMT] $: [❗] [1]   action:
[har har roll Tech, beat a 6 to hit a zombie at this distance.]
[Thu Dec 18 00:49:53 2025 GMT] : [har har roll Tech, beat a 6 to hit a zombie at this distance.]
[Thu Dec 18 00:49:56 2025 GMT]   (CM 2) has played a song: tension/[SH2] Betrayal.ogg
[OOC][Thu Dec 18 00:50:08 2025 GMT] $: YTTD/Anzu Kinashi rolled 5:5+1=6 out of 6.
[OOC][Thu Dec 18 00:50:12 2025 GMT] Geck: HA
[OOC][Thu Dec 18 00:50:15 2025 GMT] Geck: PRO STRATS
[Thu Dec 18 00:50:15 2025 GMT] : 
[OOC][Thu Dec 18 00:50:17 2025 GMT] Smiles: anzu clutch
[OOC][Thu Dec 18 00:50:20 2025 GMT] $: [❗] [1]   action:
[You dispatch of a zombie. 2 HP left.]
[Thu Dec 18 00:50:20 2025 GMT] : [You dispatch of a zombie. 2 HP left.]
[OOC][Thu Dec 18 00:50:22 2025 GMT] RJ: As long as everyone does 1 damage, we're good
[OOC][Thu Dec 18 00:50:33 2025 GMT] $: [❗] [1]   action:
[1 AP left]
[Thu Dec 18 00:50:33 2025 GMT] : [1 AP left]
[Thu Dec 18 00:50:41 2025 GMT] Anzu Kinashi: W-Wow...I...d-didn't think I could actually do that...
[OOC][Thu Dec 18 00:50:53 2025 GMT] [GM]CW: You have a fast action left
[OOC][Thu Dec 18 00:50:55 2025 GMT] RJ: Pass the gun to todo? He can use it for SURE next turn
[OOC][Thu Dec 18 00:50:56 2025 GMT] [GM]CW: (1 AP)
[OOC][Thu Dec 18 00:51:03 2025 GMT] Smiles: so i could just run up when one is left and go shank?
[OOC][Thu Dec 18 00:51:13 2025 GMT] Smiles: hand the gun to todo he should be guaranteed to hit
[OOC][Thu Dec 18 00:51:21 2025 GMT] [GM]CW: Yah Winnie, Anzu and Todo are all close while Max is tanking Zombies
[Thu Dec 18 00:51:32 2025 GMT] Anzu Kinashi: U-Um...I have doubts I could repeat that, though....
[OOC][Thu Dec 18 00:51:40 2025 GMT] $: [❗] [3] YTTD/Anzu Kinashi action:
*She looks unsure.*
[Thu Dec 18 00:51:40 2025 GMT] Anzu Kinashi: *She looks unsure.*
[Thu Dec 18 00:51:46 2025 GMT] Aoi Todo (Todo): lend it to me my friend
[OOC][Thu Dec 18 00:51:46 2025 GMT] $: [❗] [3] YTTD/Anzu Kinashi action:
*She looks at the gun again*
[Thu Dec 18 00:51:46 2025 GMT] Anzu Kinashi: *She looks at the gun again*
[OOC][Thu Dec 18 00:51:55 2025 GMT] [GM]CW: timer until your turn runs out
[Thu Dec 18 00:51:58 2025 GMT] Anzu Kinashi: ...y-yeah, you're probably better with this than me.
[OOC][Thu Dec 18 00:52:04 2025 GMT] $: [❗] [3] YTTD/Anzu Kinashi action:
*She gives Todo the gun.*
[Thu Dec 18 00:52:04 2025 GMT] Anzu Kinashi: *She gives Todo the gun.*
[OOC][Thu Dec 18 00:52:07 2025 GMT] $: [❗] [3] YTTD/Anzu Kinashi action:
*And ammo.*
[Thu Dec 18 00:52:07 2025 GMT] Anzu Kinashi: *And ammo.*
[OOC][Thu Dec 18 00:52:10 2025 GMT] $: [❗] [1]   action:
[Todo has the gun now.]
[Thu Dec 18 00:52:10 2025 GMT] : [Todo has the gun now.]
[Thu Dec 18 00:52:15 2025 GMT] : Todo's turn.
[OOC][Thu Dec 18 00:52:25 2025 GMT] $: [❗] [2] Aoi Todo action:
[he takes the gun and loads it with ammo if it doesnt have anymore]
[Thu Dec 18 00:52:25 2025 GMT] Aoi Todo (Todo): [he takes the gun and loads it with ammo if it doesnt have anymore]
[Thu Dec 18 00:52:37 2025 GMT] Aoi Todo (Todo): NO ONE HURTS MY FRIENDS
[OOC][Thu Dec 18 00:52:43 2025 GMT] Smiles: he should autopass the shooting roll
[OOC][Thu Dec 18 00:52:44 2025 GMT] $: [❗] [1]   action:
[It does have a full mag of ammo]
[Thu Dec 18 00:52:44 2025 GMT] : [It does have a full mag of ammo]
[OOC][Thu Dec 18 00:52:47 2025 GMT] [GM]CW: LOL
[OOC][Thu Dec 18 00:52:49 2025 GMT] [GM]CW: Yah he does
[OOC][Thu Dec 18 00:52:59 2025 GMT] [GM]CW: That's 2 HP left
[OOC][Thu Dec 18 00:53:00 2025 GMT] Geck: it has 11/12 so
[OOC][Thu Dec 18 00:53:09 2025 GMT] $: [❗] [2] Aoi Todo action:
[in that case he just fires, aiming to kill in one shot]
[Thu Dec 18 00:53:09 2025 GMT] Aoi Todo (Todo): [in that case he just fires, aiming to kill in one shot]
[OOC][Thu Dec 18 00:53:12 2025 GMT] Geck: it's pointless you reloading
[Thu Dec 18 00:53:16 2025 GMT] : 
[OOC][Thu Dec 18 00:53:16 2025 GMT] Smiles: this is what we need a tech specialist for
[OOC][Thu Dec 18 00:53:19 2025 GMT] Geck: you'll just throw a whole magazine away lol
[Thu Dec 18 00:53:20 2025 GMT] : 1 HP left.
[Thu Dec 18 00:53:23 2025 GMT] : Winnie;'s turn.
[OOC][Thu Dec 18 00:53:39 2025 GMT] $: [❗] [0] Winnie action:
*She darts behind the remaining one and goes SHANK*
[Thu Dec 18 00:53:39 2025 GMT] Winnie (Chihiro): *She darts behind the remaining one and goes SHANK*
[OOC][Thu Dec 18 00:53:41 2025 GMT] Rey: no thats only if it was empty
[OOC][Thu Dec 18 00:53:50 2025 GMT] Rey: todo is smart like that so he always checks
[Thu Dec 18 00:53:51 2025 GMT] : }}}[W0] {{{~~~Danger.
[Thu Dec 18 00:54:13 2025 GMT] : WInnie dispatches of the last zombie.
[Thu Dec 18 00:54:14 2025 GMT]   (CM 2) has stopped the music: 
[OOC][Thu Dec 18 00:54:15 2025 GMT] $: [❗] [0] Winnie action:
*And also makes a face of dread in the process.*
[Thu Dec 18 00:54:15 2025 GMT] Winnie (Chihiro): *And also makes a face of dread in the process.*
[OOC][Thu Dec 18 00:54:25 2025 GMT] $: Winnie rolled 3:3+5=8 out of 6.
[Thu Dec 18 00:54:34 2025 GMT] : ~~~Zombies turn. Level 4 horde pours in from behind, from the rec room.
[Thu Dec 18 00:54:37 2025 GMT]   (CM 2) has played a song: crisis and action/[SH2] Ashes and Ghost.ogg
[Thu Dec 18 00:54:42 2025 GMT] Max Form (Q-Taro): WHAT THE FUCK?!
[OOC][Thu Dec 18 00:54:44 2025 GMT] $: [❗] [1]   action:
[6 HP]
[Thu Dec 18 00:54:44 2025 GMT] : [6 HP]
[Thu Dec 18 00:54:45 2025 GMT] Winnie (Chihiro): . . .
[Thu Dec 18 00:54:53 2025 GMT] Aoi Todo (Todo): SHITTTT
[Thu Dec 18 00:54:53 2025 GMT] Winnie (Chihiro): Help me.
[OOC][Thu Dec 18 00:55:05 2025 GMT] $: [❗] [1]   action:
[Winnie and Max are in front of the door leading to the "wind room"
[Thu Dec 18 00:55:05 2025 GMT] : [Winnie and Max are in front of the door leading to the "wind room"
[Thu Dec 18 00:55:11 2025 GMT] Anzu Kinashi: ...I'm not very reassured to know that this IS in fact the same corridor we met each other in now.
[Thu Dec 18 00:55:14 2025 GMT] : They hear shambling..
[OOC][Thu Dec 18 00:55:14 2025 GMT] RJ: The wind room?
[Thu Dec 18 00:55:22 2025 GMT] Max Form (Q-Taro): I can take them
[Thu Dec 18 00:55:30 2025 GMT] : Zombies from behind you close distance, and are now at Short Range.
[Thu Dec 18 00:55:35 2025 GMT] Max Form (Q-Taro): I-I just need a weapon.
[OOC][Thu Dec 18 00:55:36 2025 GMT] Smiles: does my perk go before or after the roll
[Thu Dec 18 00:55:42 2025 GMT] : 2 Shamblers, a Level 1 horde at 2 HP, approaches Winnie and Max, standing face-to-face.
[Thu Dec 18 00:56:03 2025 GMT] : Survivor Turn
[OOC][Thu Dec 18 00:56:06 2025 GMT] [GM]CW: You didn't get grabbed
[OOC][Thu Dec 18 00:56:19 2025 GMT] RJ: Back to Max?
[OOC][Thu Dec 18 00:56:25 2025 GMT] [GM]CW: Also @winnie it's an action that costs
[OOC][Thu Dec 18 00:56:30 2025 GMT] [GM]CW: You need to ask people in front of you to Pass
[OOC][Thu Dec 18 00:56:31 2025 GMT] [GM]CW: So you can buff them
[Thu Dec 18 00:56:35 2025 GMT] : Max's turn.
[OOC][Thu Dec 18 00:56:47 2025 GMT] Smiles: dang no reactions in this system
[OOC][Thu Dec 18 00:56:51 2025 GMT] [GM]CW: yah lol
[OOC][Thu Dec 18 00:57:05 2025 GMT] $: [❗] [5] Max Form action:
Pass me a weapon. I can only use this shard one time [Goes for the stab with the shard]
[Thu Dec 18 00:57:05 2025 GMT] Max Form (Q-Taro): Pass me a weapon. I can only use this shard one time [Goes for the stab with the shard]
[OOC][Thu Dec 18 00:57:13 2025 GMT] RJ: to the lv1 horde
[OOC][Thu Dec 18 00:57:29 2025 GMT] $: [❗] [1]   action:
[You're engaged with the 2 HP zombies. -1 HP if you beat dc6 ]
[Thu Dec 18 00:57:29 2025 GMT] : [You're engaged with the 2 HP zombies. -1 HP if you beat dc6 ]
[OOC][Thu Dec 18 00:57:33 2025 GMT] $: [❗] [1]   action:
[Automatic success.]
[Thu Dec 18 00:57:33 2025 GMT] : [Automatic success.]
[OOC][Thu Dec 18 00:57:39 2025 GMT] $: [❗] [1]   action:
[Your shank breaks!
[Thu Dec 18 00:57:39 2025 GMT] : [Your shank breaks!
[Thu Dec 18 00:57:49 2025 GMT] Max Form (Q-Taro): OI! Winnie pass me the knife then run
[Thu Dec 18 00:57:57 2025 GMT] : Anzu turn
[OOC][Thu Dec 18 00:58:08 2025 GMT] RJ: Don't I have more turns?
[Thu Dec 18 00:58:12 2025 GMT] Anzu Kinashi: A-And where are we running to, exactly?!
[Thu Dec 18 00:58:23 2025 GMT] Max Form (Q-Taro): Just... further while I take them out
[OOC][Thu Dec 18 00:58:24 2025 GMT] [GM]CW: You used 1 fast action to get in Engaged range
[OOC][Thu Dec 18 00:58:27 2025 GMT] $: [❗] [3] YTTD/Anzu Kinashi action:
*She's eyeing up Room 36 again...*
[Thu Dec 18 00:58:27 2025 GMT] Anzu Kinashi: *She's eyeing up Room 36 again...*
[OOC][Thu Dec 18 00:58:30 2025 GMT] [GM]CW: then used 2 AP (slow action) to shnak
[OOC][Thu Dec 18 00:58:39 2025 GMT] RJ: Alright
[Thu Dec 18 00:58:52 2025 GMT] Anzu Kinashi: ...I'm n-not...v-very confident...
[OOC][Thu Dec 18 00:58:55 2025 GMT] Rey: i thought they were in close quarters-
[OOC][Thu Dec 18 00:59:03 2025 GMT] [GM]CW: To explain
[OOC][Thu Dec 18 00:59:09 2025 GMT] Smiles: is it 2ap to throw something
[OOC][Thu Dec 18 00:59:11 2025 GMT] [GM]CW: "Short Range" is still 1 step taken to attack
[OOC][Thu Dec 18 00:59:17 2025 GMT] [GM]CW: Yes 2 AP to throw
[OOC][Thu Dec 18 00:59:19 2025 GMT] Rey: interesting
[OOC][Thu Dec 18 00:59:20 2025 GMT] $: [❗] [3] YTTD/Anzu Kinashi action:
*She'll enter Room 36 again...and grab the weapon she saw there!*
[Thu Dec 18 00:59:20 2025 GMT] Anzu Kinashi: *She'll enter Room 36 again...and grab the weapon she saw there!*
[Thu Dec 18 00:59:29 2025 GMT] : Equipped.
[Thu Dec 18 00:59:33 2025 GMT] : 3 AP cost
[Thu Dec 18 00:59:42 2025 GMT] : Aoi's turn
[OOC][Thu Dec 18 00:59:58 2025 GMT] $: [❗] [2] Aoi Todo action:
[uh where is there more bad guys?]
[Thu Dec 18 00:59:58 2025 GMT] Aoi Todo (Todo): [uh where is there more bad guys?]
[Thu Dec 18 01:00:02 2025 GMT] : Behind you
[Thu Dec 18 01:00:10 2025 GMT] : The level 4 group at 6 HP
[Thu Dec 18 01:00:20 2025 GMT] Anzu Kinashi: T-This is big, but...I think I can get more use out of it than a gun.
[Thu Dec 18 01:00:21 2025 GMT] : This group gets 3 actions on their turn
[OOC][Thu Dec 18 01:00:24 2025 GMT] $: [❗] [2] Aoi Todo action:
[he fires at them then to avoid death?]
[Thu Dec 18 01:00:24 2025 GMT] Aoi Todo (Todo): [he fires at them then to avoid death?]
[Thu Dec 18 01:00:34 2025 GMT] : 5 HP
[Thu Dec 18 01:00:37 2025 GMT] : Still level 4
[Thu Dec 18 01:00:41 2025 GMT] : -1 HP to downgrade
[Thu Dec 18 01:00:48 2025 GMT] : Anzu's turn.
[OOC][Thu Dec 18 01:00:51 2025 GMT] Geck: me when I was just gonna hide in the room and shut the door
[OOC][Thu Dec 18 01:01:00 2025 GMT] [GM]CW: LOL
[OOC][Thu Dec 18 01:01:08 2025 GMT] [GM]CW: You are in the room right now
[OOC][Thu Dec 18 01:01:11 2025 GMT] Geck: also it's my turn again?
[Thu Dec 18 01:01:15 2025 GMT] : my bad
[OOC][Thu Dec 18 01:01:17 2025 GMT] Geck: Winnie hasn't moved
[Thu Dec 18 01:01:27 2025 GMT] : Winnie's turn.
[OOC][Thu Dec 18 01:01:33 2025 GMT] [GM]CW: Thx for the correction
[OOC][Thu Dec 18 01:01:39 2025 GMT] [GM]CW: Closing the door costs 1 AP LOL
[OOC][Thu Dec 18 01:01:50 2025 GMT] Geck: yeah that would've just been my turn
[Thu Dec 18 01:01:53 2025 GMT] : Whatchu do winster.
[OOC][Thu Dec 18 01:01:55 2025 GMT] Geck: move in room > shut door
[OOC][Thu Dec 18 01:01:57 2025 GMT] $: [❗] [0] Winnie action:
*She hands Mr. Shit Ton of Form the knife and moves as far away as there are points to.*
[Thu Dec 18 01:01:57 2025 GMT] Winnie (Chihiro): *She hands Mr. Shit Ton of Form the knife and moves as far away as there are points to.*
[OOC][Thu Dec 18 01:02:13 2025 GMT] $: [❗] [1]   action:
[Far away being where. Which direction.]
[Thu Dec 18 01:02:13 2025 GMT] : [Far away being where. Which direction.]
[OOC][Thu Dec 18 01:02:28 2025 GMT] $: [❗] [0] Winnie action:
*Either direction of the hallway works???*
[Thu Dec 18 01:02:28 2025 GMT] Winnie (Chihiro): *Either direction of the hallway works???*
[OOC][Thu Dec 18 01:02:37 2025 GMT] $: [❗] [0] Winnie action:
*My mind theater has terrible lighting*
[Thu Dec 18 01:02:37 2025 GMT] Winnie (Chihiro): *My mind theater has terrible lighting*
[OOC][Thu Dec 18 01:02:42 2025 GMT] Geck: Winnie runs towards the level 4 horder
[OOC][Thu Dec 18 01:02:43 2025 GMT] $: [❗] [1]   action:
[You are at the end of the hallway right now, south, where the wind door is.]
[Thu Dec 18 01:02:43 2025 GMT] : [You are at the end of the hallway right now, south, where the wind door is.]
[OOC][Thu Dec 18 01:02:46 2025 GMT] Geck: ultimate funny
[OOC][Thu Dec 18 01:02:51 2025 GMT] $: [❗] [1]   action:
[THe horde is behind you at level 4, they're at long distance from you
[Thu Dec 18 01:02:51 2025 GMT] : [THe horde is behind you at level 4, they're at long distance from you
[OOC][Thu Dec 18 01:03:08 2025 GMT] Smiles: i legit am failing to picture what is happening here
[OOC][Thu Dec 18 01:03:14 2025 GMT] $: [❗] [1]   action:
[They're at Short Distance from the rest of your crew
[Thu Dec 18 01:03:14 2025 GMT] : [They're at Short Distance from the rest of your crew
[OOC][Thu Dec 18 01:03:18 2025 GMT] Smiles: is my turn over
[OOC][Thu Dec 18 01:03:20 2025 GMT] [GM]CW: Nope
[OOC][Thu Dec 18 01:03:21 2025 GMT] RJ: Both sides enemies
[OOC][Thu Dec 18 01:03:22 2025 GMT] [GM]CW: Asking oyu what to do
[OOC][Thu Dec 18 01:03:33 2025 GMT] Smiles: so there's no way to move away from them?
[OOC][Thu Dec 18 01:03:33 2025 GMT] [GM]CW: You guys dispatched of the horde that poured in from the wind door
[OOC][Thu Dec 18 01:03:40 2025 GMT] [GM]CW: So the wind door is clear
[OOC][Thu Dec 18 01:03:48 2025 GMT] [GM]CW: But there's also a level 4 horde from behind you
[OOC][Thu Dec 18 01:03:51 2025 GMT] [GM]CW: That is pouring in from the recr oom
[OOC][Thu Dec 18 01:03:54 2025 GMT] Rey: so todo is in trouble!
[OOC][Thu Dec 18 01:03:59 2025 GMT] $: [❗] [0] Winnie action:
*God fuck why can't I picture what's happening here???*
[Thu Dec 18 01:03:59 2025 GMT] Winnie (Chihiro): *God fuck why can't I picture what's happening here???*
[OOC][Thu Dec 18 01:04:00 2025 GMT] [GM]CW: Todo and Anzu are in trouble
[OOC][Thu Dec 18 01:04:04 2025 GMT] [GM]CW: Winnie and Max are fine
[Thu Dec 18 01:04:10 2025 GMT] : Check this out
[OOC][Thu Dec 18 01:04:13 2025 GMT] Geck: winnie hours
[OOC][Thu Dec 18 01:04:18 2025 GMT] $: [❗] [0] Winnie action:
*Do I have actions to use the perk???*
[Thu Dec 18 01:04:18 2025 GMT] Winnie (Chihiro): *Do I have actions to use the perk???*
[OOC][Thu Dec 18 01:04:36 2025 GMT] $: [❗] [1]   action:
[DOOR][LVL4 HORDE] . . Todo & Anzu . Winnie and Max [DOOR]
[Thu Dec 18 01:04:36 2025 GMT] : [DOOR][LVL4 HORDE] . . Todo & Anzu . Winnie and Max [DOOR]
[OOC][Thu Dec 18 01:04:45 2025 GMT] $: [❗] [1]   action:
[Yes]
[Thu Dec 18 01:04:45 2025 GMT] : [Yes]
[OOC][Thu Dec 18 01:04:52 2025 GMT] $: [❗] [1]   action:
[You may use the perk and buff your team next turn]
[Thu Dec 18 01:04:52 2025 GMT] : [You may use the perk and buff your team next turn]
[OOC][Thu Dec 18 01:05:24 2025 GMT] $: [❗] [0] Winnie action:
*To Aoi!* Careful! *Perk go brrrrrrrr!*
[Thu Dec 18 01:05:24 2025 GMT] Winnie (Chihiro): *To Aoi!* Careful! *Perk go brrrrrrrr!*
[Thu Dec 18 01:05:27 2025 GMT]   (CM 2) has played a song: crisis and action/[CP] Kizami's Awakening.ogg
[OOC][Thu Dec 18 01:05:38 2025 GMT] $: [❗] [1]   action:
[Aoi will get +2 bonus to endurance now.
[Thu Dec 18 01:05:38 2025 GMT] : [Aoi will get +2 bonus to endurance now.
[Thu Dec 18 01:06:02 2025 GMT] : ZOMBIES TURN.
[Thu Dec 18 01:06:07 2025 GMT] : gHURUghhhghghhhghghgdhghlkffgjhlsjhkld
[OOC][Thu Dec 18 01:06:20 2025 GMT] $: [❗] [1]   action:
[2 actions to close distance...]
[Thu Dec 18 01:06:20 2025 GMT] : [2 actions to close distance...]
[Thu Dec 18 01:06:28 2025 GMT] Aoi Todo (Todo): COME FACE THE TODO WRATH ZONKS
[Thu Dec 18 01:06:38 2025 GMT] : ~And they attack both Todo and Anzu. Anzu can't escape now due to being in the room.
[Thu Dec 18 01:06:42 2025 GMT] Anzu Kinashi: S-STAY AWAY FROM MEEEEEE!!
[Thu Dec 18 01:07:03 2025 GMT] Aoi Todo (Todo): GET OFF ME
[Thu Dec 18 01:07:14 2025 GMT] : ~~~Zombies roll attack. 1d6 + 4
[OOC][Thu Dec 18 01:07:18 2025 GMT] $:   rolled 6:6+4=10 out of 6.
[OOC][Thu Dec 18 01:07:22 2025 GMT] RJ: WTF
[OOC][Thu Dec 18 01:07:22 2025 GMT] Rey: uh oh
[OOC][Thu Dec 18 01:07:23 2025 GMT] [GM]CW: LOL
[OOC][Thu Dec 18 01:07:24 2025 GMT] Smiles: what the FUCK
[OOC][Thu Dec 18 01:07:31 2025 GMT] Smiles: bro they are locked IN
[OOC][Thu Dec 18 01:07:33 2025 GMT] $: [❗] [1]   action:
[ROLL ENDURANCE TO BEAT THIS HOHO]
[Thu Dec 18 01:07:33 2025 GMT] : [ROLL ENDURANCE TO BEAT THIS HOHO]
[OOC][Thu Dec 18 01:07:41 2025 GMT] $: [❗] [1]   action:
[Todo rolls +5]
[Thu Dec 18 01:07:41 2025 GMT] : [Todo rolls +5]
[OOC][Thu Dec 18 01:07:43 2025 GMT] $: YTTD/Anzu Kinashi rolled 4:4+4=8 out of 6.
[OOC][Thu Dec 18 01:07:46 2025 GMT] [GM]CW: Close
[OOC][Thu Dec 18 01:07:47 2025 GMT] $: Aoi Todo rolled 2:2+5=7 out of 6.
[OOC][Thu Dec 18 01:07:54 2025 GMT] Geck: nice 2
[OOC][Thu Dec 18 01:07:58 2025 GMT] [GM]CW: hooo boy
[OOC][Thu Dec 18 01:07:59 2025 GMT] RJ: Nice
[OOC][Thu Dec 18 01:08:01 2025 GMT] $: [❗] [2] Aoi Todo action:
[he might be cooked]
[Thu Dec 18 01:08:01 2025 GMT] Aoi Todo (Todo): [he might be cooked]
[OOC][Thu Dec 18 01:08:02 2025 GMT] Smiles: first use of my perk and it does nothing to help
[Thu Dec 18 01:08:03 2025 GMT]  (CM 2) shouts: OBJECTION!
[Thu Dec 18 01:08:03 2025 GMT] : 
[Thu Dec 18 01:08:04 2025 GMT]  (CM 2) shouts: OBJECTION!
[Thu Dec 18 01:08:04 2025 GMT] : 
[OOC][Thu Dec 18 01:08:09 2025 GMT] $: [❗] [5] Max Form action:
O-Oi look out Annie! [Protective instinct on Anzu]
[Thu Dec 18 01:08:09 2025 GMT] Max Form (Q-Taro): O-Oi look out Annie! [Protective instinct on Anzu]
[Thu Dec 18 01:08:13 2025 GMT] Aoi Todo (Todo): FUCKKK
[Thu Dec 18 01:08:16 2025 GMT] Anzu Kinashi: AAAAAAAA-
[Thu Dec 18 01:08:16 2025 GMT] Winnie (Chihiro): Oh crap OOOOOOOOOH crap-!!
[OOC][Thu Dec 18 01:08:27 2025 GMT] $: [❗] [1]   action:
[Max Form's perk did not specify he had to be close]
[Thu Dec 18 01:08:27 2025 GMT] : [Max Form's perk did not specify he had to be close]
[OOC][Thu Dec 18 01:08:37 2025 GMT] $: [❗] [1]   action:
[He does a mad dash to protect Anzu and takes the hit for her!]
[Thu Dec 18 01:08:37 2025 GMT] : [He does a mad dash to protect Anzu and takes the hit for her!]
[OOC][Thu Dec 18 01:08:54 2025 GMT] $: [❗] [1]   action:
[Indeterminate damage. Everyone is now at "Worry" danger level.]
[Thu Dec 18 01:08:54 2025 GMT] : [Indeterminate damage. Everyone is now at "Worry" danger level.]
[Thu Dec 18 01:08:59 2025 GMT] Anzu Kinashi: M-MAX! Y-You....for me.....
[Thu Dec 18 01:09:02 2025 GMT] Max Form (Q-Taro): \s I-I promissed ya didn't I?
[OOC][Thu Dec 18 01:09:03 2025 GMT] $: [❗] [1]   action:
[Besides Winnie (:]
[Thu Dec 18 01:09:03 2025 GMT] : [Besides Winnie (:]
[OOC][Thu Dec 18 01:09:11 2025 GMT] $: [❗] [1]   action:
[Survivor Turn.]
[Thu Dec 18 01:09:11 2025 GMT] : [Survivor Turn.]
[OOC][Thu Dec 18 01:09:11 2025 GMT] Smiles: i just aimed for the guy with less endurance lol
[Thu Dec 18 01:09:13 2025 GMT] Anzu Kinashi: . . . . .
[OOC][Thu Dec 18 01:09:17 2025 GMT] $: [❗] [1]   action:
[Max turn]
[Thu Dec 18 01:09:17 2025 GMT] : [Max turn]
[Thu Dec 18 01:09:29 2025 GMT] Anzu Kinashi: ...y-yeah. You did....
[OOC][Thu Dec 18 01:09:31 2025 GMT] $: [❗] [1]   action:
[Winnie is the only one at Medium Range from the zombies, everyone else is at Engaged Distance]
[Thu Dec 18 01:09:31 2025 GMT] : [Winnie is the only one at Medium Range from the zombies, everyone else is at Engaged Distance]
[Thu Dec 18 01:09:45 2025 GMT] Anzu Kinashi: ...t-thank you. I owe you again.
[Thu Dec 18 01:09:49 2025 GMT] : ~~~next turn zombies get 3 turns unless you lower the horde level
[Thu Dec 18 01:09:50 2025 GMT] Max Form (Q-Taro): ...
[Thu Dec 18 01:10:02 2025 GMT] Max Form (Q-Taro): ... Bastards. Ya got a Weapon I can use Annie?
[OOC][Thu Dec 18 01:10:12 2025 GMT] [GM]CW: Zombie HP is 5
[OOC][Thu Dec 18 01:10:16 2025 GMT] $: [❗] [0] Winnie action:
*Did bro lose the knife I handed him*
[Thu Dec 18 01:10:16 2025 GMT] Winnie (Chihiro): *Did bro lose the knife I handed him*
[OOC][Thu Dec 18 01:10:21 2025 GMT] $: [❗] [1]   action:
[He has the knife right now][
[Thu Dec 18 01:10:21 2025 GMT] : [He has the knife right now][
[OOC][Thu Dec 18 01:10:25 2025 GMT] $: [❗] [5] Max Form action:
[nvm then]
[Thu Dec 18 01:10:25 2025 GMT] Max Form (Q-Taro): [nvm then]
[OOC][Thu Dec 18 01:10:26 2025 GMT] $: [❗] [2] Aoi Todo action:
[fr]
[Thu Dec 18 01:10:26 2025 GMT] Aoi Todo (Todo): [fr]
[OOC][Thu Dec 18 01:10:34 2025 GMT] Geck: knife deleted from his mind
[OOC][Thu Dec 18 01:10:40 2025 GMT] $: [❗] [0] Winnie action:
*Calem with the kevlar be like*
[Thu Dec 18 01:10:40 2025 GMT] Winnie (Chihiro): *Calem with the kevlar be like*
[OOC][Thu Dec 18 01:10:46 2025 GMT] $: [❗] [5] Max Form action:
[Perk |Dependable| active]
[Thu Dec 18 01:10:46 2025 GMT] Max Form (Q-Taro): [Perk |Dependable| active]
[OOC][Thu Dec 18 01:10:56 2025 GMT] $: [❗] [5] Max Form action:
[\sStabs the horde]
[Thu Dec 18 01:10:56 2025 GMT] Max Form (Q-Taro): [\sStabs the horde]
[OOC][Thu Dec 18 01:11:07 2025 GMT] RJ: 6 FORM HELL YEAH
[Thu Dec 18 01:11:13 2025 GMT] : Combat Knife DC 7 to operate but yah know
[Thu Dec 18 01:11:15 2025 GMT] : automatic success
[OOC][Thu Dec 18 01:11:30 2025 GMT] $: [❗] [1]   action:
[You stab the shit out of the horde and dispatch 2 zombies.]
[Thu Dec 18 01:11:30 2025 GMT]  (CM 2) shouts: OBJECTION!
[Thu Dec 18 01:11:30 2025 GMT] : [You stab the shit out of the horde and dispatch 2 zombies.]
[Thu Dec 18 01:11:48 2025 GMT] : Horde downgraded to 3 HP
[Thu Dec 18 01:11:54 2025 GMT] : Level 3 horde
[OOC][Thu Dec 18 01:11:57 2025 GMT] [GM]CW: For simplicity sake
[OOC][Thu Dec 18 01:11:59 2025 GMT] [GM]CW: HP = horde level
[Thu Dec 18 01:12:04 2025 GMT]   (CM 2) has played a song: crisis and action/[CP] Unavoidable Tragedy.ogg
[OOC][Thu Dec 18 01:12:05 2025 GMT] $: [❗] [5] Max Form action:
[Using my other actions to stab that big horde again]
[Thu Dec 18 01:12:05 2025 GMT] Max Form (Q-Taro): [Using my other actions to stab that big horde again]
[Thu Dec 18 01:12:16 2025 GMT] : 2 AP cost for attack, you have 1 AP left
[OOC][Thu Dec 18 01:12:33 2025 GMT] [GM]CW: Fast Actions (1 AP) include:
Moving one range category
Switching weapons
Opening or closing a door
Taking cover

[OOC][Thu Dec 18 01:12:39 2025 GMT] [GM]CW: Etc.
[Thu Dec 18 01:13:29 2025 GMT] Max Form (Q-Taro): ... 
[Thu Dec 18 01:13:31 2025 GMT] : Turn Timer begins.
[OOC][Thu Dec 18 01:14:01 2025 GMT] $: [❗] [5] Max Form action:
[Protecting Anzu from further damage]
[Thu Dec 18 01:14:01 2025 GMT] Max Form (Q-Taro): [Protecting Anzu from further damage]
[OOC][Thu Dec 18 01:14:04 2025 GMT] $: Timer 1 has expired.
[Thu Dec 18 01:14:12 2025 GMT] : Anzu's turn
[OOC][Thu Dec 18 01:14:15 2025 GMT] $: [❗] [3] YTTD/Anzu Kinashi action:
*Okay. Are they in range of PIPE?*
[Thu Dec 18 01:14:15 2025 GMT] Anzu Kinashi: *Okay. Are they in range of PIPE?*
[OOC][Thu Dec 18 01:14:16 2025 GMT] RJ: IDK what else to do. If I close it I can't help anyone else who could be in danger
[OOC][Thu Dec 18 01:14:20 2025 GMT] $: [❗] [1]   action:
[Indeed]
[Thu Dec 18 01:14:20 2025 GMT] : [Indeed]
[OOC][Thu Dec 18 01:14:36 2025 GMT] $: [❗] [3] YTTD/Anzu Kinashi action:
*She will swing PIPE at the horde*
[Thu Dec 18 01:14:36 2025 GMT] Anzu Kinashi: *She will swing PIPE at the horde*
[OOC][Thu Dec 18 01:14:38 2025 GMT] [GM]CW: Remind me what I ruled for lead pipe
[OOC][Thu Dec 18 01:14:39 2025 GMT] [GM]CW: LOL
[Thu Dec 18 01:14:52 2025 GMT] : Roll dc 7 to operate the lead pipe
[OOC][Thu Dec 18 01:14:57 2025 GMT] Geck: Durability 4, damage 1
[OOC][Thu Dec 18 01:15:13 2025 GMT] RJ: 50/50
[Thu Dec 18 01:15:17 2025 GMT] : Form
[OOC][Thu Dec 18 01:15:24 2025 GMT] $: YTTD/Anzu Kinashi rolled 1:1+3=4 out of 6.
[OOC][Thu Dec 18 01:15:31 2025 GMT] Geck: GOTTA BE A 1
[OOC][Thu Dec 18 01:15:32 2025 GMT] Geck: GOTTA BE
[OOC][Thu Dec 18 01:15:33 2025 GMT] Smiles: girl went no
[OOC][Thu Dec 18 01:15:35 2025 GMT] $: [❗] [1]   action:
[You hit a zombie but it remains standing.]
[Thu Dec 18 01:15:35 2025 GMT] : [You hit a zombie but it remains standing.]
[Thu Dec 18 01:15:40 2025 GMT] : brugh
[OOC][Thu Dec 18 01:15:43 2025 GMT] Smiles: little baby arms
[Thu Dec 18 01:15:50 2025 GMT] Max Form (Q-Taro): T-Take cover
[Thu Dec 18 01:15:54 2025 GMT] : 1 AP left.
[Thu Dec 18 01:15:56 2025 GMT] Max Form (Q-Taro): I can take them
[OOC][Thu Dec 18 01:16:02 2025 GMT] t: peak zombie dialogue
[OOC][Thu Dec 18 01:16:04 2025 GMT] $: [❗] [3] YTTD/Anzu Kinashi action:
*Whether it's the pipe's weight or her injury, she didn't quite swing that very hard.*
[Thu Dec 18 01:16:04 2025 GMT] Anzu Kinashi: *Whether it's the pipe's weight or her injury, she didn't quite swing that very hard.*
[OOC][Thu Dec 18 01:16:09 2025 GMT] Smiles: bruhhhhhhg
[OOC][Thu Dec 18 01:16:11 2025 GMT] [GM]CW: To leave Engaged range, a Survivor must make a Form Check. On a fail, the Survivor still escapes, but the enemy gets a free attack.

[OOC][Thu Dec 18 01:16:15 2025 GMT] [GM]CW: :)
[OOC][Thu Dec 18 01:16:20 2025 GMT] $: [❗] [3] YTTD/Anzu Kinashi action:
G-Got it! |*She'll take cover in the room.*|
[Thu Dec 18 01:16:20 2025 GMT] Anzu Kinashi: G-Got it! |*She'll take cover in the room.*|
[OOC][Thu Dec 18 01:16:31 2025 GMT] $: [❗] [1]   action:
[Oh  damn.]
[Thu Dec 18 01:16:31 2025 GMT] : [Oh  damn.]
[OOC][Thu Dec 18 01:16:42 2025 GMT] $: [❗] [1]   action:
[You shoved the zombie out of your room then, do you take cover or close the door]
[Thu Dec 18 01:16:42 2025 GMT] : [You shoved the zombie out of your room then, do you take cover or close the door]
[OOC][Thu Dec 18 01:17:04 2025 GMT] [GM]CW: Aoi turn then Winnie turn next
[OOC][Thu Dec 18 01:17:05 2025 GMT] $: [❗] [3] YTTD/Anzu Kinashi action:
*Uhhhh*
[Thu Dec 18 01:17:05 2025 GMT] Anzu Kinashi: *Uhhhh*
[OOC][Thu Dec 18 01:17:12 2025 GMT] $: [❗] [3] YTTD/Anzu Kinashi action:
*SHUT LE DOOR.*
[Thu Dec 18 01:17:12 2025 GMT] Anzu Kinashi: *SHUT LE DOOR.*
[Thu Dec 18 01:17:16 2025 GMT] : Slam.
[Thu Dec 18 01:17:27 2025 GMT] : You leave engaged range with clever logic and reasoning.
[Thu Dec 18 01:17:27 2025 GMT] Max Form (Q-Taro): A-Annie! Shit- the others are still out
[Thu Dec 18 01:17:37 2025 GMT] : AOI TODO
[Thu Dec 18 01:17:40 2025 GMT] : YOUR TURN BUCKAROO
[OOC][Thu Dec 18 01:17:41 2025 GMT] RJ: GUN
[OOC][Thu Dec 18 01:17:47 2025 GMT] RJ: GUN GUN GUN GUN GUN
[OOC][Thu Dec 18 01:17:52 2025 GMT] $: [❗] [2] Aoi Todo action:
[okay so im in front of the horde correct?]
[Thu Dec 18 01:17:52 2025 GMT] Aoi Todo (Todo): [okay so im in front of the horde correct?]
[OOC][Thu Dec 18 01:17:56 2025 GMT] $: [❗] [1]   action:
[Engaged range]
[Thu Dec 18 01:17:56 2025 GMT] : [Engaged range]
[OOC][Thu Dec 18 01:17:59 2025 GMT] $: [❗] [3] YTTD/Anzu Kinashi action:
I t-trust you, Max! |*Through the door.*|
[Thu Dec 18 01:17:59 2025 GMT] Anzu Kinashi: I t-trust you, Max! |*Through the door.*|
[OOC][Thu Dec 18 01:18:04 2025 GMT] $: [❗] [1]   action:
[+3 difficulty to shooting at engaged range]
[Thu Dec 18 01:18:04 2025 GMT] : [+3 difficulty to shooting at engaged range]
[OOC][Thu Dec 18 01:18:08 2025 GMT] Smiles: how do i hide sprite on here
[OOC][Thu Dec 18 01:18:14 2025 GMT] RJ: Wait is max inside or outside the room?
[OOC][Thu Dec 18 01:18:19 2025 GMT] [GM]CW: ./blankpost @winnie
[OOC][Thu Dec 18 01:18:24 2025 GMT] [GM]CW: Max is in the hallway
[OOC][Thu Dec 18 01:18:24 2025 GMT] $: [❗] [2] Aoi Todo action:
[what if he just makes a break for it towards the door everyone else is close to?]
[Thu Dec 18 01:18:24 2025 GMT] Aoi Todo (Todo): [what if he just makes a break for it towards the door everyone else is close to?]
[OOC][Thu Dec 18 01:18:24 2025 GMT] [GM]CW: @rj
[OOC][Thu Dec 18 01:18:28 2025 GMT] Geck: I thought he was in the-
[OOC][Thu Dec 18 01:18:28 2025 GMT] RJ: Thanks
[OOC][Thu Dec 18 01:18:29 2025 GMT] Geck: yeah
[OOC][Thu Dec 18 01:18:33 2025 GMT] $: [❗] [1]   action:
[Geck is hiding in room 34
[Thu Dec 18 01:18:33 2025 GMT] : [Geck is hiding in room 34
[OOC][Thu Dec 18 01:18:34 2025 GMT] Geck: I'm the only one in the room
[OOC][Thu Dec 18 01:18:39 2025 GMT] $: [❗] [1]   action:
[Winnie is at the door to the escape
[Thu Dec 18 01:18:39 2025 GMT] : [Winnie is at the door to the escape
[OOC][Thu Dec 18 01:18:46 2025 GMT] $: [❗] [1]   action:
[Max and Todo are in engaged range with the zombies
[Thu Dec 18 01:18:46 2025 GMT] : [Max and Todo are in engaged range with the zombies
[OOC][Thu Dec 18 01:18:51 2025 GMT] $: [❗] [5] Max Form action:
Good, Stay safe in there [Ready to brawl]
[Thu Dec 18 01:18:51 2025 GMT] Max Form (Q-Taro): Good, Stay safe in there [Ready to brawl]
[OOC][Thu Dec 18 01:19:04 2025 GMT] $: [❗] [2] Aoi Todo action:
[todo will......leave out the escape door]
[Thu Dec 18 01:19:04 2025 GMT] Aoi Todo (Todo): [todo will......leave out the escape door]
[OOC][Thu Dec 18 01:19:07 2025 GMT] [GM]CW: [Since you are engaged range, you risk giving zombies free hits unless you roll form well
[Thu Dec 18 01:19:11 2025 GMT] : Roll form
[OOC][Thu Dec 18 01:19:26 2025 GMT] $: [❗] [1]   action:
[DC 6]
[Thu Dec 18 01:19:26 2025 GMT] : [DC 6]
[OOC][Thu Dec 18 01:19:35 2025 GMT] $: [❗] [2] Aoi Todo action:
[wait gimme a sec]
[Thu Dec 18 01:19:35 2025 GMT] Aoi Todo (Todo): [wait gimme a sec]
[OOC][Thu Dec 18 01:19:41 2025 GMT] $: Aoi Todo rolled 2:2+2=4 out of 6.
[OOC][Thu Dec 18 01:19:44 2025 GMT] RJ: Oof
[OOC][Thu Dec 18 01:19:47 2025 GMT] $: [❗] [2] Aoi Todo action:
[gulp]
[Thu Dec 18 01:19:47 2025 GMT] Aoi Todo (Todo): [gulp]
[OOC][Thu Dec 18 01:19:52 2025 GMT] $: [❗] [1]   action:
[You leave range but a zombie gets a nasty hit on you.]
[Thu Dec 18 01:19:52 2025 GMT] : [You leave range but a zombie gets a nasty hit on you.]
[Thu Dec 18 01:19:56 2025 GMT] : ~~~Welcome to the danger zone, Todo.
[Thu Dec 18 01:20:03 2025 GMT] Aoi Todo (Todo): AUGHHHH
[OOC][Thu Dec 18 01:20:07 2025 GMT] Smiles: damn it might be time for life of the party
[Thu Dec 18 01:20:12 2025 GMT] Winnie (Chihiro): . . .
[OOC][Thu Dec 18 01:20:18 2025 GMT] $: [❗] [1]   action:
[You make distance and are now in Medium Range from the zombie.s]
[Thu Dec 18 01:20:18 2025 GMT] : [You make distance and are now in Medium Range from the zombie.s]
[Thu Dec 18 01:20:32 2025 GMT] Max Form (Q-Taro): \s... II'll protect you from the next attack Aoi!
[OOC][Thu Dec 18 01:20:38 2025 GMT] $: [❗] [1]   action:
[Actually, Short Range if you still want to attack.]
[Thu Dec 18 01:20:38 2025 GMT] : [Actually, Short Range if you still want to attack.]
[Thu Dec 18 01:20:41 2025 GMT] : Do you?
[OOC][Thu Dec 18 01:21:01 2025 GMT] $: [❗] [2] Aoi Todo action:
[he fires his gun?]
[Thu Dec 18 01:21:01 2025 GMT] Aoi Todo (Todo): [he fires his gun?]
[Thu Dec 18 01:21:11 2025 GMT] : No longer penalized, so you dispatch a zombie.
[Thu Dec 18 01:21:19 2025 GMT] : 2 HP left on the horde. Downgraded to level 2.
[Thu Dec 18 01:21:37 2025 GMT] : They will get 2 actions next turn. Max is still in engaged range.
[Thu Dec 18 01:21:45 2025 GMT] : Winnie's turn
[OOC][Thu Dec 18 01:21:51 2025 GMT] $: [❗] [0] Winnie action:
*She panics for about a second...*
[Thu Dec 18 01:21:51 2025 GMT] Winnie (Chihiro): *She panics for about a second...*
[OOC][Thu Dec 18 01:22:26 2025 GMT] $: [❗] [0] Winnie action:
*...Then YEETS one of the snack bags and claps her hands while curling into the tornado safety position we all got taught in elementary school to take cover!*
[Thu Dec 18 01:22:26 2025 GMT] Winnie (Chihiro): *...Then YEETS one of the snack bags and claps her hands while curling into the tornado safety position we all got taught in elementary school to take cover!*
[OOC][Thu Dec 18 01:22:35 2025 GMT] [GM]CW: LOL
[OOC][Thu Dec 18 01:22:41 2025 GMT] Rey: ???
[OOC][Thu Dec 18 01:22:49 2025 GMT] Smiles: trying to draw aggro
[Thu Dec 18 01:22:50 2025 GMT] Max Form (Q-Taro): Kid this aint a tornado. It aint just gonna pass by
[OOC][Thu Dec 18 01:22:53 2025 GMT] $: [❗] [1]   action:
[She performs the biggest snack throw of her life at the zombies. Roll Form to perform your best attac.
[Thu Dec 18 01:22:53 2025 GMT] : [She performs the biggest snack throw of her life at the zombies. Roll Form to perform your best attac.
[Thu Dec 18 01:23:00 2025 GMT] : Beat a 6 lol
[Thu Dec 18 01:23:06 2025 GMT]   (CM 2) has played a song: tension/[CP] Omen.ogg
[OOC][Thu Dec 18 01:23:10 2025 GMT] Smiles: i'm not even trying to attack i just want to draw their attention
[OOC][Thu Dec 18 01:23:19 2025 GMT] RJ: 1/3 chance.
[OOC][Thu Dec 18 01:23:22 2025 GMT] Geck: killer attention span
[OOC][Thu Dec 18 01:23:23 2025 GMT] [GM]CW: Roll for the funny
[OOC][Thu Dec 18 01:23:27 2025 GMT] RJ: It hits the zombie over the head and kills it
[OOC][Thu Dec 18 01:23:36 2025 GMT] $: Winnie rolled 4:4+1=5 out of 6.
[OOC][Thu Dec 18 01:23:38 2025 GMT] [GM]CW: LOL
[OOC][Thu Dec 18 01:23:38 2025 GMT] RJ: Close
[OOC][Thu Dec 18 01:23:40 2025 GMT] Smiles: close ig
[OOC][Thu Dec 18 01:23:44 2025 GMT] Smiles: i just want the aggro
[OOC][Thu Dec 18 01:23:45 2025 GMT] $: [❗] [1]   action:
[The snack bonks a zombie on the head.]
[Thu Dec 18 01:23:45 2025 GMT] : [The snack bonks a zombie on the head.]
[OOC][Thu Dec 18 01:23:49 2025 GMT] RJ: Still draws their attention doesnt it?
[OOC][Thu Dec 18 01:23:59 2025 GMT] $: [❗] [1]   action:
[It perks up its eyebrow but ignores you. Snacks aren't very appetizing when ~MAX IS VERY IN FRONT OF THEM
[Thu Dec 18 01:23:59 2025 GMT] : [It perks up its eyebrow but ignores you. Snacks aren't very appetizing when ~MAX IS VERY IN FRONT OF THEM
[OOC][Thu Dec 18 01:24:04 2025 GMT] $: [❗] [0] Winnie action:
OVER HERE, OVER HERE! *She shouts while in this fuckass position.*
[Thu Dec 18 01:24:04 2025 GMT] Winnie (Chihiro): OVER HERE, OVER HERE! *She shouts while in this fuckass position.*
[Thu Dec 18 01:24:13 2025 GMT] : ~ZOMBIES TURN
[OOC][Thu Dec 18 01:24:22 2025 GMT] $: [❗] [5] Max Form action:
[Lifts his fits] Lets see if I still got it
[Thu Dec 18 01:24:22 2025 GMT] Max Form (Q-Taro): [Lifts his fits] Lets see if I still got it
[Thu Dec 18 01:24:23 2025 GMT] : They get 2 turns.
[Thu Dec 18 01:24:32 2025 GMT] : Grab or Attack.
[Thu Dec 18 01:24:32 2025 GMT] Max Form (Q-Taro): Have at me!
[OOC][Thu Dec 18 01:24:33 2025 GMT] $: [1]   flipped a coin and got heads.
[OOC][Thu Dec 18 01:24:34 2025 GMT] $: [1]   flipped a coin and got heads.
[OOC][Thu Dec 18 01:24:35 2025 GMT] [GM]CW: ho
[OOC][Thu Dec 18 01:24:37 2025 GMT] [GM]CW: boy
[Thu Dec 18 01:24:39 2025 GMT] Aoi Todo (Todo): THERES A TORNADO?
[OOC][Thu Dec 18 01:24:44 2025 GMT] Smiles: why do they keep attacking!!!
[Thu Dec 18 01:24:44 2025 GMT]   (CM 2) has played a song: crisis and action/[999] Tinderbox.ogg
[Thu Dec 18 01:24:46 2025 GMT] Aoi Todo (Todo): oh wait
[OOC][Thu Dec 18 01:24:51 2025 GMT] RJ: I can dodge it
[Thu Dec 18 01:24:53 2025 GMT] : Zombies roll...
[OOC][Thu Dec 18 01:24:56 2025 GMT] RJ: (I cannot)
[OOC][Thu Dec 18 01:24:59 2025 GMT] $:   rolled 3:3+2=5 out of 6.
[OOC][Thu Dec 18 01:24:59 2025 GMT] $:   rolled 5:5+2=7 out of 6.
[OOC][Thu Dec 18 01:25:04 2025 GMT] Smiles: istg
[Thu Dec 18 01:25:05 2025 GMT] : Counter with Endurance.
[OOC][Thu Dec 18 01:25:12 2025 GMT] $: Max Form rolled 3:3+5=8 out of 6.
[Thu Dec 18 01:25:20 2025 GMT] : Again.
[OOC][Thu Dec 18 01:25:26 2025 GMT] $: Max Form rolled 2:2+5=7 out of 6.
[OOC][Thu Dec 18 01:25:40 2025 GMT] $: [❗] [1]   action:
[Max punches out zombies trying to take a big bite out of him.
[Thu Dec 18 01:25:40 2025 GMT] : [Max punches out zombies trying to take a big bite out of him.
[Thu Dec 18 01:25:47 2025 GMT] : Max's turn.
[OOC][Thu Dec 18 01:25:51 2025 GMT] $: [❗] [5] Max Form action:
[Pro Boxer movements around their hands and counter]
[Thu Dec 18 01:25:51 2025 GMT] Max Form (Q-Taro): [Pro Boxer movements around their hands and counter]
[OOC][Thu Dec 18 01:25:52 2025 GMT] Smiles: bro really just went "fuck you"
[OOC][Thu Dec 18 01:25:55 2025 GMT] $: [❗] [5] Max Form action:
[Stabby stab]
[Thu Dec 18 01:25:55 2025 GMT] Max Form (Q-Taro): [Stabby stab]
[OOC][Thu Dec 18 01:26:03 2025 GMT] RJ: Auto pass
[OOC][Thu Dec 18 01:26:11 2025 GMT] $: [❗] [1]   action:
[Max dispatches 2 zombies with his 2 DMG combat knife.
[Thu Dec 18 01:26:11 2025 GMT] : [Max dispatches 2 zombies with his 2 DMG combat knife.
[Thu Dec 18 01:26:12 2025 GMT]   (CM 2) has stopped the music: 
[Thu Dec 18 01:26:15 2025 GMT] : 
[OOC][Thu Dec 18 01:26:15 2025 GMT] $: [❗] [5] Max Form action:
[Flips off the zombie]
[Thu Dec 18 01:26:15 2025 GMT] Max Form (Q-Taro): [Flips off the zombie]
[Thu Dec 18 01:26:19 2025 GMT] : 
[Thu Dec 18 01:26:25 2025 GMT] : . . . . . . . . . .
[OOC][Thu Dec 18 01:26:41 2025 GMT] RJ: Truly a 5-5 Build
[OOC][Thu Dec 18 01:26:44 2025 GMT] RJ: 6-5*
[Thu Dec 18 01:26:45 2025 GMT] : No more groaning.
[OOC][Thu Dec 18 01:26:49 2025 GMT] $: [❗] [3] YTTD/Anzu Kinashi action:
I-Is it over? |*Through the door.*|
[Thu Dec 18 01:26:49 2025 GMT] Anzu Kinashi: I-Is it over? |*Through the door.*|
[OOC][Thu Dec 18 01:26:59 2025 GMT] [GM]CW: Yall cleared out an entire horde
[OOC][Thu Dec 18 01:27:00 2025 GMT] [GM]CW: congrats
[Thu Dec 18 01:27:04 2025 GMT] Max Form (Q-Taro): Man! What a rush. Haven't been in a fight in a long while
[OOC][Thu Dec 18 01:27:12 2025 GMT] $: [❗] [0] Winnie action:
*Getting up and blushing.* I really thought that'd do something...
[Thu Dec 18 01:27:12 2025 GMT] Winnie (Chihiro): *Getting up and blushing.* I really thought that'd do something...
[Thu Dec 18 01:27:12 2025 GMT] Max Form (Q-Taro): We're good
[Thu Dec 18 01:27:18 2025 GMT] Winnie (Chihiro): I may be stupid.
[Thu Dec 18 01:27:20 2025 GMT] : Aoi feels his legs gives out and is forced on his knee.
[Thu Dec 18 01:27:31 2025 GMT]   (CM 2) has played a song: room escape and gameplay/[BoI] The Thief.ogg
[Thu Dec 18 01:27:35 2025 GMT] Aoi Todo (Todo): agh-
[Thu Dec 18 01:27:39 2025 GMT] Max Form (Q-Taro): Ya did what ya could Winnie. You did good
[OOC][Thu Dec 18 01:27:45 2025 GMT] $: [❗] [3] YTTD/Anzu Kinashi action:
*She proceeds to do what she was going to do earlier and search the dead researcher.*
[Thu Dec 18 01:27:45 2025 GMT] Anzu Kinashi: *She proceeds to do what she was going to do earlier and search the dead researcher.*
[OOC][Thu Dec 18 01:27:50 2025 GMT] $: [❗] [1]   action:
[He has a nasty scratch on his chest.]
[Thu Dec 18 01:27:50 2025 GMT] : [He has a nasty scratch on his chest.]
[OOC][Thu Dec 18 01:27:51 2025 GMT] $: [❗] [3] YTTD/Anzu Kinashi action:
*The one Max double killed*
[Thu Dec 18 01:27:51 2025 GMT] Anzu Kinashi: *The one Max double killed*
[OOC][Thu Dec 18 01:27:55 2025 GMT] $: [❗] [1]   action:
[His arm is also wounded.]
[Thu Dec 18 01:27:55 2025 GMT] : [His arm is also wounded.]
[OOC][Thu Dec 18 01:28:02 2025 GMT] $: [❗] [5] Max Form action:
[Approaching Todo, looking at his injuries for any bites]
[Thu Dec 18 01:28:02 2025 GMT] Max Form (Q-Taro): [Approaching Todo, looking at his injuries for any bites]
[Thu Dec 18 01:28:16 2025 GMT] Aoi Todo (Todo): it might be my time......
[Thu Dec 18 01:28:40 2025 GMT] Max Form (Q-Taro): Man, you've really went through it... You'll live for now
[OOC][Thu Dec 18 01:28:46 2025 GMT] $: [❗] [0] Winnie action:
*Over to Aoi.* Crap, crap-!! *Is her skirt enough cloth to wrap around his arm??? She at least has leggings on underneath it.*
[Thu Dec 18 01:28:46 2025 GMT] Winnie (Chihiro): *Over to Aoi.* Crap, crap-!! *Is her skirt enough cloth to wrap around his arm??? She at least has leggings on underneath it.*
[Thu Dec 18 01:28:51 2025 GMT] Max Form (Q-Taro): It's safe to come out Annie
[OOC][Thu Dec 18 01:29:04 2025 GMT] $: [❗] [2] Aoi Todo action:
IF I DIE STAY TRUE TO YOURSELF FRIENDS [he gives a drama act]
[Thu Dec 18 01:29:04 2025 GMT] Aoi Todo (Todo): IF I DIE STAY TRUE TO YOURSELF FRIENDS [he gives a drama act]
[Thu Dec 18 01:29:23 2025 GMT] Max Form (Q-Taro): Alright tone it down Aoi. You'll be fine.
[OOC][Thu Dec 18 01:29:26 2025 GMT] $: [❗] [3] YTTD/Anzu Kinashi action:
....t-they were human, just like us... |*You hear this for some reason through the door.*|
[Thu Dec 18 01:29:26 2025 GMT] Anzu Kinashi: ....t-they were human, just like us... |*You hear this for some reason through the door.*|
[OOC][Thu Dec 18 01:29:45 2025 GMT] $: [❗] [3] YTTD/Anzu Kinashi action:
*She takes what she found and opens the door.*
[Thu Dec 18 01:29:45 2025 GMT] Anzu Kinashi: *She takes what she found and opens the door.*
[OOC][Thu Dec 18 01:29:57 2025 GMT] $: [❗] [0] Winnie action:
*In the middle of impromptu bandaging with her skirt.* What else could they have been?
[Thu Dec 18 01:29:57 2025 GMT] Winnie (Chihiro): *In the middle of impromptu bandaging with her skirt.* What else could they have been?
[Thu Dec 18 01:30:03 2025 GMT] Aoi Todo (Todo): if only i had my todo tech!
[OOC][Thu Dec 18 01:30:07 2025 GMT] $: [❗] [3] YTTD/Anzu Kinashi action:
*...abrupt turn of the head.*
[Thu Dec 18 01:30:07 2025 GMT] Anzu Kinashi: *...abrupt turn of the head.*
[OOC][Thu Dec 18 01:30:14 2025 GMT] $: [❗] [3] YTTD/Anzu Kinashi action:
*She looks down at the floor of the room...*
[Thu Dec 18 01:30:14 2025 GMT] Anzu Kinashi: *She looks down at the floor of the room...*
[Thu Dec 18 01:30:22 2025 GMT] Anzu Kinashi: ...hey. What's this?
[OOC][Thu Dec 18 01:30:31 2025 GMT] $: [❗] [5] Max Form action:
What's what? [Turns to Anzu]
[Thu Dec 18 01:30:31 2025 GMT] Max Form (Q-Taro): What's what? [Turns to Anzu]
[OOC][Thu Dec 18 01:30:38 2025 GMT] $: [❗] [3] YTTD/Anzu Kinashi action:
*She picks up the thing that fell, and looks at it.*
[Thu Dec 18 01:30:38 2025 GMT] Anzu Kinashi: *She picks up the thing that fell, and looks at it.*
[Thu Dec 18 01:30:47 2025 GMT] Anzu Kinashi: Some kinda vial. Mostly empty, but...
[OOC][Thu Dec 18 01:30:52 2025 GMT] $: [❗] [1]   action:
[Others see it, and the label is clear: "VACCINE"]
[Thu Dec 18 01:30:52 2025 GMT] : [Others see it, and the label is clear: "VACCINE"]
[Thu Dec 18 01:31:04 2025 GMT] Anzu Kinashi: Maybe they were working on this?
[OOC][Thu Dec 18 01:31:11 2025 GMT] $: [❗] [5] Max Form action:
[Looking at it] ... Well would you look at that
[Thu Dec 18 01:31:11 2025 GMT] Max Form (Q-Taro): [Looking at it] ... Well would you look at that
[OOC][Thu Dec 18 01:31:23 2025 GMT] $: [❗] [0] Winnie action:
*I will assume my action did the thing.* Oh, so they DO have a prototype for a cure...
[Thu Dec 18 01:31:23 2025 GMT] Winnie (Chihiro): *I will assume my action did the thing.* Oh, so they DO have a prototype for a cure...
[OOC][Thu Dec 18 01:31:30 2025 GMT] [GM]CW: ya it did da thingy
[Thu Dec 18 01:31:31 2025 GMT] Aoi Todo (Todo): is that what i think it is?
[OOC][Thu Dec 18 01:31:33 2025 GMT] [GM]CW: no bleeding for tod
[Thu Dec 18 01:31:36 2025 GMT] Anzu Kinashi: U-Uh, hate to break it to you, but there's just a drop left in this.
[Thu Dec 18 01:31:44 2025 GMT] Anzu Kinashi: I d-don't think this much'll cure anyone.
[OOC][Thu Dec 18 01:31:55 2025 GMT] $: [❗] [3] YTTD/Anzu Kinashi action:
*She shows them the vial if they think she's lying.*
[Thu Dec 18 01:31:55 2025 GMT] Anzu Kinashi: *She shows them the vial if they think she's lying.*
[Thu Dec 18 01:31:59 2025 GMT] Winnie (Chihiro): Still, it's promising. Maybe the rest is somewhere in here.
[Thu Dec 18 01:32:24 2025 GMT] Max Form (Q-Taro): Maybe we should save it for some smart people who'll know how to remake it
[OOC][Thu Dec 18 01:32:44 2025 GMT] $: [❗] [1]   action:
[You're feeling chilly as a draft of wind goes through the room from the south.]
[Thu Dec 18 01:32:45 2025 GMT] : [You're feeling chilly as a draft of wind goes through the room from the south.]
[Thu Dec 18 01:32:49 2025 GMT] Winnie (Chihiro): Maybe it'll be safe to go outside now...
[Thu Dec 18 01:32:49 2025 GMT] Anzu Kinashi: ...I thought I had it....they took it away....
[Thu Dec 18 01:32:58 2025 GMT] Anzu Kinashi: ...what's 'it' and 'they'...?
[OOC][Thu Dec 18 01:33:09 2025 GMT] $: [❗] [3] YTTD/Anzu Kinashi action:
*She mutters this while looking at a note.*
[Thu Dec 18 01:33:09 2025 GMT] Anzu Kinashi: *She mutters this while looking at a note.*
[Thu Dec 18 01:33:12 2025 GMT] Max Form (Q-Taro): What're you yappin about over where?
[Thu Dec 18 01:33:23 2025 GMT] Anzu Kinashi: Something that woman had on her.
[OOC][Thu Dec 18 01:33:24 2025 GMT] Smiles: that sprite always makes me laugh
[Thu Dec 18 01:33:31 2025 GMT] Anzu Kinashi: It d-doesn't really explain much, though.
[OOC][Thu Dec 18 01:33:32 2025 GMT] Smiles: it's so fuckin goofy
[OOC][Thu Dec 18 01:33:33 2025 GMT] [GM]CW: timer for sesh en
[OOC][Thu Dec 18 01:33:39 2025 GMT] [GM]CW: end
[OOC][Thu Dec 18 01:33:40 2025 GMT] Smiles: did we hit objective
[OOC][Thu Dec 18 01:33:44 2025 GMT] [GM]CW: Yall lived
[OOC][Thu Dec 18 01:33:49 2025 GMT] RJ: Hell yeah!
[Thu Dec 18 01:33:55 2025 GMT] Max Form (Q-Taro): Lets keep that thing safe.
[OOC][Thu Dec 18 01:33:58 2025 GMT] Smiles: damn my last action was uselessly throwing a snack bag
[OOC][Thu Dec 18 01:34:08 2025 GMT] [GM]CW: If you hit a 6 it would've worked
[OOC][Thu Dec 18 01:34:08 2025 GMT] [GM]CW: LOL
[OOC][Thu Dec 18 01:34:14 2025 GMT] [GM]CW: Max was just in engaged range
[OOC][Thu Dec 18 01:34:19 2025 GMT] [GM]CW: So the zombies REALLY wanted a piece of him
[OOC][Thu Dec 18 01:34:25 2025 GMT] RJ: Winnie saved us so many problems early on
[OOC][Thu Dec 18 01:34:29 2025 GMT] $: [❗] [3] YTTD/Anzu Kinashi action:
Y-Yeah. I will. |*She looks at the corpse of the woman one more time with sadness*|
[Thu Dec 18 01:34:29 2025 GMT] Anzu Kinashi: Y-Yeah. I will. |*She looks at the corpse of the woman one more time with sadness*|
[OOC][Thu Dec 18 01:34:31 2025 GMT] $: [❗] [0] Winnie action:
*She pokes her head outside to make sure nothing else is assaulting them.*
[Thu Dec 18 01:34:31 2025 GMT] Winnie (Chihiro): *She pokes her head outside to make sure nothing else is assaulting them.*
[OOC][Thu Dec 18 01:34:37 2025 GMT] [GM]CW: That ambush detector is busted
[OOC][Thu Dec 18 01:34:38 2025 GMT] [GM]CW: LOL
[OOC][Thu Dec 18 01:34:38 2025 GMT] $: [❗] [3] YTTD/Anzu Kinashi action:
*Then closes the door for the last time.*
[Thu Dec 18 01:34:38 2025 GMT] Anzu Kinashi: *Then closes the door for the last time.*
[OOC][Thu Dec 18 01:34:45 2025 GMT] Smiles: every team needs one
[OOC][Thu Dec 18 01:34:48 2025 GMT] Smiles: the undead panic meta
[OOC][Thu Dec 18 01:34:50 2025 GMT] [GM]CW: I might nerf the skill
[OOC][Thu Dec 18 01:34:57 2025 GMT] RJ: Yeah make it have a drawback
[OOC][Thu Dec 18 01:34:57 2025 GMT] [GM]CW: It makes me unable to do any ambushes period
[OOC][Thu Dec 18 01:34:59 2025 GMT] [GM]CW: like I did on ANzu
[OOC][Thu Dec 18 01:35:08 2025 GMT] [GM]CW: Had to get smart on that one
[Thu Dec 18 01:35:08 2025 GMT] Anzu Kinashi: H-Hey, Aoi...y-you don't look that hot.
[OOC][Thu Dec 18 01:35:08 2025 GMT] [GM]CW: LOL
[OOC][Thu Dec 18 01:35:12 2025 GMT] Smiles: make winnie get hit by an ambush if she blocks it
[OOC][Thu Dec 18 01:35:19 2025 GMT] [GM]CW: oooh good idea
[OOC][Thu Dec 18 01:35:20 2025 GMT] [GM]CW: so you draw aggro
[OOC][Thu Dec 18 01:35:21 2025 GMT] $: [❗] [2] Aoi Todo action:
mama? is that you?... [he starts talking to himself as he looks at the ceiling]
[Thu Dec 18 01:35:21 2025 GMT] Aoi Todo (Todo): mama? is that you?... [he starts talking to himself as he looks at the ceiling]
[OOC][Thu Dec 18 01:35:46 2025 GMT] $: [❗] [0] Winnie action:
*Since I assume danger sense isn't going off, she goes outside to the wind.*
[Thu Dec 18 01:35:46 2025 GMT] Winnie (Chihiro): *Since I assume danger sense isn't going off, she goes outside to the wind.*
[OOC][Thu Dec 18 01:35:47 2025 GMT] $: [❗] [3] YTTD/Anzu Kinashi action:
A-Ah...! P-Please, stay with me! |*She rushes over to him.*|
[Thu Dec 18 01:35:47 2025 GMT] Anzu Kinashi: A-Ah...! P-Please, stay with me! |*She rushes over to him.*|
[Thu Dec 18 01:35:50 2025 GMT] Max Form (Q-Taro): Alright lets look for some bandages. We're in a hospital aren't we?
[Thu Dec 18 01:35:56 2025 GMT] Anzu Kinashi: What can I...what can...ah....
[OOC][Thu Dec 18 01:35:58 2025 GMT] $: [❗] [1]   action:
[Winnie gets assaulted by an absurdly bad smell of fire as she goes into the wind.]
[Thu Dec 18 01:35:58 2025 GMT] : [Winnie gets assaulted by an absurdly bad smell of fire as she goes into the wind.]
[Thu Dec 18 01:36:09 2025 GMT] Aoi Todo (Todo): its your son Aoi...is it my time yet?
[OOC][Thu Dec 18 01:36:14 2025 GMT] $: [❗] [5] Max Form action:
[Checking room 70]
[Thu Dec 18 01:36:14 2025 GMT] Max Form (Q-Taro): [Checking room 70]
[OOC][Thu Dec 18 01:36:15 2025 GMT] $: [❗] [0] Winnie action:
*AND INSTANTLY STEPS THE HELL BACK.*
[Thu Dec 18 01:36:15 2025 GMT] Winnie (Chihiro): *AND INSTANTLY STEPS THE HELL BACK.*
[Thu Dec 18 01:36:27 2025 GMT] : Nothing in room 70... Besides lots of rotting blood.
[Thu Dec 18 01:36:29 2025 GMT] Anzu Kinashi: ...o-oh, that's right! Aoi, here's a good one from your, uh...y-your mom, yeah!
[Thu Dec 18 01:36:31 2025 GMT] Winnie (Chihiro): Something's on fire out here!
[Thu Dec 18 01:36:37 2025 GMT] : There's footprints where the shamblers attackedf you at the start.
[OOC][Thu Dec 18 01:36:37 2025 GMT] $: [❗] [5] Max Form action:
[71?]
[Thu Dec 18 01:36:37 2025 GMT] Max Form (Q-Taro): [71?]
[Thu Dec 18 01:37:01 2025 GMT] : I'll make it quick, the rest of the rooms are either empty, unoccupied, or zombie residences you already cleared out by drawing them out]
[OOC][Thu Dec 18 01:37:05 2025 GMT] Smiles: winnie: useless in combat, but also breaks all the ambushes
[Thu Dec 18 01:37:09 2025 GMT] : No signs of cures or useful items.
[Thu Dec 18 01:37:13 2025 GMT] Anzu Kinashi: W-What do you call...a lion with...bad breath?
[OOC][Thu Dec 18 01:37:25 2025 GMT] [GM]CW: Support character
[OOC][Thu Dec 18 01:37:31 2025 GMT] RJ: Wow we have every class Rn
[OOC][Thu Dec 18 01:37:32 2025 GMT] $: [❗] [0] Winnie action:
*Didn't we stop his bleeding though?*
[Thu Dec 18 01:37:32 2025 GMT] Winnie (Chihiro): *Didn't we stop his bleeding though?*
[OOC][Thu Dec 18 01:37:41 2025 GMT] $: [❗] [2] Aoi Todo action:
uh....im not sure- is that you mom? [he is still out of it]
[Thu Dec 18 01:37:41 2025 GMT] Aoi Todo (Todo): uh....im not sure- is that you mom? [he is still out of it]
[OOC][Thu Dec 18 01:37:43 2025 GMT] RJ: DPS, Healer, Support, and Tactition
[OOC][Thu Dec 18 01:37:47 2025 GMT] Smiles: i tapped into the pepper energy
[OOC][Thu Dec 18 01:37:55 2025 GMT] [GM]CW: You guys did stop his bleeding
[OOC][Thu Dec 18 01:37:56 2025 GMT] [GM]CW: LMAO
[Thu Dec 18 01:38:03 2025 GMT] Anzu Kinashi: "Wrrrrroar, you stink!"
[OOC][Thu Dec 18 01:38:08 2025 GMT] $: [❗] [3] YTTD/Anzu Kinashi action:
*Life of the Party.*
[Thu Dec 18 01:38:08 2025 GMT] Anzu Kinashi: *Life of the Party.*
[Thu Dec 18 01:38:10 2025 GMT]   (CM 2) has played a song: room escape and gameplay/[RE7] Save Theme.ogg
[OOC][Thu Dec 18 01:38:17 2025 GMT] [GM]CW: coinflip
[OOC][Thu Dec 18 01:38:21 2025 GMT] $: [3] YTTD/Anzu Kinashi flipped a coin and got tails.
[OOC][Thu Dec 18 01:38:24 2025 GMT] [GM]CW: LOL
[OOC][Thu Dec 18 01:38:26 2025 GMT] [GM]CW: Coinflip again
[OOC][Thu Dec 18 01:38:27 2025 GMT] Smiles: oh no
[OOC][Thu Dec 18 01:38:30 2025 GMT] $: [3] YTTD/Anzu Kinashi flipped a coin and got heads.
[OOC][Thu Dec 18 01:38:32 2025 GMT] RJ: Okay
[OOC][Thu Dec 18 01:38:35 2025 GMT] Smiles: welp at least she coped
[OOC][Thu Dec 18 01:38:43 2025 GMT] RJ: Can she try again?
[Thu Dec 18 01:38:44 2025 GMT] : No effect.
[OOC][Thu Dec 18 01:38:48 2025 GMT] [GM]CW: No
[Thu Dec 18 01:38:50 2025 GMT] Anzu Kinashi: H-Heheh...get it? Lion, roar...
[OOC][Thu Dec 18 01:38:53 2025 GMT] RJ: Sadge
[OOC][Thu Dec 18 01:38:53 2025 GMT] [GM]CW: Not this session
[OOC][Thu Dec 18 01:38:55 2025 GMT] [GM]CW: `:^)`
[OOC][Thu Dec 18 01:38:58 2025 GMT] [GM]CW: Ehh wait
[Thu Dec 18 01:38:59 2025 GMT] Winnie (Chihiro): ...I think he'll be fine...
[OOC][Thu Dec 18 01:39:00 2025 GMT] [GM]CW: let me read the perk
[Thu Dec 18 01:39:04 2025 GMT] Anzu Kinashi: ...w-well, maybe I'll think of a better one later...
[OOC][Thu Dec 18 01:39:07 2025 GMT] [GM]CW: NVM
[OOC][Thu Dec 18 01:39:08 2025 GMT] [GM]CW: SHE CAN TRY AGAIN
[OOC][Thu Dec 18 01:39:10 2025 GMT] $: [❗] [2] Aoi Todo action:
[he doesnt laugh] my time might be soon-
[Thu Dec 18 01:39:10 2025 GMT] Aoi Todo (Todo): [he doesnt laugh] my time might be soon-
[OOC][Thu Dec 18 01:39:11 2025 GMT] [GM]CW: AS MANY TIMES AS SHE WANTS
[OOC][Thu Dec 18 01:39:13 2025 GMT] [GM]CW: LOL
[Thu Dec 18 01:39:13 2025 GMT] Winnie (Chihiro): He's not bleeding out...
[OOC][Thu Dec 18 01:39:19 2025 GMT] RJ: Nothing says there's a cooldown. Just if it mega fails it's gone forever
[OOC][Thu Dec 18 01:39:22 2025 GMT] [GM]CW: Yah
[OOC][Thu Dec 18 01:39:24 2025 GMT] [GM]CW: No cooldown
[Thu Dec 18 01:39:31 2025 GMT] Max Form (Q-Taro): What's the joke? Wroar? Wow?
[OOC][Thu Dec 18 01:39:32 2025 GMT] Geck: I could buuuuut
[OOC][Thu Dec 18 01:39:38 2025 GMT] Geck: she needs time to come up with new material
[OOC][Thu Dec 18 01:39:48 2025 GMT] Smiles: she can try again next time these idiots get together
[OOC][Thu Dec 18 01:39:48 2025 GMT] $: [❗] [2] Aoi Todo action:
does anyone have any junk i can use for my todo takeover? [he snaps back into reality]
[Thu Dec 18 01:39:48 2025 GMT] Aoi Todo (Todo): does anyone have any junk i can use for my todo takeover? [he snaps back into reality]
[OOC][Thu Dec 18 01:40:01 2025 GMT] $: [❗] [3] YTTD/Anzu Kinashi action:
*She at least supports his shoulders. He may be a bit weird and loud but she doesn't hate him.*
[Thu Dec 18 01:40:01 2025 GMT] Anzu Kinashi: *She at least supports his shoulders. He may be a bit weird and loud but she doesn't hate him.*
[OOC][Thu Dec 18 01:40:11 2025 GMT] [GM]CW: Geck breakin da RP rules noooo
[OOC][Thu Dec 18 01:40:15 2025 GMT] $: [❗] [5] Max Form action:
Eh whatever [/spicks up Todo] We'll find you more stuff. Just keep your gun up and cover me  if we get ambushed
[Thu Dec 18 01:40:15 2025 GMT] Max Form (Q-Taro): Eh whatever [/spicks up Todo] We'll find you more stuff. Just keep your gun up and cover me  if we get ambushed
[OOC][Thu Dec 18 01:40:27 2025 GMT] [GM]CW: (you guys can react to any "thought revealing" actions/thought bubbles as if they were muttered by the character etc.)
[OOC][Thu Dec 18 01:40:40 2025 GMT] $: [❗] [2] Aoi Todo action:
[he is picked up] AYE SIR
[Thu Dec 18 01:40:40 2025 GMT] Aoi Todo (Todo): [he is picked up] AYE SIR
[OOC][Thu Dec 18 01:40:41 2025 GMT] $: [❗] [0] Winnie action:
*Given she has NO intent on dealing with the outside world being on fire right now, she joins the "trying to get Todo up" gang.*
[Thu Dec 18 01:40:41 2025 GMT] Winnie (Chihiro): *Given she has NO intent on dealing with the outside world being on fire right now, she joins the "trying to get Todo up" gang.*
[Thu Dec 18 01:40:50 2025 GMT] Anzu Kinashi: U-Uh, Max? I probably wouldn't still be here if not for you.
[OOC][Thu Dec 18 01:40:51 2025 GMT] [GM]CW: Winnie joining the RP rules breakage NOOOOO
[Thu Dec 18 01:40:58 2025 GMT] Anzu Kinashi: I j-just wish I could do more.
[OOC][Thu Dec 18 01:41:00 2025 GMT] Smiles: she talks to herself all the time
[OOC][Thu Dec 18 01:41:03 2025 GMT] [GM]CW: True
[OOC][Thu Dec 18 01:41:04 2025 GMT] Smiles: she just like me fr
[OOC][Thu Dec 18 01:41:05 2025 GMT] [GM]CW: !!!
[OOC][Thu Dec 18 01:41:17 2025 GMT] $: [❗] [1]   action:
[Winnie muttering to herself "not dealing with this..." picks Todo up alongside everyone else]
[Thu Dec 18 01:41:17 2025 GMT] : [Winnie muttering to herself "not dealing with this..." picks Todo up alongside everyone else]
[Thu Dec 18 01:41:24 2025 GMT] Max Form (Q-Taro): Nah don't worry about it Annie. Just keep yourself safe. That Pipe could be useful later.
[OOC][Thu Dec 18 01:41:25 2025 GMT] Smiles: i legit mutter my intentions to myself irl
[OOC][Thu Dec 18 01:41:28 2025 GMT] $: [❗] [1]   action:
[The gang is all together, alive but beaten.]
[Thu Dec 18 01:41:28 2025 GMT] : [The gang is all together, alive but beaten.]
[OOC][Thu Dec 18 01:41:30 2025 GMT] [GM]CW: Works for me
[OOC][Thu Dec 18 01:41:38 2025 GMT] [GM]CW: Just making it clear yall can react to thoughts
[OOC][Thu Dec 18 01:41:42 2025 GMT] [GM]CW: no thought bubbles in this house
[Thu Dec 18 01:41:55 2025 GMT] Winnie (Chihiro): I wish I could be more useful... All I did was hand you a weapon and throw a bag like a pathetic baby...
[Thu Dec 18 01:41:57 2025 GMT] Anzu Kinashi: Y-You keep calling me Annie. B-But...I don't DISlike it. In fact...
[Thu Dec 18 01:42:10 2025 GMT] Anzu Kinashi: People at the circus used to call me that too. Ringmaster did all the time.
[Thu Dec 18 01:42:14 2025 GMT] Winnie (Chihiro): Anzie.
[Thu Dec 18 01:42:16 2025 GMT] Anzu Kinashi: You kinda remind me of him a lil.
[OOC][Thu Dec 18 01:42:21 2025 GMT] [GM]CW: Oh yah
[Thu Dec 18 01:42:21 2025 GMT] Aoi Todo (Todo): thank you friends....I truly have.........THE BESTEST FRIENDS OF THE WORLD!
[OOC][Thu Dec 18 01:42:23 2025 GMT] [GM]CW: Help me come up with Max wound
[Thu Dec 18 01:42:27 2025 GMT] Max Form (Q-Taro): Hah, funny, you remind me of a classmate of mine.
[Thu Dec 18 01:42:51 2025 GMT] Max Form (Q-Taro): and Winnie, you saved us from like- 2 or 3 ambushes back there
[Thu Dec 18 01:42:59 2025 GMT] Anzu Kinashi: D-Do I? Eh...s-she's probably prettier than me though.
[Thu Dec 18 01:43:03 2025 GMT] Max Form (Q-Taro): Your eyes and ears are one of our best assets
[Thu Dec 18 01:43:08 2025 GMT] Anzu Kinashi: And more athletic...muscly....smarter....
[Thu Dec 18 01:43:15 2025 GMT] Winnie (Chihiro): I'm not sure how I sense that... I'm just... always on edge.
[Thu Dec 18 01:43:27 2025 GMT] Max Form (Q-Taro): Why are you comparing yourself to people you don't even know?
[Thu Dec 18 01:43:33 2025 GMT] Anzu Kinashi: ...n-never mind me! Gotta think positive.
[Thu Dec 18 01:43:41 2025 GMT] Winnie (Chihiro): I can't seem to ever not be an anxious wreck. It feels like I'm going to get hurt if I let my guard down ever.
[Thu Dec 18 01:43:54 2025 GMT] Max Form (Q-Taro): Well being an Anxious wreck helped us didnt it?
[Thu Dec 18 01:44:00 2025 GMT] Winnie (Chihiro): Maybe that's useful now, instead of just contant torment.
[OOC][Thu Dec 18 01:44:12 2025 GMT] $: [❗] [3] YTTD/Anzu Kinashi action:
*She slumps near Todo to better keep track of him.*
[Thu Dec 18 01:44:12 2025 GMT] Anzu Kinashi: *She slumps near Todo to better keep track of him.*
[OOC][Thu Dec 18 01:44:15 2025 GMT] RJ: A bite on his leg he just hid the entire time- JOKING. A bruise to the sholder from the force of a zombie attack?
[OOC][Thu Dec 18 01:44:22 2025 GMT] [GM]CW: Sure
[OOC][Thu Dec 18 01:44:44 2025 GMT] [GM]CW: Boom
[Thu Dec 18 01:44:45 2025 GMT] Anzu Kinashi: W-Well...I guess it's true what they say about boys and girls.
[Thu Dec 18 01:44:49 2025 GMT] Winnie (Chihiro): We'll find a bandage somewhere in here. A bandage that's better than just my skirt.
[Thu Dec 18 01:44:52 2025 GMT] Aoi Todo (Todo): if we stay together.....we might just be okay
[Thu Dec 18 01:45:05 2025 GMT] Max Form (Q-Taro): Alright everyone, No idea what the hell is awaiting us out there, but we're surviving this shit together
[Thu Dec 18 01:45:10 2025 GMT] Max Form (Q-Taro): wait what do they say?
[Thu Dec 18 01:45:21 2025 GMT] Anzu Kinashi: B-But hey, you're two of the strongest guys I've met! No jokes!
[Thu Dec 18 01:45:28 2025 GMT] Winnie (Chihiro): And maybe we'll get out of here. And maybe I'll see Mama and Papa again.
[OOC][Thu Dec 18 01:45:29 2025 GMT] [GM]CW: LOL
[Thu Dec 18 01:45:44 2025 GMT] Anzu Kinashi: I'd still love to know how we got here...
[Thu Dec 18 01:45:53 2025 GMT] Winnie (Chihiro): Wherever they are.
[Thu Dec 18 01:45:59 2025 GMT] Winnie (Chihiro): Wherever I am...
[OOC][Thu Dec 18 01:46:06 2025 GMT] $: [❗] [3] YTTD/Anzu Kinashi action:
[...maybe that woman would've been able to tell us. If she was...still alive.]
[Thu Dec 18 01:46:06 2025 GMT] Anzu Kinashi: [...maybe that woman would've been able to tell us. If she was...still alive.]
[Thu Dec 18 01:46:11 2025 GMT] : }}}[W0] {{{The place where you ripped your skitrt you notice something.
[OOC][Thu Dec 18 01:46:14 2025 GMT] $: [❗] [3] YTTD/Anzu Kinashi action:
*She mutters this.*
[Thu Dec 18 01:46:14 2025 GMT] Anzu Kinashi: *She mutters this.*
[Thu Dec 18 01:46:16 2025 GMT] : }}}[W0] {{{An injection mark.
[Thu Dec 18 01:46:22 2025 GMT] Winnie (Chihiro): . . .
[Thu Dec 18 01:46:23 2025 GMT] Max Form (Q-Taro): Maybe, maybe.
[OOC][Thu Dec 18 01:46:32 2025 GMT] $: [❗] [0] Winnie action:
*She looks around where her skirt ripped.*
[Thu Dec 18 01:46:32 2025 GMT] Winnie (Chihiro): *She looks around where her skirt ripped.*
[Thu Dec 18 01:46:42 2025 GMT] Winnie (Chihiro): Did one of you have a needle at some point?
[Thu Dec 18 01:46:46 2025 GMT]   (CM 2) has stopped the music: 
[Thu Dec 18 01:46:54 2025 GMT] Anzu Kinashi: M-My home is the circus. My parents, they, uh...d-didn't appreciate my career choice.
[Thu Dec 18 01:47:02 2025 GMT] Anzu Kinashi: REALLY didn't....
[Thu Dec 18 01:47:06 2025 GMT] Winnie (Chihiro): I've got an injection mark here?
[OOC][Thu Dec 18 01:47:06 2025 GMT] t: im sorry.
[OOC][Thu Dec 18 01:47:09 2025 GMT] $: [❗] [3] YTTD/Anzu Kinashi action:
*She looks down at the floor.*
[Thu Dec 18 01:47:09 2025 GMT] Anzu Kinashi: *She looks down at the floor.*
[Thu Dec 18 01:47:11 2025 GMT] Max Form (Q-Taro): ... Huh?
[Thu Dec 18 01:47:12 2025 GMT] Aoi Todo (Todo): nope i dont do needles!
[OOC][Thu Dec 18 01:47:12 2025 GMT] t: that u couldn't...have me...
[Thu Dec 18 01:47:17 2025 GMT] Anzu Kinashi: A...what mark?
[OOC][Thu Dec 18 01:47:24 2025 GMT] $: [❗] [0] Winnie action:
*Pointing at where her skirt ripped.*
[Thu Dec 18 01:47:24 2025 GMT] Winnie (Chihiro): *Pointing at where her skirt ripped.*
[Thu Dec 18 01:47:31 2025 GMT] Max Form (Q-Taro): W-wait- Annie, is the syringe used?
[OOC][Thu Dec 18 01:47:38 2025 GMT] $: [❗] [3] YTTD/Anzu Kinashi action:
*She looks at it...*
[Thu Dec 18 01:47:38 2025 GMT] Anzu Kinashi: *She looks at it...*
[OOC][Thu Dec 18 01:47:48 2025 GMT] RJ: IDK if it's even a syringe
[Thu Dec 18 01:47:51 2025 GMT] Anzu Kinashi: ...w-what syringe? I dunno what you're talking about.
[OOC][Thu Dec 18 01:47:51 2025 GMT] RJ: Guessing
[OOC][Thu Dec 18 01:47:57 2025 GMT] [GM]CW: No syringe
[Thu Dec 18 01:48:11 2025 GMT] Anzu Kinashi: B-but it looks like she got injected with...something...
[Thu Dec 18 01:48:17 2025 GMT] Winnie (Chihiro): ...Maybe that explains how I got here...
[Thu Dec 18 01:48:17 2025 GMT] Max Form (Q-Taro): ah wait. I thought... Nevermind
[OOC][Thu Dec 18 01:48:20 2025 GMT] $: [❗] [3] YTTD/Anzu Kinashi action:
*...she starts checking herself...*
[Thu Dec 18 01:48:20 2025 GMT] Anzu Kinashi: *...she starts checking herself...*
[OOC][Thu Dec 18 01:48:24 2025 GMT] $: Timer 0 has expired.
[Thu Dec 18 01:48:38 2025 GMT]   (CM 2) has played a song: ending and credits/[LS] Survival.ogg
[Thu Dec 18 01:48:38 2025 GMT] Max Form (Q-Taro): Well, whatever it is, we'll figure it out.
[Thu Dec 18 01:48:46 2025 GMT] Anzu Kinashi: . . . . .
[OOC][Thu Dec 18 01:48:52 2025 GMT] $: This area is now muted.
[Thu Dec 18 01:48:53 2025 GMT] : 
[OOC][Thu Dec 18 01:48:57 2025 GMT] RJ: IDK how to namedrop this game lol
[OOC][Thu Dec 18 01:48:57 2025 GMT] $: Locked pos into outlook.
[Thu Dec 18 01:49:01 2025 GMT] : 
[OOC][Thu Dec 18 01:49:04 2025 GMT] [GM]CW: damn it
[OOC][Thu Dec 18 01:49:05 2025 GMT] RJ: Can't come up with a clever way to say it
[OOC][Thu Dec 18 01:49:08 2025 GMT] Geck: That's right
[OOC][Thu Dec 18 01:49:09 2025 GMT] $: Locked pos into overlook.
[OOC][Thu Dec 18 01:49:12 2025 GMT] Geck: Anzu is the antichrist
[Thu Dec 18 01:49:13 2025 GMT] : 
[OOC][Thu Dec 18 01:49:14 2025 GMT] Rey: alive relaxation
[Thu Dec 18 01:49:28 2025 GMT] : 
[Thu Dec 18 01:49:33 2025 GMT] : ~>END
[OOC][Thu Dec 18 01:49:38 2025 GMT] RJ: HELL YEAH
[OOC][Thu Dec 18 01:49:38 2025 GMT] $: This area is no longer muted.
[OOC][Thu Dec 18 01:49:40 2025 GMT] Smiles: damn cool ending scene
[OOC][Thu Dec 18 01:49:42 2025 GMT] Geck: winniw saw a mark but Anzu saw a pentagram on her
[OOC][Thu Dec 18 01:49:44 2025 GMT] [GM]CW: Yah this is what was outside
[OOC][Thu Dec 18 01:49:48 2025 GMT] Geck: I'm the devil
[OOC][Thu Dec 18 01:49:54 2025 GMT] Smiles: loading screen ahh
[Thu Dec 18 01:49:55 2025 GMT] : good job on surviving with no deaths
[Thu Dec 18 01:49:58 2025 GMT] RJ (Q-Taro): HELL YEAH!
[Thu Dec 18 01:50:06 2025 GMT] : This overlook is where the windy door was leading, you were high up
[Thu Dec 18 01:50:10 2025 GMT] Winnie (Chihiro): we did better on the death count than run 1
[Thu Dec 18 01:50:16 2025 GMT] Aoi Todo (Todo): WILL TODO BE ABLE TO MAKE A ROCKET LAUNCHER AND PATCH HIMSELF UP? FIND OUT NEXT TIME
[Thu Dec 18 01:50:22 2025 GMT] : PERHAPS!!!
[Thu Dec 18 01:50:28 2025 GMT] Anzu Kinashi: Watch as I kill you all next session. Stay tuned.
[Thu Dec 18 01:50:37 2025 GMT] : Btw for returning sessions I dunno about wounds but I might let you just full heal
[Thu Dec 18 01:50:42 2025 GMT] Winnie (Chihiro): now i have two character groups to be invested in
[OOC][Thu Dec 18 01:50:49 2025 GMT] $: [❗] [2] Aoi Todo action:
[HE GULPS SUUUUPER LOUDLY]
[Thu Dec 18 01:50:49 2025 GMT] Aoi Todo (Todo): [HE GULPS SUUUUPER LOUDLY]
[Thu Dec 18 01:50:50 2025 GMT] : Any wounds at Danger territory become scars probably
[Thu Dec 18 01:50:54 2025 GMT] : we'll c
[Thu Dec 18 01:50:56 2025 GMT] RJ (Q-Taro): Man, Paranoia and Autophobia went unused.
[Thu Dec 18 01:51:02 2025 GMT] Winnie (Chihiro): winnie dodging all the damage by being baby
[Thu Dec 18 01:51:10 2025 GMT] RJ (Q-Taro): At least I didn't have to use alychiphobia
[Thu Dec 18 01:51:11 2025 GMT] : I mean hey RJ good for you
[Thu Dec 18 01:51:15 2025 GMT] : :)
[Thu Dec 18 01:51:18 2025 GMT] Winnie (Chihiro): i tried and failed to aggro
[Thu Dec 18 01:51:22 2025 GMT] Anzu Kinashi: Max will wish he had just let Anzu die...
[Thu Dec 18 01:51:30 2025 GMT] Anzu Kinashi: he has no idea what fate has in store for him
[Thu Dec 18 01:51:42 2025 GMT] : I love how Geck had that another opportunity to do his perk
[Thu Dec 18 01:51:46 2025 GMT] : and backed out last second
[Thu Dec 18 01:51:47 2025 GMT] Winnie (Chihiro): she's going to tell him SUCH a shitty joke he has an aneurysm
[Thu Dec 18 01:51:47 2025 GMT] : LMFAO
[Thu Dec 18 01:51:51 2025 GMT]   (CM 2) has stopped the music: 
[Thu Dec 18 01:51:54 2025 GMT] Anzu Kinashi: HEY IT TAKES TIME TO MAKE COMEDY
[Thu Dec 18 01:51:59 2025 GMT]   (CM 2) has played a song: realisation and logic/[CC] Visible Essence.ogg
[Thu Dec 18 01:52:05 2025 GMT] : This was fun to host
[Thu Dec 18 01:52:08 2025 GMT] : A lot more chill than run 1
[Thu Dec 18 01:52:10 2025 GMT] Winnie (Chihiro): vicky is vindicated
[Thu Dec 18 01:52:15 2025 GMT] Winnie (Chihiro): in knowing that her perk kicks ass
[Thu Dec 18 01:52:24 2025 GMT] Anzu Kinashi: chill? I expected to die every minute
[Thu Dec 18 01:52:27 2025 GMT] : :)
[Thu Dec 18 01:52:28 2025 GMT] Aoi Todo (Todo): it was fun to emerge from under the bed
[Thu Dec 18 01:52:30 2025 GMT] Anzu Kinashi: as I meant to
[Thu Dec 18 01:52:36 2025 GMT] : YOU WERE VERY CLOSE
[Thu Dec 18 01:52:41 2025 GMT] : That door strat with the room saved your ass big time
[Thu Dec 18 01:52:44 2025 GMT] Aoi Todo (Todo): cya guys im gonna do some work now
[Thu Dec 18 01:52:47 2025 GMT] : cyaa
[Thu Dec 18 01:52:51 2025 GMT] Aoi Todo (Todo): TODO TIMEOUT
[Thu Dec 18 01:52:51 2025 GMT] : plz feedback in #rp-discussion
[Thu Dec 18 01:52:52 2025 GMT] Anzu Kinashi: I legit shouldn't have survived this session
[OOC][Thu Dec 18 01:52:55 2025 GMT] $: [2] Aoi Todo has disconnected.
[Thu Dec 18 01:53:02 2025 GMT] Anzu Kinashi: Now that I have the antichrist shall destroy you all
[Thu Dec 18 01:53:04 2025 GMT] : Max clutch
[Thu Dec 18 01:53:05 2025 GMT] Winnie (Chihiro): getting to jam that fridge felt so cool for some reason
[Thu Dec 18 01:53:18 2025 GMT] : The fridge is where most of the zombies came from you didn't find
[Thu Dec 18 01:53:24 2025 GMT] Winnie (Chihiro): go girl don't stay in the kitchen get tf outta there
[Thu Dec 18 01:53:24 2025 GMT] : I had a freezer area unused
[OOC][Thu Dec 18 01:54:00 2025 GMT] $: [❗] [5] RJ action:
If I let anzu die -1 to |all| stats
[Thu Dec 18 01:54:00 2025 GMT] RJ (Q-Taro): If I let anzu die -1 to |all| stats
[Thu Dec 18 01:54:14 2025 GMT] Winnie (Chihiro): bro is doing the gamer move saving her
[Thu Dec 18 01:54:16 2025 GMT] RJ (Q-Taro): Except Form
[Thu Dec 18 01:54:19 2025 GMT] : Max is extremely interesting cuz he's a reverse snowball character
[Thu Dec 18 01:54:20 2025 GMT] Anzu Kinashi: Oh my curse is greater than that
[Thu Dec 18 01:54:25 2025 GMT] Anzu Kinashi: You will see
[Thu Dec 18 01:54:29 2025 GMT] : Max is strong but the moment he fucks up
[Thu Dec 18 01:54:31 2025 GMT] : and he almost DID
[Thu Dec 18 01:54:34 2025 GMT] : CUZ TODO ALMOST DIED
[Thu Dec 18 01:54:39 2025 GMT] : He gets mega nerfed
[Thu Dec 18 01:54:51 2025 GMT] : Btw the fuckin atychiphobia stacks.
[Thu Dec 18 01:54:55 2025 GMT] : You get -1 every time someone dies
[Thu Dec 18 01:54:58 2025 GMT] : That's crazy LMAO
[Thu Dec 18 01:55:05 2025 GMT] RJ (Q-Taro): I intend perminently
[Thu Dec 18 01:55:11 2025 GMT] Winnie (Chihiro): winnie being kinda pathetic in active gameplay but being a walking crutch character by stopping all the ambushes
[Thu Dec 18 01:55:56 2025 GMT] Anzu Kinashi: When I was originally gonna play Anzu as a scared clown girl but now you've given me ideas to torment and break everyone
[OOC][Thu Dec 18 01:57:48 2025 GMT] $: [3] YTTD/Anzu Kinashi has disconnected.
[Thu Dec 18 01:58:08 2025 GMT] : Cya in rp-discussion
[Thu Dec 18 01:58:18 2025 GMT] Winnie (Chihiro): explodes and dies